fide_id,list_month,standard,rapid,blitz,inactive
260290,2026-07,1676,1673,1627,1
1631454,2026-07,2003,1981,1980,
1631608,2026-07,2073,,,1
3238024,2026-07,1818,1821,,1
3244571,2026-07,1848,,1890,
3403955,2026-07,2442,,,1
3403963,2026-07,2170,,2144,
5800781,2026-07,2052,,2022,
6015476,2026-07,1578,1696,1562,
8600015,2026-07,2461,2397,2361,1
8600023,2026-07,2488,,,1
8600031,2026-07,2439,2511,,
8600040,2026-07,2585,,,1
8600058,2026-07,2341,,,
8600066,2026-07,2451,2476,,1
8600074,2026-07,2372,,,1
8600082,2026-07,2435,,,1
8600090,2026-07,2378,,,1
8600139,2026-07,2480,,,1
8600147,2026-07,2574,,,
8600155,2026-07,2410,,,1
8600163,2026-07,2394,,,1
8600171,2026-07,2174,2075,2084,
8600180,2026-07,2287,,,1
8600198,2026-07,2361,,,1
8600201,2026-07,2330,2338,2281,
8600210,2026-07,2330,,,1
8600228,2026-07,2300,,,1
8600236,2026-07,2285,,,1
8600244,2026-07,2248,,,1
8600252,2026-07,2271,,,1
8600260,2026-07,2386,,,1
8600279,2026-07,2109,2027,,
8600287,2026-07,2238,,,
8600295,2026-07,2250,,,1
8600309,2026-07,2157,,,1
8600317,2026-07,2285,,,1
8600333,2026-07,2292,,,1
8600341,2026-07,2197,,,1
8600350,2026-07,2466,,,
8600368,2026-07,2210,,,1
8600376,2026-07,2248,,,
8600384,2026-07,2243,,,1
8600392,2026-07,2175,,,
8600406,2026-07,2378,2390,,
8600414,2026-07,2164,,,
8600422,2026-07,2188,,,
8600430,2026-07,2484,,,
8600449,2026-07,2093,,,
8600457,2026-07,2077,,,
8600465,2026-07,2047,,,
8600473,2026-07,2093,,,
8600481,2026-07,2055,,,
8600490,2026-07,2429,,,1
8600511,2026-07,2591,,,1
8600520,2026-07,2273,,,
8600538,2026-07,2122,,,
8600554,2026-07,2063,,,
8600562,2026-07,2200,,2186,
8600570,2026-07,2205,,,
8600589,2026-07,2076,,,1
8600600,2026-07,2185,,,1
8600619,2026-07,2381,,,1
8600627,2026-07,2359,,,1
8600635,2026-07,2465,,,
8600643,2026-07,2289,2328,2263,
8600651,2026-07,1904,,,1
8600660,2026-07,2476,,2502,1
8600678,2026-07,2390,2538,2517,
8600686,2026-07,2316,,,1
8600694,2026-07,2561,2469,2478,1
8600708,2026-07,2340,,,1
8600716,2026-07,2338,,,1
8600724,2026-07,2102,,,
8600732,2026-07,2078,,,
8600740,2026-07,2191,,,
8600759,2026-07,2204,,,
8600767,2026-07,2373,,2288,1
8600775,2026-07,2319,,,1
8600783,2026-07,2583,,,1
8600791,2026-07,1983,,,
8600805,2026-07,2145,,,
8600813,2026-07,2161,,,
8600821,2026-07,2126,,,
8600830,2026-07,2188,,,
8600848,2026-07,2138,,,
8600856,2026-07,2051,,,1
8600864,2026-07,2414,,,1
8600872,2026-07,2296,,,1
8600880,2026-07,2091,,,
8600899,2026-07,2489,,,1
8600902,2026-07,2158,,,1
8600910,2026-07,2148,,,1
8600929,2026-07,2054,,,1
8600937,2026-07,2245,,,1
8600945,2026-07,2159,,,
8600953,2026-07,2324,2338,,
8600961,2026-07,2306,,,1
8600970,2026-07,2557,2504,2566,
8600988,2026-07,2152,2239,2202,
8600996,2026-07,2200,,,
8601003,2026-07,2382,2426,2339,1
8601020,2026-07,2486,2441,2470,1
8601038,2026-07,2244,,,1
8601062,2026-07,2220,,,1
8601070,2026-07,2383,,,1
8601089,2026-07,2282,2266,2281,
8601097,2026-07,2163,2183,2223,
8601119,2026-07,2097,,,
8601127,2026-07,2275,,,1
8601135,2026-07,2206,,,
8601143,2026-07,2407,2333,2307,1
8601151,2026-07,2300,,,1
8601160,2026-07,2649,2619,2579,1
8601194,2026-07,2177,,,1
8601208,2026-07,2372,,,1
8601216,2026-07,1930,,,1
8601224,2026-07,2409,,,1
8601240,2026-07,2252,,,
8601267,2026-07,2174,,,
8601283,2026-07,2433,2411,2383,
8601291,2026-07,2213,,,
8601305,2026-07,2175,,,
8601313,2026-07,2311,,,1
8601321,2026-07,2251,,,1
8601348,2026-07,2254,,,1
8601356,2026-07,2287,,,1
8601364,2026-07,2212,,,1
8601372,2026-07,2034,,,1
8601380,2026-07,2132,,,1
8601402,2026-07,2174,,,1
8601410,2026-07,1873,,,1
8601429,2026-07,2623,2615,2641,
8601445,2026-07,2661,2583,2719,
8601453,2026-07,2307,,2222,1
8601461,2026-07,2286,,,1
8601470,2026-07,2155,,,1
8601488,2026-07,1979,2325,,1
8601496,2026-07,2297,,,1
8601500,2026-07,2241,,,1
8601518,2026-07,2162,,,
8601526,2026-07,2026,,,
8601534,2026-07,2079,,,
8601542,2026-07,2122,2074,,
8601550,2026-07,2280,,,1
8601569,2026-07,2308,,,1
8601577,2026-07,2300,,,1
8601585,2026-07,2241,,,
8601593,2026-07,2233,,,1
8601607,2026-07,2142,,,1
8601615,2026-07,2124,,,
8601623,2026-07,2174,,,
8601631,2026-07,2142,,,1
8601658,2026-07,2265,,,
8601666,2026-07,2304,,,1
8601674,2026-07,2600,2607,2590,1
8601682,2026-07,2414,,,1
8601690,2026-07,2107,,,1
8601704,2026-07,2252,,,
8601712,2026-07,2132,,,
8601720,2026-07,2117,,,
8601739,2026-07,2106,,,
8601747,2026-07,2310,,,
8601755,2026-07,2317,,,1
8601763,2026-07,1951,,,
8601771,2026-07,2082,,,1
8601780,2026-07,2066,,,
8601798,2026-07,2095,,,1
8601801,2026-07,2158,,,
8601810,2026-07,2110,,,1
8601828,2026-07,2228,,,1
8601836,2026-07,2155,,,1
8601852,2026-07,2216,,,1
8601860,2026-07,2073,,,1
8601879,2026-07,2327,,,1
8601887,2026-07,2360,,,1
8601895,2026-07,2298,,,1
8601909,2026-07,2258,,,1
8601917,2026-07,2299,,,1
8601925,2026-07,2217,,,
8601933,2026-07,2231,,,1
8601941,2026-07,2240,,,1
8601950,2026-07,2233,,,1
8601968,2026-07,2320,,,1
8601976,2026-07,2269,,,1
8601984,2026-07,2240,,,
8601992,2026-07,2288,,,1
8602000,2026-07,2284,,,1
8602018,2026-07,2193,,,1
8602026,2026-07,2253,,,1
8602034,2026-07,2157,,,
8602042,2026-07,2183,,,1
8602050,2026-07,2244,,,1
8602069,2026-07,2210,,,
8602077,2026-07,2287,,,1
8602085,2026-07,2264,,,1
8602093,2026-07,2223,,,
8602107,2026-07,2315,,,1
8602115,2026-07,2324,,,1
8602123,2026-07,2284,,,1
8602131,2026-07,2209,,,
8602140,2026-07,2326,,,
8602158,2026-07,2237,,,
8602166,2026-07,2207,,,1
8602174,2026-07,2309,,,1
8602182,2026-07,2240,,2311,
8602190,2026-07,2263,,,1
8602204,2026-07,2286,,,1
8602212,2026-07,2318,,,1
8602220,2026-07,2265,,,1
8602239,2026-07,2191,,,1
8602247,2026-07,2424,,,1
8602255,2026-07,2155,,,1
8602263,2026-07,2067,,,1
8602271,2026-07,2309,,,1
8602280,2026-07,2600,2562,2546,
8602298,2026-07,2466,2458,2493,
8602301,2026-07,2309,,,1
8602310,2026-07,2237,,,
8602336,2026-07,2152,,,1
8602360,2026-07,2150,,2113,1
8602387,2026-07,2534,2462,2471,1
8602395,2026-07,2289,,,1
8602409,2026-07,2145,2152,2117,
8602417,2026-07,2096,2131,1997,
8602433,2026-07,2170,,,1
8602441,2026-07,2249,,,1
8602450,2026-07,2315,,,1
8602476,2026-07,2219,,,1
8602484,2026-07,2350,,,1
8602492,2026-07,2041,,,1
8602506,2026-07,2323,,,1
8602514,2026-07,2289,,,1
8602522,2026-07,2538,2593,2558,
8602549,2026-07,2147,,,1
8602557,2026-07,2208,,2213,1
8602565,2026-07,2101,,,1
8602573,2026-07,1594,,,
8602590,2026-07,1978,,,1
8602603,2026-07,2244,,,1
8602611,2026-07,2106,2133,2091,
8602620,2026-07,2296,,,1
8602638,2026-07,2238,,,1
8602646,2026-07,2188,,,1
8602654,2026-07,2238,,,1
8602662,2026-07,2077,,,1
8602670,2026-07,2259,,,1
8602689,2026-07,2366,2394,2316,
8602719,2026-07,2079,,,
8602727,2026-07,2491,,,
8602735,2026-07,2276,,,1
8602751,2026-07,2208,,,1
8602760,2026-07,2262,,,1
8602778,2026-07,2405,,2314,1
8602786,2026-07,2229,2194,2235,
8602794,2026-07,2164,,,
8602808,2026-07,2268,,,1
8602816,2026-07,2261,,,
8602824,2026-07,2231,,,
8602832,2026-07,2217,,,
8602859,2026-07,2170,,,1
8602875,2026-07,2220,,,1
8602883,2026-07,2684,2649,2634,
8602905,2026-07,2149,2144,2114,
8602921,2026-07,2207,,,1
8602930,2026-07,2140,,,1
8602948,2026-07,2413,2313,2357,1
8602956,2026-07,2575,2524,2596,
8602972,2026-07,2395,2316,2322,
8602980,2026-07,2596,2529,2521,
8602999,2026-07,2332,2375,,
8603006,2026-07,2560,2488,2445,
8603022,2026-07,2098,,,1
8603030,2026-07,2308,2306,2287,1
8603057,2026-07,2114,,,1
8603065,2026-07,1557,,,
8603073,2026-07,2186,,,
8603090,2026-07,2480,2507,2486,1
8603111,2026-07,2113,,,
8603120,2026-07,2112,,,1
8603138,2026-07,2164,,,1
8603146,2026-07,2041,,,1
8603154,2026-07,2611,2604,2598,
8603162,2026-07,2383,2358,2331,
8603170,2026-07,2011,,,
8603189,2026-07,2503,2496,2513,
8603197,2026-07,2108,2171,2110,
8603200,2026-07,2202,,,
8603219,2026-07,2266,2293,2265,
8603227,2026-07,2182,,,1
8603235,2026-07,2321,,2243,1
8603243,2026-07,2258,,,1
8603251,2026-07,2078,,,
8603260,2026-07,2195,,2095,1
8603278,2026-07,1950,,,1
8603294,2026-07,2537,2514,2537,
8603308,2026-07,2083,,,1
8603316,2026-07,2109,,,1
8603324,2026-07,2029,,,1
8603332,2026-07,2635,2592,2705,
8603340,2026-07,2165,,,1
8603367,2026-07,2294,,,1
8603375,2026-07,2168,,,1
8603383,2026-07,1981,2001,1989,1
8603405,2026-07,2753,2722,2709,
8603413,2026-07,1747,,,
8603421,2026-07,2118,,,1
8603430,2026-07,2236,2131,2136,
8603448,2026-07,2045,,,1
8603456,2026-07,2168,,,1
8603464,2026-07,2102,,,1
8603472,2026-07,1989,1980,,
8603480,2026-07,2112,,,1
8603499,2026-07,2173,,,1
8603502,2026-07,2169,2175,2202,1
8603510,2026-07,2149,,,1
8603529,2026-07,2063,,,1
8603553,2026-07,2291,,,1
8603561,2026-07,2070,,,1
8603570,2026-07,1961,,,
8603588,2026-07,1945,,,1
8603596,2026-07,2175,2195,2170,
8603600,2026-07,2109,,,
8603618,2026-07,2056,,,1
8603626,2026-07,1963,,,1
8603642,2026-07,2517,2502,2424,
8603650,2026-07,2309,,,
8603669,2026-07,2096,,,1
8603677,2026-07,2738,2704,2736,
8603685,2026-07,2213,,,
8603693,2026-07,2509,2546,2439,
8603715,2026-07,2303,,,1
8603723,2026-07,2109,,,1
8603758,2026-07,2221,2224,2136,
8603766,2026-07,1753,,,1
8603782,2026-07,2024,2128,,
8603804,2026-07,1497,,,1
8603812,2026-07,2112,,,
8603820,2026-07,2706,2668,2722,
8603847,2026-07,2565,2475,2508,
8603863,2026-07,2438,2338,2373,
8603898,2026-07,2208,,2220,
8603901,2026-07,2413,2449,2437,
8603910,2026-07,2128,,,1
8603928,2026-07,2435,2437,2434,
8603944,2026-07,1922,,2161,
8603952,2026-07,1752,,,1
8603960,2026-07,2126,,,
8603987,2026-07,1774,,,
8603995,2026-07,2254,2161,2161,
8604002,2026-07,2375,2428,2342,
8604029,2026-07,2167,,,1
8604037,2026-07,2360,2254,2310,1
8604045,2026-07,2054,,,1
8604070,2026-07,2426,2421,2378,
8604088,2026-07,1823,,,
8604096,2026-07,2086,2171,2128,
8604100,2026-07,2149,,,1
8604142,2026-07,1989,,,
8604150,2026-07,2189,2214,,
8604193,2026-07,2298,2308,2261,
8604215,2026-07,1998,1801,1941,
8604240,2026-07,1958,,,1
8604258,2026-07,2029,,,
8604282,2026-07,2334,2289,2232,
8604290,2026-07,2251,2289,,1
8604304,2026-07,2085,,,1
8604312,2026-07,2114,,2104,
8604355,2026-07,2149,,,1
8604363,2026-07,1860,,,1
8604410,2026-07,1902,,,
8604428,2026-07,2134,,,1
8604436,2026-07,2625,2579,2684,
8604460,2026-07,2364,,,1
8604479,2026-07,2168,,,1
8604495,2026-07,2181,,,1
8604509,2026-07,1947,,,1
8604525,2026-07,2364,,,1
8604533,2026-07,2063,,,
8604550,2026-07,1977,,,1
8604622,2026-07,2046,,,1
8604681,2026-07,1975,,,
8604711,2026-07,2178,,,1
8604746,2026-07,2444,2413,2341,1
8604770,2026-07,2028,1999,1999,
8604789,2026-07,1959,1981,2028,
8604797,2026-07,1969,,,
8604843,2026-07,2068,,,1
8604860,2026-07,2117,,,1
8604924,2026-07,2174,,,
8604940,2026-07,2516,2512,2537,
8604959,2026-07,2128,,,1
8604991,2026-07,2148,,,1
8605114,2026-07,2566,2488,2430,
8605149,2026-07,2173,,,1
8605211,2026-07,1604,,,
8605220,2026-07,2093,2055,1920,
8605262,2026-07,1994,2014,1966,
8605327,2026-07,1841,,,
8605351,2026-07,1966,1932,1949,
8605360,2026-07,1949,,,
8605378,2026-07,1953,2125,2056,1
8605386,2026-07,1904,,,
8605394,2026-07,2226,,,1
8605483,2026-07,1709,1636,,
8605505,2026-07,2060,,1986,1
8605564,2026-07,2449,2401,2442,
8605599,2026-07,2050,,,1
8605602,2026-07,1989,1996,,
8605610,2026-07,2220,,2120,
8605629,2026-07,2171,2136,2202,
8605637,2026-07,1941,1917,1933,
8605645,2026-07,1866,,,
8605653,2026-07,2085,2052,2102,
8605661,2026-07,2390,2260,2325,
8605670,2026-07,2005,,,1
8605688,2026-07,2165,,,1
8605696,2026-07,1920,,,1
8605700,2026-07,1932,,,1
8605734,2026-07,1860,,,1
8605742,2026-07,1982,,,1
8605750,2026-07,2419,2393,2346,1
8605777,2026-07,1969,,,1
8605815,2026-07,2126,,,1
8605831,2026-07,1890,,,
8605840,2026-07,2444,2344,2467,1
8605874,2026-07,1925,,,1
8605912,2026-07,2180,2173,2011,
8605920,2026-07,1983,,,1
8605963,2026-07,2388,,2251,
8606021,2026-07,2447,2471,2401,
8606048,2026-07,2102,,2133,1
8606056,2026-07,2039,2031,,
8606099,2026-07,1890,,1976,
8606129,2026-07,2153,2051,2025,
8606137,2026-07,2123,2086,2086,
8606161,2026-07,2372,2198,2166,
8606196,2026-07,2025,1980,,
8606226,2026-07,,1912,,
8606323,2026-07,2236,,,1
8606340,2026-07,2376,2415,2479,1
8606374,2026-07,,2200,1933,
8606455,2026-07,1945,,,1
8606480,2026-07,1989,,,1
8606510,2026-07,1846,,,1
8606528,2026-07,1954,,,1
8606560,2026-07,2145,,2153,
8606730,2026-07,1730,,,1
8606749,2026-07,1957,,,
8606757,2026-07,1702,1642,,1
8606765,2026-07,2183,,,1
8606773,2026-07,2051,1971,,1
8606790,2026-07,2431,2335,2253,
8606846,2026-07,1887,1846,,1
8606854,2026-07,1823,,,1
8606862,2026-07,1935,,,1
8607001,2026-07,1874,,,
8607010,2026-07,1879,,,1
8607028,2026-07,2117,2112,2120,
8607052,2026-07,1841,,,
8607095,2026-07,1791,,,
8607206,2026-07,2457,2416,2474,1
8607222,2026-07,2370,2333,2352,
8607273,2026-07,2110,,,1
8607281,2026-07,1986,,1978,1
8607338,2026-07,2039,,,
8607354,2026-07,2197,,,1
8607370,2026-07,1786,,,1
8607427,2026-07,2107,,,1
8607435,2026-07,2312,2212,2218,1
8607443,2026-07,2114,,,
8607451,2026-07,1886,,,
8607460,2026-07,,1821,,
8607478,2026-07,2232,,2211,
8607508,2026-07,2544,2469,2465,
8607524,2026-07,1911,,,1
8607575,2026-07,1895,,,
8607583,2026-07,2098,,,1
8607591,2026-07,2106,,,1
8607613,2026-07,1810,,,1
8607621,2026-07,2277,2105,2105,
8607680,2026-07,1788,1785,1781,
8607699,2026-07,1866,,,
8607702,2026-07,2168,,,1
8607770,2026-07,2015,1977,1983,
8607818,2026-07,1681,,1695,
8607907,2026-07,1855,1799,,
8607915,2026-07,1780,,,
8607940,2026-07,1917,,,
8607958,2026-07,1755,,,
8607966,2026-07,2276,2128,2135,1
8607974,2026-07,2248,,,1
8607990,2026-07,1968,,,1
8608032,2026-07,2258,2263,2150,
8608040,2026-07,2235,2164,2068,
8608059,2026-07,2550,2460,2415,
8608067,2026-07,2422,,,
8608083,2026-07,1938,,,
8608091,2026-07,1912,,,1
8608105,2026-07,2015,1967,1856,
8608121,2026-07,2057,2069,2083,
8608148,2026-07,1885,,,1
8608156,2026-07,2510,2404,2421,
8608172,2026-07,1898,,,1
8608202,2026-07,1798,,1764,
8608237,2026-07,2164,2072,2072,
8608253,2026-07,2177,2201,2181,1
8608288,2026-07,2619,2600,2552,
8608296,2026-07,1920,,,1
8608342,2026-07,2171,2160,2247,1
8608369,2026-07,2126,2000,1943,
8608377,2026-07,2135,2035,,1
8608393,2026-07,1775,,,
8608407,2026-07,1877,,,1
8608415,2026-07,2196,2125,2201,
8608423,2026-07,1968,,,1
8608440,2026-07,1874,1954,,
8608466,2026-07,2316,2321,2245,
8608474,2026-07,1884,,,
8608520,2026-07,1857,,,1
8608547,2026-07,2482,2376,2335,
8608555,2026-07,2037,2182,2181,1
8608563,2026-07,2001,,,1
8608571,2026-07,1761,,,1
8608580,2026-07,1801,1875,1851,
8608598,2026-07,1821,,,
8608601,2026-07,2149,2014,1951,
8608610,2026-07,1819,,,1
8608644,2026-07,1851,,,
8608660,2026-07,1952,,,1
8608679,2026-07,2163,2204,2169,
8608695,2026-07,1921,,,1
8608709,2026-07,2107,2226,2189,
8608717,2026-07,2177,2055,2069,
8608741,2026-07,1440,,,
8608865,2026-07,1798,,,1
8608873,2026-07,1838,1899,1872,
8608881,2026-07,1981,,,
8608890,2026-07,1554,,,
8608920,2026-07,2027,1987,,
8608946,2026-07,2018,,,
8608962,2026-07,2516,2460,2427,
8608989,2026-07,1923,,1916,
8609012,2026-07,1874,,,1
8609039,2026-07,1849,1833,1809,
8609047,2026-07,2365,2316,2353,
8609055,2026-07,1764,,,
8609063,2026-07,2245,,,1
8609071,2026-07,1935,,,1
8609080,2026-07,1927,,,
8609128,2026-07,2184,,2084,1
8609144,2026-07,1635,,,
8609152,2026-07,1932,,,
8609160,2026-07,2079,2087,2091,
8609179,2026-07,1971,,,
8609209,2026-07,1907,,,1
8609268,2026-07,1674,,,
8609276,2026-07,1935,,,1
8609284,2026-07,1908,1996,2018,1
8609292,2026-07,2241,,2208,
8609322,2026-07,2034,,,1
8609357,2026-07,2403,2392,2351,1
8609373,2026-07,1675,,,1
8609381,2026-07,2338,2296,2201,
8609390,2026-07,2116,,,1
8609403,2026-07,2147,,,1
8609420,2026-07,2040,,1964,1
8609446,2026-07,2147,2143,,1
8609470,2026-07,2368,2339,2339,
8609489,2026-07,2042,,1975,1
8609497,2026-07,2446,2377,2353,
8609535,2026-07,2043,,1975,
8609616,2026-07,2033,,,1
8609640,2026-07,1925,1918,1909,
8609659,2026-07,2393,2322,2295,1
8609667,2026-07,2279,2244,2244,
8609683,2026-07,1743,,,
8609705,2026-07,,,1557,
8609721,2026-07,1942,,,1
8609748,2026-07,2364,2219,2226,
8609764,2026-07,1953,,,1
8609772,2026-07,2247,2344,2379,
8609780,2026-07,1961,1893,,
8609837,2026-07,1894,,,
8609861,2026-07,,,2544,
8609870,2026-07,1821,1761,1761,1
8609888,2026-07,1948,2097,,1
8609900,2026-07,1696,,1695,
8609918,2026-07,2282,2182,,1
8609926,2026-07,1803,1743,1743,1
8609934,2026-07,1933,,,
8609950,2026-07,2434,2325,2382,
8609977,2026-07,2103,2081,2080,
8609993,2026-07,2091,2093,2040,
8610061,2026-07,2211,,2138,1
8610088,2026-07,1994,,,1
8610126,2026-07,2202,,,
8610134,2026-07,2490,2434,2442,
8610169,2026-07,2150,,,1
8610185,2026-07,1845,,,1
8610258,2026-07,1945,1859,1954,
8610274,2026-07,1860,,1850,
8610282,2026-07,2019,1963,2002,
8610290,2026-07,1686,,,
8610312,2026-07,2105,2096,2056,
8610320,2026-07,1718,,,
8610339,2026-07,1904,,,
8610371,2026-07,,,1974,
8610380,2026-07,1774,,,
8610401,2026-07,2120,2121,2007,
8610436,2026-07,1963,,,1
8610444,2026-07,1921,,,
8610452,2026-07,1737,,,
8610487,2026-07,1990,1863,1857,
8610495,2026-07,1857,1797,1797,1
8610509,2026-07,1839,,,
8610517,2026-07,1902,,,1
8610533,2026-07,2211,2125,2115,
8610541,2026-07,1741,1737,1717,
8610550,2026-07,2509,2375,2411,
8610576,2026-07,1712,,,
8610606,2026-07,1836,,,1
8610665,2026-07,2437,2391,2345,
8610681,2026-07,1996,,,1
8610690,2026-07,1787,,,
8610703,2026-07,2127,,,1
8610738,2026-07,1552,,,
8610754,2026-07,1984,,,1
8610762,2026-07,1850,1776,,
8610797,2026-07,1601,,,
8610819,2026-07,1753,,,
8610894,2026-07,2214,2029,2053,
8610908,2026-07,1999,,,
8610916,2026-07,1915,,,1
8610940,2026-07,2075,,,1
8610959,2026-07,2418,2388,2369,
8610967,2026-07,1935,1951,,1
8610975,2026-07,2084,2095,2099,
8610983,2026-07,2121,1901,,
8610991,2026-07,1838,,,
8611017,2026-07,2016,,,
8611033,2026-07,1974,,,
8611050,2026-07,1908,1989,1945,
8611068,2026-07,1854,,,
8611076,2026-07,1711,1749,,
8611092,2026-07,2234,2090,2230,
8611106,2026-07,1848,,,1
8611122,2026-07,2191,2231,2169,
8611130,2026-07,2387,2373,2309,
8611149,2026-07,1957,,,1
8611157,2026-07,2013,,2015,1
8611165,2026-07,1958,,,1
8611190,2026-07,1992,,,1
8611211,2026-07,2405,2182,2149,
8611432,2026-07,1908,,,1
8611440,2026-07,2127,,,1
8611483,2026-07,1638,,,1
8611491,2026-07,1774,,,
8611505,2026-07,2112,,,
8611513,2026-07,2514,2396,2422,
8611521,2026-07,,1671,,
8611530,2026-07,1949,,,1
8611548,2026-07,1941,,,1
8611556,2026-07,1972,2064,,1
8611572,2026-07,2510,2427,2404,
8611840,2026-07,1952,,,
8611947,2026-07,1960,,,1
8612277,2026-07,,1852,,
8612285,2026-07,,1585,,
8612404,2026-07,1774,,,1
8612471,2026-07,1747,,,
8612676,2026-07,2013,2012,1934,
8612706,2026-07,2123,,,1
8612714,2026-07,1825,,,1
8612722,2026-07,1733,,,
8612730,2026-07,1902,,,1
8612765,2026-07,1937,,,1
8612781,2026-07,1746,,,1
8612811,2026-07,1855,,,1
8612870,2026-07,1752,1699,,1
8612897,2026-07,1794,,,1
8612919,2026-07,2019,,1951,1
8612927,2026-07,2287,2118,2073,1
8612978,2026-07,1750,,,1
8612994,2026-07,1710,,,1
8613036,2026-07,2041,,,1
8613052,2026-07,1797,,,1
8613087,2026-07,1532,,,1
8613109,2026-07,1762,,,1
8613125,2026-07,1960,,1816,
8613150,2026-07,1796,,1747,1
8613192,2026-07,2038,,,1
8613265,2026-07,1969,,,1
8613303,2026-07,1971,,,1
8613311,2026-07,1751,,,
8613338,2026-07,1769,,,1
8613354,2026-07,1830,,,
8613362,2026-07,2044,2072,2095,1
8613419,2026-07,1989,,,1
8613478,2026-07,1756,1711,1699,
8613508,2026-07,,1746,,
8613540,2026-07,1726,,,
8613567,2026-07,1884,,,1
8613575,2026-07,1928,,,1
8613613,2026-07,1829,,,1
8613818,2026-07,1809,,,1
8613834,2026-07,1906,,,1
8613869,2026-07,1719,1752,1748,
8613915,2026-07,1966,,,1
8613931,2026-07,1897,,,1
8613974,2026-07,1901,,1950,
8614008,2026-07,1519,,,1
8614091,2026-07,1780,,,1
8614288,2026-07,1766,1767,,
8614296,2026-07,1974,1939,1940,
8614300,2026-07,2452,2354,2404,
8614318,2026-07,1891,1928,1846,
8614334,2026-07,1958,1978,1983,
8614342,2026-07,2029,1931,,1
8614350,2026-07,1998,1938,1938,1
8614369,2026-07,2011,,2071,1
8614377,2026-07,1843,,,1
8614385,2026-07,1884,1923,1939,1
8614393,2026-07,1837,,,1
8614407,2026-07,1852,1842,1867,1
8614415,2026-07,1722,,,1
8614466,2026-07,2098,,2026,
8614490,2026-07,1591,1539,1556,1
8614504,2026-07,1676,,,1
8614520,2026-07,1725,1749,1722,
8614555,2026-07,1914,1895,1885,1
8614563,2026-07,1842,1800,1782,1
8614571,2026-07,1769,,,1
8614580,2026-07,1962,1902,1902,1
8614610,2026-07,2287,2232,2257,1
8614628,2026-07,1851,,,1
8614644,2026-07,1803,,,1
8614679,2026-07,1604,,,
8614687,2026-07,1783,1732,1732,1
8614733,2026-07,2466,2435,2375,
8614741,2026-07,1684,1636,1624,1
8614750,2026-07,2308,2269,2287,
8614768,2026-07,1667,1639,,
8614776,2026-07,2097,2237,2140,
8614784,2026-07,1503,1584,,
8614822,2026-07,1849,,,1
8614830,2026-07,1761,,,
8614849,2026-07,1705,1706,,
8614903,2026-07,1687,,,
8614911,2026-07,1915,1873,1855,1
8614938,2026-07,1963,,,1
8614954,2026-07,2288,,1993,
8614962,2026-07,1812,,1761,
8614970,2026-07,1765,,,
8614997,2026-07,1884,,1824,
8615004,2026-07,1723,,,
8615012,2026-07,1808,,,
8615020,2026-07,1885,,,1
8615039,2026-07,1750,,,1
8615055,2026-07,1754,,1812,
8615071,2026-07,1876,,,
8615101,2026-07,1808,,,
8615110,2026-07,2001,,,1
8615128,2026-07,1938,,,
8615152,2026-07,2020,,,1
8615160,2026-07,1990,,,1
8615187,2026-07,1921,1932,1930,1
8615195,2026-07,2014,,,1
8615209,2026-07,2016,2018,,1
8615217,2026-07,1757,,,
8615225,2026-07,1776,,,
8615250,2026-07,2346,2281,2197,
8615268,2026-07,1925,,,1
8615284,2026-07,1809,,,
8615306,2026-07,1821,,1771,
8615322,2026-07,1876,,,
8615330,2026-07,2167,2067,,1
8615349,2026-07,1984,,,1
8615365,2026-07,1824,,,
8615373,2026-07,1856,,,1
8615411,2026-07,1923,1886,1875,
8615420,2026-07,1954,,,
8615446,2026-07,2310,2210,2210,1
8615454,2026-07,1861,,,1
8615470,2026-07,1805,,,1
8615489,2026-07,1962,,,1
8615497,2026-07,1710,,,1
8615527,2026-07,1788,,,1
8615551,2026-07,1887,,,
8615560,2026-07,1539,,,
8615586,2026-07,1701,,,
8615616,2026-07,1756,1766,1741,1
8615624,2026-07,1645,1627,1675,1
8615632,2026-07,1866,,,
8615640,2026-07,1959,,,1
8615675,2026-07,2027,,,1
8615705,2026-07,1858,,,
8615748,2026-07,1633,,,
8615888,2026-07,1623,1705,,
8615985,2026-07,,1658,,
8616108,2026-07,2092,,,1
8616230,2026-07,2019,,,1
8616299,2026-07,1935,1875,1875,1
8616329,2026-07,1827,,1767,
8616337,2026-07,1623,,,
8616370,2026-07,1731,,,1
8616418,2026-07,1716,,,1
8616426,2026-07,1830,1727,1720,1
8616434,2026-07,1711,,1708,1
8616442,2026-07,1690,,,1
8616450,2026-07,2011,,,1
8616469,2026-07,1972,,,
8616477,2026-07,1776,,,1
8616485,2026-07,1938,1945,1918,1
8616493,2026-07,2008,,2072,
8616590,2026-07,2427,2192,2349,
8616698,2026-07,1771,,,1
8616701,2026-07,1611,,,1
8616736,2026-07,1675,,,
8616779,2026-07,1869,1902,1900,
8616787,2026-07,1790,1700,1730,
8616817,2026-07,1751,,,1
8616850,2026-07,1893,,,1
8616868,2026-07,2377,2179,2068,
8616876,2026-07,1718,,,
8616892,2026-07,1775,,,
8616906,2026-07,1750,1807,1786,1
8616914,2026-07,1752,,,1
8616922,2026-07,1817,,,1
8616930,2026-07,2059,1962,1971,
8616957,2026-07,1668,,,
8616965,2026-07,2152,,,1
8616973,2026-07,1809,,,1
8616981,2026-07,1954,,,1
8616990,2026-07,1954,1930,1976,1
8617007,2026-07,1899,,,1
8617015,2026-07,1849,1869,,1
8617023,2026-07,1835,,,
8617031,2026-07,1678,,,
8617040,2026-07,1794,,,1
8617058,2026-07,1916,,,1
8617066,2026-07,1843,1812,1822,
8617090,2026-07,1651,,,
8617104,2026-07,1605,,,1
8617112,2026-07,1738,,,
8617120,2026-07,2015,1893,2003,
8617139,2026-07,1747,,,
8617155,2026-07,1615,,,
8617163,2026-07,1797,,,1
8617171,2026-07,2043,1761,,
8617180,2026-07,1600,,,1
8617295,2026-07,1619,,,1
8617309,2026-07,1898,,,1
8617317,2026-07,2038,,2073,
8617325,2026-07,1823,,,1
8617333,2026-07,1785,,,1
8617341,2026-07,1783,,,1
8617350,2026-07,1753,,,
8617473,2026-07,1713,,,
8617490,2026-07,1634,,,1
8617503,2026-07,1882,,,
8617511,2026-07,1692,,,1
8617538,2026-07,1489,,,
8617546,2026-07,1779,1818,,1
8617554,2026-07,1745,,,1
8617562,2026-07,1695,1768,,1
8617570,2026-07,1824,,,1
8617589,2026-07,1693,,,1
8617597,2026-07,1810,,,1
8617600,2026-07,1959,,,1
8617619,2026-07,2033,,,
8617635,2026-07,2068,,,1
8617660,2026-07,1812,,,1
8617686,2026-07,1625,,,
8617708,2026-07,1705,,,1
8617740,2026-07,1964,1965,1977,1
8617759,2026-07,1750,,,1
8617767,2026-07,1885,,,1
8617775,2026-07,1725,,,1
8617791,2026-07,1721,,,
8617805,2026-07,1785,,,1
8617813,2026-07,1732,,,
8617821,2026-07,1792,1772,,
8617848,2026-07,1971,1911,1911,
8617856,2026-07,1734,,,
8617880,2026-07,1927,1867,1867,1
8617929,2026-07,1458,,,1
8617937,2026-07,1627,,,1
8617953,2026-07,1733,1834,1704,1
8617961,2026-07,2009,,1964,1
8617970,2026-07,1762,1789,1792,1
8617996,2026-07,2422,2348,2335,
8618011,2026-07,1611,1561,1551,
8618020,2026-07,2392,2309,2197,
8618038,2026-07,1896,,,1
8618062,2026-07,1556,,,1
8618089,2026-07,1990,1984,1988,1
8618097,2026-07,1752,,,1
8618119,2026-07,1424,1432,,1
8618151,2026-07,,,1910,
8618160,2026-07,1765,,,
8618178,2026-07,1899,1882,1872,1
8618186,2026-07,2036,1934,1934,1
8618194,2026-07,1660,,,1
8618291,2026-07,1878,,,1
8618364,2026-07,1804,1779,1737,
8618399,2026-07,2253,2065,2189,
8618402,2026-07,2264,2123,2123,
8618410,2026-07,1827,,,
8618445,2026-07,1875,1891,1870,
8618461,2026-07,2085,1916,1916,
8618470,2026-07,1828,1816,1847,1
8618488,2026-07,1990,,1942,1
8618496,2026-07,1656,1647,1698,1
8618500,2026-07,1789,1764,,
8618518,2026-07,1780,,,1
8618534,2026-07,1602,,,
8618542,2026-07,1896,,,1
8618569,2026-07,1881,,,1
8618577,2026-07,1735,,,1
8618593,2026-07,1674,1614,1659,1
8618607,2026-07,1843,,,1
8618615,2026-07,1822,,1815,1
8618623,2026-07,2321,2277,2333,
8618631,2026-07,1753,,,1
8618658,2026-07,1708,1653,1656,1
8618682,2026-07,1787,,,1
8618690,2026-07,1670,,,
8618704,2026-07,1434,,,1
8618712,2026-07,2208,2042,2247,1
8618720,2026-07,1786,1798,1793,1
8618739,2026-07,,,1432,
8618798,2026-07,1803,,,1
8618828,2026-07,1714,,,1
8618836,2026-07,1761,,,1
8618852,2026-07,1816,,,1
8618860,2026-07,2357,2340,2161,
8618879,2026-07,1778,,,1
8618887,2026-07,2321,2202,2181,
8618917,2026-07,1528,,1663,1
8618968,2026-07,1740,1680,1680,1
8618984,2026-07,1677,,,1
8618992,2026-07,1835,1847,,
8619000,2026-07,1539,1536,1533,
8619018,2026-07,1576,,,
8619034,2026-07,2109,2098,2104,1
8619050,2026-07,1559,,,
8619077,2026-07,1749,,,
8619093,2026-07,1683,,,
8619107,2026-07,2441,2258,2301,
8619140,2026-07,1788,,,1
8619166,2026-07,1899,,,1
8619174,2026-07,1452,,1653,1
8619182,2026-07,1939,,,1
8619190,2026-07,1618,1608,1671,1
8619204,2026-07,1824,,,1
8619212,2026-07,1677,,,1
8619239,2026-07,1714,,,
8619255,2026-07,1786,1808,,
8619271,2026-07,1798,,,1
8619280,2026-07,1864,,,1
8619310,2026-07,1787,,,
8619336,2026-07,1575,1515,1515,
8619344,2026-07,1635,,,
8619352,2026-07,1584,,1617,1
8619379,2026-07,1831,1834,,1
8619409,2026-07,1810,,1801,
8619417,2026-07,1836,,,1
8619425,2026-07,1776,,,1
8619450,2026-07,1594,,,
8619468,2026-07,1565,,,
8619476,2026-07,1706,,,
8619484,2026-07,1468,,1588,1
8619492,2026-07,2372,2105,2262,
8619514,2026-07,1843,1783,1783,1
8619522,2026-07,1734,1751,1748,
8619530,2026-07,1618,,,
8619549,2026-07,2199,2092,2112,
8619557,2026-07,1697,,,
8619565,2026-07,1889,,,1
8619573,2026-07,1442,1435,1402,
8619581,2026-07,1527,,,
8619590,2026-07,1414,,1528,1
8619603,2026-07,1910,,,1
8619620,2026-07,1722,,,
8619689,2026-07,1671,,,
8619697,2026-07,1755,,,1
8619700,2026-07,1830,,,
8619727,2026-07,1714,,1756,1
8619735,2026-07,1824,,,1
8619743,2026-07,1612,,,1
8619751,2026-07,1780,,,1
8619778,2026-07,1783,1750,,
8619786,2026-07,1804,,,1
8619794,2026-07,1548,,,1
8619816,2026-07,1828,,,1
8619824,2026-07,,1889,,
8619832,2026-07,1807,,,1
8619840,2026-07,1523,,,
8619859,2026-07,1885,,,
8619867,2026-07,,,1545,
8619891,2026-07,1691,,,
8619905,2026-07,1818,,,1
8619948,2026-07,1728,,,1
8619956,2026-07,1858,,,
8619964,2026-07,1732,,,1
8619972,2026-07,1716,,,1
8619999,2026-07,2332,,2208,
8620008,2026-07,1870,,,1
8620016,2026-07,1930,1870,1870,1
8620024,2026-07,1715,1655,,
8620032,2026-07,1668,,,1
8620040,2026-07,1882,,1986,1
8620059,2026-07,1854,,,1
8620067,2026-07,1951,,,1
8620075,2026-07,1759,,,1
8620091,2026-07,1617,,,1
8620105,2026-07,1837,,,
8620113,2026-07,1689,,,
8620121,2026-07,1735,,,
8620130,2026-07,1720,,,
8620148,2026-07,1842,1829,1766,
8620156,2026-07,1872,1958,1847,
8620164,2026-07,1947,,,1
8620172,2026-07,1839,,1778,1
8620210,2026-07,1746,,,
8620229,2026-07,2433,2279,2333,
8620245,2026-07,1865,,,
8620261,2026-07,1705,,,
8620270,2026-07,1979,2069,,
8620296,2026-07,1843,1761,1610,1
8620300,2026-07,1651,,,
8620318,2026-07,1677,1726,1694,
8620342,2026-07,1864,1804,1804,1
8620350,2026-07,1557,1595,1565,
8620377,2026-07,1723,1663,,1
8620407,2026-07,1758,1729,,1
8620415,2026-07,1934,,,1
8620431,2026-07,1942,1884,1964,1
8620440,2026-07,2011,1893,,
8620458,2026-07,1879,,,1
8620466,2026-07,1805,,,1
8620474,2026-07,1791,,,
8620482,2026-07,1708,1664,1648,1
8620490,2026-07,1433,,,
8620504,2026-07,1786,,,
8620512,2026-07,1750,,,
8620520,2026-07,1875,,,1
8620539,2026-07,1815,,,1
8620555,2026-07,1737,,,1
8620563,2026-07,1600,,,
8620571,2026-07,1691,,,1
8620580,2026-07,1828,,,1
8620598,2026-07,2002,,,1
8620644,2026-07,2092,,1967,1
8620652,2026-07,1644,,,1
8620660,2026-07,1717,,,1
8620679,2026-07,1870,,,1
8620687,2026-07,1918,,,1
8620695,2026-07,1798,1847,,
8620709,2026-07,1704,,,1
8620717,2026-07,1650,,,
8620733,2026-07,1947,,,1
8620750,2026-07,1947,1987,1899,
8620784,2026-07,1669,1657,1655,1
8620806,2026-07,1561,,,1
8620814,2026-07,1852,,1792,1
8620822,2026-07,1874,1991,1998,1
8620830,2026-07,1685,1871,1921,1
8620849,2026-07,1721,,1737,
8620857,2026-07,1461,,,1
8620865,2026-07,1743,1683,1683,1
8620873,2026-07,1617,,,1
8620881,2026-07,1514,,,
8620911,2026-07,2018,1869,1810,1
8620938,2026-07,1859,1837,1837,1
8620946,2026-07,2278,2287,2114,
8620954,2026-07,2249,2087,2156,
8620989,2026-07,1951,1710,1821,
8620997,2026-07,1710,1651,1785,1
8621004,2026-07,1501,,1441,1
8621012,2026-07,,1456,,
8621039,2026-07,1500,1507,1473,1
8621055,2026-07,1684,1703,1672,1
8621063,2026-07,1801,,1839,1
8621179,2026-07,1470,,,1
8621187,2026-07,1698,1544,1554,
8621195,2026-07,1595,1558,1627,1
8621209,2026-07,1965,,,1
8621217,2026-07,1717,1717,1640,
8621225,2026-07,1773,,,1
8621233,2026-07,1851,,,1
8621241,2026-07,1656,1690,,
8621268,2026-07,2400,2365,2273,
8621276,2026-07,1810,,,1
8621284,2026-07,1854,,,
8621314,2026-07,1846,,,
8621330,2026-07,1929,,1972,
8621349,2026-07,1755,1759,,1
8621357,2026-07,1785,,,1
8621365,2026-07,1839,,,1
8621381,2026-07,1720,,,1
8621403,2026-07,1582,,,1
8621411,2026-07,1663,1625,1623,1
8621420,2026-07,1732,1781,,
8621454,2026-07,1646,1614,,1
8621470,2026-07,1991,,,1
8621489,2026-07,1699,,1780,1
8621497,2026-07,1680,,1815,1
8621500,2026-07,1812,,1752,1
8621527,2026-07,1558,,,1
8621543,2026-07,1795,1735,1735,1
8621551,2026-07,1516,1668,1575,1
8621560,2026-07,1702,1708,1719,1
8621586,2026-07,1720,,,
8621640,2026-07,1918,1849,,1
8621748,2026-07,1633,1571,1561,
8621896,2026-07,1793,,,1
8621934,2026-07,1641,,,1
8622019,2026-07,1696,,,1
8622086,2026-07,,1943,,
8622116,2026-07,2092,1987,1812,
8622124,2026-07,1716,,1702,
8622132,2026-07,,1589,,
8622159,2026-07,1597,,,1
8622167,2026-07,1599,,1539,1
8622175,2026-07,1667,1647,1641,1
8622183,2026-07,1839,,,1
8622191,2026-07,1691,,,1
8622205,2026-07,1613,,,1
8622213,2026-07,1841,,,1
8622221,2026-07,1847,1795,1798,1
8622230,2026-07,1602,,,
8622256,2026-07,1813,1881,1936,1
8622272,2026-07,1847,1866,1872,1
8622280,2026-07,1761,,,1
8622310,2026-07,1590,,,
8622329,2026-07,1695,,,1
8622337,2026-07,1584,,,
8622345,2026-07,1680,,,1
8622353,2026-07,1779,1768,1793,
8622361,2026-07,1671,1599,,1
8622370,2026-07,1518,1594,1563,1
8622388,2026-07,2599,2452,2465,
8622396,2026-07,1721,,,1
8622400,2026-07,1638,,,1
8622418,2026-07,1558,,,1
8622426,2026-07,1829,1767,1767,1
8622434,2026-07,1944,,,1
8622442,2026-07,1594,,,1
8622450,2026-07,1882,1813,1906,
8622469,2026-07,1627,,,
8622477,2026-07,1623,,1677,
8622485,2026-07,1859,,,1
8622507,2026-07,1774,,,1
8622515,2026-07,1810,,,1
8622531,2026-07,1699,,,
8622566,2026-07,1898,,,1
8622574,2026-07,1662,,,1
8622582,2026-07,1753,,,1
8622639,2026-07,1627,,,
8622647,2026-07,1832,,,1
8622663,2026-07,1823,1804,1791,1
8622671,2026-07,1717,,,1
8622680,2026-07,2146,2164,1899,
8622698,2026-07,1830,,,1
8622701,2026-07,1720,,,1
8622710,2026-07,1703,,,1
8622728,2026-07,1701,,,
8622736,2026-07,1854,,,1
8622744,2026-07,1750,,,1
8622752,2026-07,1686,,,
8622795,2026-07,2123,1937,1995,
8622809,2026-07,1749,,,
8622817,2026-07,1842,,,1
8622825,2026-07,1825,,,1
8622841,2026-07,1582,,1579,
8622868,2026-07,1528,,,
8622884,2026-07,1829,,,1
8622892,2026-07,1572,,,1
8622906,2026-07,1465,,,
8622914,2026-07,1813,,,1
8622922,2026-07,1953,,,1
8622930,2026-07,1890,,,1
8622949,2026-07,1932,,,
8622957,2026-07,1458,,,
8622965,2026-07,1600,,,
8622973,2026-07,1834,1762,,
8622981,2026-07,1674,,,1
8622990,2026-07,2319,2030,2030,
8623007,2026-07,1587,,,1
8623015,2026-07,2093,,,
8623023,2026-07,1855,,,1
8623031,2026-07,1775,,,
8623058,2026-07,1897,,,1
8623066,2026-07,1810,,,
8623074,2026-07,1706,,,
8623082,2026-07,1801,,,1
8623090,2026-07,1574,,,
8623139,2026-07,1615,,,1
8623147,2026-07,1713,,,
8623155,2026-07,1697,1721,1683,
8623163,2026-07,1783,,,1
8623180,2026-07,1759,1739,,
8623198,2026-07,1564,,,
8623201,2026-07,1503,,,
8623210,2026-07,1782,,,1
8623228,2026-07,1738,,,1
8623260,2026-07,1584,,,
8623279,2026-07,1890,1924,,1
8623287,2026-07,1693,,,1
8623295,2026-07,1706,,,
8623309,2026-07,1780,,,1
8623317,2026-07,1669,,,
8623325,2026-07,2320,2314,2278,
8623333,2026-07,1671,,,
8623341,2026-07,1705,1639,1654,
8623350,2026-07,1957,,,
8623368,2026-07,2054,,,
8623384,2026-07,1850,,,1
8623392,2026-07,1819,,,1
8623406,2026-07,1867,,,1
8623414,2026-07,1864,1775,,1
8623422,2026-07,1836,,,1
8623430,2026-07,1969,,,
8623449,2026-07,1941,,,1
8623473,2026-07,1751,,,
8623490,2026-07,1696,1700,,
8623503,2026-07,1591,,1531,1
8623511,2026-07,1858,,,1
8623520,2026-07,1705,,,1
8623546,2026-07,1687,,,
8623554,2026-07,1816,,,1
8623562,2026-07,1590,,,1
8623570,2026-07,1820,,,1
8623597,2026-07,1697,,,1
8623600,2026-07,1528,,,
8623619,2026-07,1828,1820,,1
8623627,2026-07,1899,1969,,1
8623651,2026-07,1840,,,
8623660,2026-07,1927,2059,2056,1
8623678,2026-07,1619,,,1
8623708,2026-07,2236,2172,2239,
8623732,2026-07,1867,,,
8623740,2026-07,1923,,,1
8623759,2026-07,1793,,,1
8623767,2026-07,1684,,,1
8623775,2026-07,1810,,,1
8623783,2026-07,1635,,,1
8623791,2026-07,1627,,,
8623805,2026-07,1737,,,1
8623821,2026-07,1811,,,1
8623830,2026-07,1638,,,
8623848,2026-07,1790,,,1
8623856,2026-07,1470,,1506,1
8623864,2026-07,1534,,,
8623872,2026-07,1466,,,1
8623880,2026-07,1733,,,1
8623899,2026-07,1729,,1675,1
8623929,2026-07,2199,,,1
8623937,2026-07,1483,,,1
8623988,2026-07,,,1528,
8624003,2026-07,,,1455,
8624020,2026-07,1458,,,1
8624046,2026-07,1739,1679,1679,1
8624054,2026-07,1816,1806,1756,1
8624062,2026-07,1447,1464,,
8624070,2026-07,1689,1604,1604,1
8624097,2026-07,1515,,1556,
8624100,2026-07,1761,1702,1701,1
8624127,2026-07,1487,,1441,1
8624135,2026-07,1753,1725,1725,
8624151,2026-07,1589,,1593,1
8624160,2026-07,1695,1657,1635,1
8624194,2026-07,1558,1699,1536,
8624208,2026-07,1518,1464,1481,
8624224,2026-07,1812,1752,1752,1
8624232,2026-07,1570,1649,1595,1
8624267,2026-07,1472,,1508,
8624275,2026-07,,,1556,
8624305,2026-07,1531,1600,1656,1
8624321,2026-07,2136,1964,2024,
8624348,2026-07,1634,1711,1605,1
8624364,2026-07,1448,,1420,1
8624372,2026-07,1581,,1627,1
8624380,2026-07,1602,,,
8624429,2026-07,1578,1587,,
8624437,2026-07,1662,,,1
8624445,2026-07,1635,1612,,1
8624461,2026-07,1738,,1678,1
8624470,2026-07,1883,1777,1751,
8624488,2026-07,1515,,,
8624496,2026-07,1776,1716,1716,1
8624500,2026-07,1706,,1760,
8624518,2026-07,1655,,1595,1
8624534,2026-07,1572,,,1
8624542,2026-07,1770,,,
8624585,2026-07,1589,,1450,
8624607,2026-07,,,1741,
8624658,2026-07,1829,,,1
8624666,2026-07,1565,,,1
8624755,2026-07,1654,,,1
8624763,2026-07,1768,,,1
8624771,2026-07,1720,,,1
8624780,2026-07,2288,,2159,
8624798,2026-07,1935,,,1
8624801,2026-07,1765,,,1
8624810,2026-07,1720,,,
8624844,2026-07,1679,,,1
8624852,2026-07,,1697,,
8624860,2026-07,1783,,,1
8624879,2026-07,1728,,,
8624917,2026-07,1896,,,
8624950,2026-07,1632,,,
8624976,2026-07,1737,,,1
8625018,2026-07,1566,,,
8625034,2026-07,1653,,,1
8625042,2026-07,1622,,,1
8625050,2026-07,1898,1934,1853,
8625069,2026-07,1650,,,1
8625077,2026-07,1777,,,1
8625085,2026-07,1855,,,1
8625093,2026-07,1876,,1793,
8625182,2026-07,1584,,1542,
8625212,2026-07,1619,,,
8625255,2026-07,1475,,,
8625263,2026-07,1618,1663,,1
8625271,2026-07,1769,,,1
8625280,2026-07,1858,,,
8625301,2026-07,1574,,,1
8625310,2026-07,1753,,,1
8625387,2026-07,2386,2076,2296,
8625409,2026-07,1812,1730,1730,1
8625417,2026-07,2403,1759,1519,
8625425,2026-07,1650,1590,1590,
8625433,2026-07,1621,1587,1564,1
8625441,2026-07,1588,1544,1614,1
8625450,2026-07,2309,1979,1864,
8625468,2026-07,1748,1711,1688,1
8625476,2026-07,1772,1712,1712,1
8625484,2026-07,1868,1729,1739,1
8625492,2026-07,2553,2460,2422,
8625522,2026-07,1589,,,
8625573,2026-07,1619,,,1
8625603,2026-07,1710,1650,1650,1
8625611,2026-07,1721,1663,1663,1
8625620,2026-07,1576,1504,1489,1
8625638,2026-07,1612,1510,1547,
8625646,2026-07,1714,1711,1703,1
8625654,2026-07,1482,1504,,1
8625670,2026-07,1431,1579,1564,1
8625689,2026-07,1496,,1571,
8625697,2026-07,1467,1560,1502,
8625700,2026-07,1565,1624,1676,1
8625719,2026-07,1430,,1419,
8625727,2026-07,1816,,,1
8625760,2026-07,1433,1432,,1
8625778,2026-07,1806,,,
8625816,2026-07,1672,,,
8625832,2026-07,1822,,,1
8625840,2026-07,1863,,,1
8625883,2026-07,1737,,,1
8625891,2026-07,1845,,,1
8625913,2026-07,1831,,1777,1
8625921,2026-07,1819,,1776,1
8625930,2026-07,1615,,1715,1
8625948,2026-07,1611,,1642,1
8625964,2026-07,1780,,,1
8625972,2026-07,1791,,,
8625980,2026-07,1870,,,
8625999,2026-07,1641,,,
8626006,2026-07,1840,,,
8626022,2026-07,1574,1576,1659,1
8626030,2026-07,1653,,1594,
8626049,2026-07,,,1492,
8626073,2026-07,2053,1999,2095,
8626081,2026-07,1782,,,
8626111,2026-07,1714,1691,1667,1
8626146,2026-07,1572,,,1
8626200,2026-07,,1706,1732,
8626260,2026-07,2169,2090,2228,
8626286,2026-07,1682,1613,1627,1
8626316,2026-07,1714,,1592,1
8626324,2026-07,1542,1596,1584,1
8626367,2026-07,1813,,,1
8626375,2026-07,1610,,,
8626383,2026-07,1772,1712,1761,1
8626405,2026-07,1489,,,1
8626413,2026-07,1702,,,1
8626421,2026-07,2241,1883,2091,
8626430,2026-07,1702,1669,1728,
8626464,2026-07,1656,1667,1635,1
8626480,2026-07,2100,1950,1958,
8626499,2026-07,,,1458,
8626510,2026-07,,1630,,
8626553,2026-07,1921,1805,,
8626561,2026-07,1658,1669,,1
8626570,2026-07,1755,1764,,1
8626588,2026-07,1509,,,1
8626618,2026-07,1791,,,1
8626650,2026-07,1632,,,
8626820,2026-07,1724,,,1
8626855,2026-07,1652,1592,1592,1
8626880,2026-07,1731,,,1
8626901,2026-07,1789,,,1
8626910,2026-07,1687,,,1
8626928,2026-07,1478,,,
8626936,2026-07,1906,,,1
8626944,2026-07,1785,,,1
8626952,2026-07,1711,,,1
8626960,2026-07,2353,2271,2290,
8626979,2026-07,1687,,,1
8626995,2026-07,2143,1932,2128,
8627002,2026-07,1780,,,1
8627029,2026-07,1621,,1614,1
8627037,2026-07,1669,,,
8627045,2026-07,1405,,,
8627070,2026-07,1757,,,1
8627088,2026-07,1817,1842,,
8627096,2026-07,1823,,,1
8627100,2026-07,1742,,,1
8627118,2026-07,1770,,1571,1
8627134,2026-07,1591,1596,1613,
8627169,2026-07,1709,,,1
8627177,2026-07,1542,,,1
8627185,2026-07,1846,,,
8627193,2026-07,1728,,,1
8627207,2026-07,1887,1812,1701,
8627215,2026-07,2151,2176,2296,
8627258,2026-07,1774,,,1
8627266,2026-07,1691,,,1
8627282,2026-07,1625,1629,1632,
8627290,2026-07,1928,,,
8627320,2026-07,1628,,,1
8627339,2026-07,1533,,,
8627347,2026-07,1678,,,1
8627380,2026-07,1679,,,
8627410,2026-07,1904,1908,1899,
8627428,2026-07,1826,1809,,
8627436,2026-07,1860,,,
8627452,2026-07,1530,,1543,1
8627460,2026-07,1425,,,
8627479,2026-07,1507,,1449,1
8627487,2026-07,1503,,1597,1
8627517,2026-07,1890,,1836,1
8627525,2026-07,1676,,,1
8627568,2026-07,2365,2265,2264,
8627576,2026-07,1986,,,1
8627584,2026-07,1647,1623,,
8627592,2026-07,1924,,,1
8627622,2026-07,1517,,,
8627649,2026-07,1417,,,1
8627665,2026-07,1526,1545,,
8627673,2026-07,1549,,,1
8627681,2026-07,1528,,,
8627711,2026-07,1747,,,
8627720,2026-07,1687,,,1
8627738,2026-07,1643,1583,,1
8627754,2026-07,1750,,,1
8627797,2026-07,1711,,,1
8627819,2026-07,1603,,,1
8627827,2026-07,1706,,,
8627835,2026-07,1666,,,
8627843,2026-07,1704,,,1
8627851,2026-07,2035,1914,1914,
8627860,2026-07,1674,1672,1758,1
8627878,2026-07,1796,1804,1659,1
8627886,2026-07,1795,,,1
8627959,2026-07,1768,,,1
8627967,2026-07,2114,1936,1907,
8627975,2026-07,1657,,,1
8627983,2026-07,1848,,,1
8627991,2026-07,1765,,,1
8628009,2026-07,1671,,,1
8628017,2026-07,1645,,,1
8628033,2026-07,1509,,,1
8628041,2026-07,1676,,,
8628050,2026-07,1780,,,1
8628068,2026-07,1850,1777,1804,
8628092,2026-07,1842,1780,,
8628106,2026-07,1987,1806,1921,
8628114,2026-07,1702,,,
8628122,2026-07,1651,,,
8628130,2026-07,1659,1650,1632,
8628149,2026-07,1718,1716,1705,
8628165,2026-07,1800,1797,1754,
8628173,2026-07,1634,,,
8628181,2026-07,1868,,,
8628203,2026-07,1678,,,
8628211,2026-07,1706,,,1
8628238,2026-07,1638,,,1
8628246,2026-07,1725,,,1
8628254,2026-07,1704,,,
8628262,2026-07,1838,1865,1752,
8628297,2026-07,1671,,,1
8628319,2026-07,1539,,,1
8628327,2026-07,1683,,,1
8628335,2026-07,1817,,,1
8628343,2026-07,1736,,,1
8628360,2026-07,1876,,,1
8628386,2026-07,1684,,,1
8628394,2026-07,1699,,,1
8628408,2026-07,,,1626,
8628416,2026-07,1654,1594,1594,1
8628424,2026-07,1662,1663,1656,1
8628432,2026-07,1809,,,1
8628459,2026-07,1827,,,1
8628475,2026-07,1707,,,1
8628483,2026-07,1690,,,1
8628491,2026-07,1907,,,1
8628505,2026-07,1759,,,1
8628521,2026-07,1568,,,1
8628572,2026-07,1548,1575,,1
8628599,2026-07,1841,,,
8628610,2026-07,1686,1756,1733,1
8628637,2026-07,,,1554,
8628645,2026-07,1449,,1593,
8628653,2026-07,1913,1867,1867,1
8628688,2026-07,,1536,,
8628696,2026-07,1650,1590,,1
8628700,2026-07,1683,1710,,1
8628742,2026-07,1543,,1525,1
8628785,2026-07,1792,1756,1756,1
8628793,2026-07,1722,1647,1662,1
8628823,2026-07,1552,,1526,
8628874,2026-07,1711,,,
8628939,2026-07,1634,,,1
8629013,2026-07,1937,,,
8629021,2026-07,1732,,,1
8629110,2026-07,1679,1721,1745,
8629153,2026-07,1948,,,1
8629170,2026-07,1669,,,1
8629218,2026-07,1871,,,
8629269,2026-07,2077,1981,2044,
8629285,2026-07,1640,,,1
8629323,2026-07,1921,1933,1972,
8629331,2026-07,1744,,,1
8629447,2026-07,1687,,,1
8629811,2026-07,1778,,,1
8629900,2026-07,1497,1620,,1
8629919,2026-07,1780,1746,,1
8630143,2026-07,1928,1901,1977,
8630275,2026-07,1724,,,1
8630291,2026-07,,1492,1527,
8630305,2026-07,1760,1700,1700,1
8630364,2026-07,1694,1883,,1
8630429,2026-07,1775,,,1
8630437,2026-07,1725,,,1
8630453,2026-07,1892,1878,,1
8630534,2026-07,,1889,,
8630569,2026-07,1632,,,1
8630585,2026-07,1883,1883,1923,
8630666,2026-07,1642,1659,,1
8630682,2026-07,1744,,,1
8630704,2026-07,1690,,,1
8630763,2026-07,1588,1607,,
8630771,2026-07,1576,,,1
8630780,2026-07,1589,,,1
8630798,2026-07,1644,,,1
8630801,2026-07,1913,1868,1853,
8630810,2026-07,1506,,,1
8630828,2026-07,1677,,,1
8630836,2026-07,1700,1654,1633,
8630844,2026-07,1534,,,1
8630909,2026-07,1551,,,1
8630925,2026-07,1716,,1720,1
8630976,2026-07,1915,,,1
8630984,2026-07,1592,,,1
8630992,2026-07,1747,,,1
8631000,2026-07,1763,,,1
8631018,2026-07,1856,,,
8631034,2026-07,1841,1894,,1
8631042,2026-07,1521,,,1
8631050,2026-07,1651,1606,,
8631069,2026-07,1578,,,1
8631077,2026-07,1722,,,1
8631085,2026-07,1563,,,
8631093,2026-07,1499,,,1
8631115,2026-07,1414,,,1
8631123,2026-07,1623,,,1
8631131,2026-07,1523,,,
8631140,2026-07,1683,,,1
8631166,2026-07,2091,1805,1835,
8631190,2026-07,,1759,,
8631280,2026-07,,1774,,
8631301,2026-07,1672,1614,1614,1
8631310,2026-07,1876,,1828,
8631344,2026-07,1670,,,1
8631352,2026-07,1675,,,1
8631360,2026-07,,,1662,
8631379,2026-07,1918,2027,1831,
8631409,2026-07,1654,,1693,1
8631425,2026-07,1826,,1842,1
8631433,2026-07,1588,,1608,1
8631441,2026-07,1858,,1826,1
8631450,2026-07,1811,1832,1684,
8631468,2026-07,,,1506,
8631484,2026-07,1579,,,
8631514,2026-07,1773,,1827,
8631530,2026-07,1888,,,1
8631549,2026-07,1659,,,1
8631557,2026-07,1647,,,
8631590,2026-07,1612,1548,,
8631603,2026-07,2355,2260,2367,
8631611,2026-07,1997,1976,,1
8631638,2026-07,2214,2191,2218,
8631719,2026-07,1878,,,1
8631727,2026-07,1969,,,1
8631735,2026-07,2047,,,1
8631760,2026-07,,,1694,
8631778,2026-07,1851,,,1
8631786,2026-07,1764,,,1
8631794,2026-07,1521,,,1
8631808,2026-07,1615,,,1
8631816,2026-07,1689,,,1
8631824,2026-07,1706,,,1
8631832,2026-07,1775,,,1
8631840,2026-07,1761,,,1
8631859,2026-07,2436,2368,2258,
8631867,2026-07,1599,,,
8631875,2026-07,1562,,,
8631883,2026-07,1695,,,1
8631891,2026-07,2479,2453,2447,
8631905,2026-07,1651,,,1
8631913,2026-07,1605,,,1
8631921,2026-07,1731,,,1
8631930,2026-07,2456,2436,2474,
8631948,2026-07,1719,,,1
8631964,2026-07,1520,,,
8631972,2026-07,1475,,,
8631980,2026-07,1840,,,1
8631999,2026-07,1599,,,
8632006,2026-07,1584,,,
8632014,2026-07,1700,,,
8632022,2026-07,1465,,,
8632030,2026-07,1790,,,
8632049,2026-07,1705,,,
8632057,2026-07,1843,,,1
8632065,2026-07,1799,,,
8632073,2026-07,1647,,,1
8632120,2026-07,1593,,1510,1
8632146,2026-07,1731,,,1
8632154,2026-07,1677,,,1
8632170,2026-07,1684,,,1
8632189,2026-07,1905,,,
8632197,2026-07,1853,1897,1816,
8632200,2026-07,2538,2398,2469,
8632219,2026-07,1932,,,1
8632227,2026-07,1964,,,
8632235,2026-07,1437,,,
8632243,2026-07,1776,,,
8632251,2026-07,1798,,,1
8632278,2026-07,1654,,,1
8632324,2026-07,1844,,,1
8632359,2026-07,1648,,,
8632367,2026-07,1747,,,1
8632391,2026-07,1737,,,
8632405,2026-07,1682,,,
8632448,2026-07,1559,,,
8632456,2026-07,1734,,,1
8632464,2026-07,1678,,,
8632472,2026-07,1595,,,1
8632499,2026-07,1536,,,
8632510,2026-07,1709,,,1
8632545,2026-07,1685,,,1
8632553,2026-07,1619,,,
8632561,2026-07,1572,1659,1587,
8632570,2026-07,1900,,,1
8632588,2026-07,1742,,,1
8632596,2026-07,,,1558,
8632600,2026-07,1774,,,1
8632669,2026-07,1719,,,1
8632693,2026-07,1798,,,1
8632707,2026-07,1969,1926,,
8632731,2026-07,1696,,,1
8632774,2026-07,1782,1788,,
8632790,2026-07,1593,,,1
8632804,2026-07,1711,,,1
8632812,2026-07,1614,,,1
8632839,2026-07,1515,,,1
8632880,2026-07,1600,1632,,1
8632901,2026-07,1639,,,
8632910,2026-07,1564,,,1
8632952,2026-07,1707,,,1
8632987,2026-07,1774,,,1
8632995,2026-07,,1617,,
8633002,2026-07,1780,1668,,1
8633010,2026-07,1669,1657,,1
8633029,2026-07,1693,,,
8633061,2026-07,1689,,,1
8633118,2026-07,1919,1736,2001,
8633150,2026-07,1674,,,1
8633177,2026-07,1701,,,1
8633185,2026-07,1597,,,
8633207,2026-07,1669,1668,,
8633258,2026-07,1736,,,1
8633290,2026-07,1533,,,1
8633304,2026-07,1684,,,1
8633339,2026-07,1551,,,1
8633363,2026-07,1680,,,1
8633398,2026-07,1985,1971,,
8633401,2026-07,1860,,,1
8633444,2026-07,2156,1888,1907,
8633479,2026-07,1735,,,1
8633533,2026-07,1777,,,1
8633550,2026-07,1753,,,1
8633622,2026-07,1665,,,1
8633630,2026-07,1594,,,1
8633720,2026-07,1553,,,1
8633843,2026-07,1698,,,1
8633860,2026-07,1722,,,1
8633886,2026-07,1768,,,1
8633894,2026-07,1634,,,1
8633932,2026-07,1599,,,1
8633940,2026-07,1650,,,1
8634106,2026-07,1436,,,1
8634114,2026-07,1773,,,1
8634122,2026-07,1741,,,1
8634149,2026-07,1645,,,1
8634165,2026-07,1693,,,
8634181,2026-07,1597,,,1
8634190,2026-07,1602,,,1
8634238,2026-07,1726,,,1
8634254,2026-07,1600,,,1
8634262,2026-07,1529,,,1
8634289,2026-07,1589,,,1
8634386,2026-07,1548,,,1
8634416,2026-07,1830,,,1
8634440,2026-07,1612,,,1
8634475,2026-07,1739,,,1
8634521,2026-07,1681,,,
8634564,2026-07,1577,,,1
8634599,2026-07,1723,,,
8634777,2026-07,1684,,,
8634785,2026-07,1512,,,
8634793,2026-07,1501,,,
8634807,2026-07,1515,,,
8634823,2026-07,1875,1792,,1
8634831,2026-07,1957,1985,1814,
8634840,2026-07,1917,,,1
8634882,2026-07,1793,,,1
8634890,2026-07,1643,,,
8634920,2026-07,1989,,,1
8634947,2026-07,1796,1891,1747,
8634971,2026-07,2176,1948,2132,
8635005,2026-07,1419,1579,1525,1
8635013,2026-07,,1482,,
8635056,2026-07,1680,1720,1648,
8635064,2026-07,1552,1492,,1
8635110,2026-07,1632,1859,,1
8635145,2026-07,1465,,1508,1
8635153,2026-07,1513,,,1
8635161,2026-07,,,1630,
8635269,2026-07,1673,,,1
8635277,2026-07,2052,,,
8635285,2026-07,2027,,,1
8635293,2026-07,1788,,,1
8635307,2026-07,1855,,,1
8635315,2026-07,1686,,,1
8635331,2026-07,1597,,,1
8635340,2026-07,1765,,,1
8635358,2026-07,1692,,,1
8635366,2026-07,2116,,1969,1
8635374,2026-07,1660,,,1
8635382,2026-07,1604,,,1
8635390,2026-07,1972,,,
8635404,2026-07,1738,,,1
8635412,2026-07,1810,,,1
8635420,2026-07,1645,,,1
8635439,2026-07,1786,,,1
8635447,2026-07,1769,,,1
8635455,2026-07,1659,,,1
8635463,2026-07,1529,,,1
8635471,2026-07,1612,,,1
8635480,2026-07,1531,,,1
8635498,2026-07,1500,,,1
8635501,2026-07,1599,,,1
8635510,2026-07,1610,,,1
8635560,2026-07,1624,,,1
8635579,2026-07,1599,,,1
8635587,2026-07,1665,,,1
8635595,2026-07,1684,,,1
8635609,2026-07,1481,,,1
8635617,2026-07,1479,,,1
8635625,2026-07,1521,,,1
8635633,2026-07,1532,,,1
8635641,2026-07,1540,,,1
8635650,2026-07,1605,,,1
8635668,2026-07,1840,1702,,
8635676,2026-07,1550,,,1
8635684,2026-07,2140,,2311,
8635692,2026-07,1643,,,
8635706,2026-07,1712,1692,1758,
8635714,2026-07,1931,,,1
8635722,2026-07,1711,,,
8635730,2026-07,1566,,,
8635749,2026-07,1521,,,
8635757,2026-07,1707,,,
8635765,2026-07,1676,,,
8635773,2026-07,1450,,,
8635781,2026-07,1667,,,
8635790,2026-07,1798,,,
8635803,2026-07,1612,1594,,
8635811,2026-07,1503,,,
8635820,2026-07,1676,,,
8635838,2026-07,1568,,,
8635846,2026-07,1756,,,
8635854,2026-07,1706,,,
8635862,2026-07,1745,1745,1608,
8635889,2026-07,2303,2180,2023,
8635897,2026-07,1725,,,
8635919,2026-07,1546,,,
8635927,2026-07,1499,1468,1516,
8635935,2026-07,1408,,,
8635943,2026-07,1480,,,
8635960,2026-07,1896,1800,,
8635986,2026-07,1459,,,
8635994,2026-07,1455,,,
8636001,2026-07,2055,2006,1863,
8636028,2026-07,2030,1884,1942,
8636036,2026-07,1465,,,
8636044,2026-07,1694,,,
8636052,2026-07,1533,1460,1499,
8636060,2026-07,2254,2117,2092,
8636079,2026-07,1684,,,
8636087,2026-07,1657,,,
8636109,2026-07,1522,,,
8636117,2026-07,1749,,,
8636141,2026-07,,1701,,
8636168,2026-07,,,1696,
8636290,2026-07,1540,,,1
8636338,2026-07,1597,,,1
8636397,2026-07,1617,1663,,
8636400,2026-07,1437,1462,1467,
8636435,2026-07,,,1969,
8636460,2026-07,1690,,,1
8636478,2026-07,1712,,,1
8636486,2026-07,1654,,,1
8636494,2026-07,1646,,,
8636508,2026-07,,1442,,
8636524,2026-07,,1643,,
8636540,2026-07,1644,,,1
8636664,2026-07,1635,,,1
8636680,2026-07,1588,,,1
8636699,2026-07,1485,,,1
8636702,2026-07,1476,,,1
8636710,2026-07,1585,,,1
8636737,2026-07,1474,,,1
8636753,2026-07,1470,,,1
8636761,2026-07,1575,1621,,
8636770,2026-07,1486,1521,,
8636834,2026-07,1537,,,1
8636869,2026-07,1440,,,1
8636893,2026-07,1438,1482,1449,1
8636915,2026-07,,,1718,
8636966,2026-07,,1448,,
8636974,2026-07,1435,1483,1552,1
8637008,2026-07,,,1444,
8637016,2026-07,,,1650,
8637024,2026-07,1775,,1762,
8637342,2026-07,1730,,,1
8637350,2026-07,,,1654,
8637393,2026-07,1831,1771,1825,1
8637407,2026-07,1758,1719,1706,
8637423,2026-07,1732,,,1
8637431,2026-07,1908,,,1
8637440,2026-07,1707,,,
8637458,2026-07,1606,,,1
8637490,2026-07,1741,,,1
8637504,2026-07,1719,,,1
8637555,2026-07,1668,,,1
8637601,2026-07,1408,1496,1555,
8637652,2026-07,1520,,,1
8637725,2026-07,1613,,,
8637733,2026-07,1814,,,1
8637750,2026-07,1959,1834,1848,
8637784,2026-07,,1433,,
8637792,2026-07,,1464,,
8637970,2026-07,1740,,1743,
8638071,2026-07,1619,1542,1727,1
8638160,2026-07,1639,1763,1543,1
8638241,2026-07,,,1822,
8638250,2026-07,1699,1853,1832,
8638276,2026-07,1859,,,1
8638284,2026-07,1471,1479,,
8638381,2026-07,,,1472,
8638624,2026-07,1704,,,1
8638632,2026-07,1662,1620,1657,
8638772,2026-07,1747,1644,,
8638799,2026-07,1591,1504,1532,
8638802,2026-07,1778,1810,,1
8638810,2026-07,1881,,1738,
8638837,2026-07,1700,,,
8638845,2026-07,1647,1578,1580,1
8638896,2026-07,,1467,,
8638900,2026-07,1491,1476,1469,
8638918,2026-07,,1635,,
8638926,2026-07,1844,1845,1867,
8638942,2026-07,1609,1737,,1
8638950,2026-07,1846,,,
8638977,2026-07,1873,,,
8638993,2026-07,1548,1468,1523,1
8639310,2026-07,1688,,,
8639345,2026-07,1509,,,
8639353,2026-07,1460,,,
8639370,2026-07,1647,,,
8639418,2026-07,,1438,1517,
8639426,2026-07,,1429,,
8639450,2026-07,1565,1499,,
8639523,2026-07,,1421,,
8639574,2026-07,,1421,,
8639582,2026-07,1942,1881,1744,
8639604,2026-07,1635,1700,,1
8639701,2026-07,1719,1813,,
8639710,2026-07,1578,,,1
8639736,2026-07,1466,,,
8639744,2026-07,1659,1698,1697,
8639779,2026-07,1529,,,
8639795,2026-07,1711,,,1
8639809,2026-07,2009,,2068,
8639817,2026-07,1709,,,
8639825,2026-07,1710,,,1
8639833,2026-07,1533,,,
8639841,2026-07,1576,,,1
8639850,2026-07,2135,2045,1905,
8639868,2026-07,1957,1766,1597,
8639876,2026-07,1719,,,1
8639892,2026-07,2083,1932,,1
8639906,2026-07,1835,1732,1731,
8639914,2026-07,1737,,,
8640084,2026-07,,1446,,
8640106,2026-07,,1512,,
8640122,2026-07,1670,1475,,
8640157,2026-07,1592,1514,1525,
8640181,2026-07,1834,1804,1822,
8640190,2026-07,1690,1666,1615,
8640203,2026-07,1577,,,
8640211,2026-07,1584,,,1
8640220,2026-07,1715,,,
8640238,2026-07,1769,1424,,
8640246,2026-07,1594,,,1
8640254,2026-07,1711,,,
8640262,2026-07,1653,1641,,
8640270,2026-07,1639,,,
8640289,2026-07,1491,,,
8640297,2026-07,1601,,,1
8640300,2026-07,1523,,,
8640319,2026-07,1942,,,
8640327,2026-07,1881,1870,1984,
8640335,2026-07,1977,1785,1840,
8640343,2026-07,1843,,1750,
8640351,2026-07,1692,,,1
8640360,2026-07,1481,,,1
8640378,2026-07,2045,1923,1738,
8640386,2026-07,1887,1736,1750,
8640394,2026-07,1684,,,
8640408,2026-07,1585,,,
8640416,2026-07,1864,1698,1884,
8640424,2026-07,1679,,,
8640432,2026-07,2288,2122,1944,
8640459,2026-07,1815,,,1
8640483,2026-07,1645,1722,1560,
8640491,2026-07,2273,2107,2044,
8640505,2026-07,1599,1668,,
8640513,2026-07,1641,,,
8640521,2026-07,,1516,,
8640530,2026-07,1650,,,
8640556,2026-07,1661,,,
8640564,2026-07,1571,,,1
8640572,2026-07,1755,1712,1596,
8640599,2026-07,1600,1542,1621,
8640602,2026-07,1531,1516,,
8640610,2026-07,1652,1491,,
8640645,2026-07,1540,1525,,
8640653,2026-07,2323,2003,2030,
8640661,2026-07,1595,,,
8640688,2026-07,1655,1715,1727,
8640696,2026-07,1522,,,
8640700,2026-07,1881,1799,,
8640718,2026-07,1868,1806,1817,
8640726,2026-07,1720,,,1
8640734,2026-07,1776,1606,,
8640742,2026-07,1751,1751,1818,1
8640750,2026-07,1696,1620,1571,
8640769,2026-07,1614,,,1
8640777,2026-07,1708,1594,1574,
8640785,2026-07,1671,,,1
8640793,2026-07,1816,,,
8640807,2026-07,2010,1941,,
8640815,2026-07,1531,1519,1586,
8640823,2026-07,1749,,,1
8640831,2026-07,1675,,,1
8640858,2026-07,,1649,,
8640874,2026-07,1614,,,
8640890,2026-07,1582,,,
8640912,2026-07,1720,1627,1744,
8640920,2026-07,1736,,,1
8640947,2026-07,1582,,1503,
8640955,2026-07,1829,1776,1660,
8640963,2026-07,1859,1780,1722,
8640971,2026-07,1744,,,
8640980,2026-07,2064,1883,1996,
8640998,2026-07,1915,1919,,
8641005,2026-07,1890,1803,,
8641013,2026-07,1645,1531,,
8641021,2026-07,2337,2054,2214,
8641030,2026-07,1569,,,
8641048,2026-07,1627,,,
8641056,2026-07,1879,1861,,
8641064,2026-07,1917,1839,1815,
8641072,2026-07,1509,,1615,
8641099,2026-07,1610,,,
8641102,2026-07,1485,1431,,
8641110,2026-07,2015,1871,1847,
8641129,2026-07,1748,,,
8641137,2026-07,1702,,,
8641161,2026-07,1727,,,1
8641170,2026-07,2003,1862,1908,
8641188,2026-07,1601,,,
8641226,2026-07,1666,1570,1609,
8641250,2026-07,1478,,,1
8641269,2026-07,1752,,,1
8641285,2026-07,1494,,,1
8641293,2026-07,1733,1713,,1
8641315,2026-07,1619,,,1
8641331,2026-07,1707,,,1
8641340,2026-07,1904,1945,1958,
8641358,2026-07,1540,,,1
8641366,2026-07,1431,,,
8641374,2026-07,1574,1443,,
8641390,2026-07,1581,,,
8641404,2026-07,,1823,1779,
8641420,2026-07,1608,,,
8641439,2026-07,1675,,,1
8641447,2026-07,2062,1939,2004,
8641455,2026-07,1499,1487,1470,
8641463,2026-07,1614,,,
8641471,2026-07,1769,1852,,
8641498,2026-07,1667,,,
8641501,2026-07,2043,,2263,
8641510,2026-07,1935,1854,1891,1
8641528,2026-07,2383,1972,2227,
8641536,2026-07,1730,1733,1671,
8641544,2026-07,1596,1643,,
8641552,2026-07,2253,1822,2082,
8641560,2026-07,2344,2014,2124,
8641579,2026-07,1647,,,
8641587,2026-07,1820,,,1
8641595,2026-07,1637,,,
8641617,2026-07,1646,,,
8641625,2026-07,1787,,,
8641641,2026-07,1561,1715,,
8641650,2026-07,1762,1691,,
8641668,2026-07,2168,1984,1899,
8641676,2026-07,1612,,,
8641684,2026-07,1487,1515,,1
8641692,2026-07,1857,,,1
8641722,2026-07,1585,,,
8641730,2026-07,1985,1773,1821,
8641757,2026-07,2125,2082,2049,
8641790,2026-07,1810,,,
8641803,2026-07,1716,,,
8641986,2026-07,,1408,,
8641994,2026-07,,1481,,
8642001,2026-07,,1542,,
8642028,2026-07,1714,,,
8642036,2026-07,1651,,,
8642044,2026-07,1641,1561,1572,
8642087,2026-07,,1489,,
8642109,2026-07,1839,,,1
8642133,2026-07,,1573,,
8642176,2026-07,1498,1457,1468,
8642184,2026-07,1439,1444,,1
8642192,2026-07,1591,1595,,
8642206,2026-07,1545,,,
8642214,2026-07,1848,1714,,
8642230,2026-07,2201,,,
8642338,2026-07,1656,1488,,
8642346,2026-07,1707,,,1
8642362,2026-07,1588,,,1
8642370,2026-07,1696,1630,,
8642397,2026-07,1557,,,
8642400,2026-07,1897,1921,,
8642419,2026-07,1672,1646,,
8642427,2026-07,2035,2031,1913,
8642443,2026-07,1587,,,1
8642451,2026-07,1709,,,1
8642478,2026-07,1577,1534,,
8642494,2026-07,1557,,,
8642508,2026-07,1763,,,
8642524,2026-07,1777,,,1
8642532,2026-07,1524,,,
8642540,2026-07,2038,1659,1646,
8642559,2026-07,1622,1616,,1
8642567,2026-07,1728,1697,,1
8642575,2026-07,1989,1758,1824,
8642583,2026-07,1429,,,1
8642591,2026-07,1425,1495,,1
8642630,2026-07,1626,1592,1459,1
8642648,2026-07,1915,1771,,
8642664,2026-07,1574,,,
8642680,2026-07,1737,1788,,
8642699,2026-07,1640,,,
8642702,2026-07,1553,,,
8642729,2026-07,1492,1496,,
8642737,2026-07,1827,,,
8642745,2026-07,1668,,,
8642753,2026-07,1722,1754,,
8642770,2026-07,1724,,,
8642788,2026-07,1460,,,
8642796,2026-07,1653,1733,1781,
8642800,2026-07,1798,,1714,
8642869,2026-07,1848,1927,1939,1
8642877,2026-07,1618,1759,1513,1
8642885,2026-07,1742,1735,,
8642893,2026-07,1629,1543,,
8642907,2026-07,1701,,,1
8642915,2026-07,1782,,,1
8642923,2026-07,1705,,1702,
8642940,2026-07,1568,,,
8642958,2026-07,1524,,,
8642982,2026-07,1606,,,1
8642990,2026-07,1504,,,
8643008,2026-07,1639,,,1
8643016,2026-07,1780,,,
8643024,2026-07,1601,,,
8643032,2026-07,1755,1750,1600,
8643040,2026-07,1633,,,1
8643059,2026-07,1869,,,1
8643067,2026-07,1598,,,
8643075,2026-07,1561,1540,1556,
8643091,2026-07,1618,,,1
8643113,2026-07,1606,,,
8643130,2026-07,1492,1444,1511,
8643164,2026-07,1620,1712,,
8643172,2026-07,2168,2018,2044,
8643202,2026-07,1592,,,
8643229,2026-07,1661,1637,1717,
8643237,2026-07,1643,,,
8643253,2026-07,1702,,,1
8643261,2026-07,1776,,,1
8643288,2026-07,1561,,,
8643296,2026-07,1734,,,
8643300,2026-07,1455,,,
8643318,2026-07,2064,2014,2052,
8643326,2026-07,1563,,,
8643334,2026-07,1834,,,1
8643350,2026-07,1603,,,
8643369,2026-07,1787,,,1
8643377,2026-07,1676,1629,,
8643385,2026-07,1475,,,1
8643393,2026-07,1720,,,1
8643407,2026-07,1618,,,1
8643440,2026-07,1800,1890,1890,1
8643458,2026-07,1555,,,1
8643466,2026-07,1548,,,
8643482,2026-07,2119,1964,2029,
8643504,2026-07,1648,,,1
8643520,2026-07,1714,1671,,
8643539,2026-07,1613,1636,1622,
8643547,2026-07,1749,,,1
8643555,2026-07,1533,,,
8643563,2026-07,1760,,,
8643571,2026-07,1587,1613,1680,
8643580,2026-07,1581,1561,,
8643598,2026-07,1728,,,
8643601,2026-07,1878,1788,1842,
8643644,2026-07,1522,1437,,
8643652,2026-07,1535,,,1
8643660,2026-07,1616,,1581,
8643687,2026-07,1753,,1718,
8643695,2026-07,1602,,,1
8643709,2026-07,1645,1588,,
8643725,2026-07,1689,,,
8643733,2026-07,1643,,,1
8643750,2026-07,,1445,,
8643768,2026-07,1615,1586,,1
8643806,2026-07,1472,,,1
8643830,2026-07,,1557,,
8643865,2026-07,1609,1606,1719,
8643938,2026-07,1783,1805,1738,
8643946,2026-07,1658,1660,,1
8643997,2026-07,,1530,,
8644004,2026-07,1831,,1833,
8644012,2026-07,1571,,,
8644071,2026-07,1523,1513,,
8644080,2026-07,1683,,,1
8644110,2026-07,1648,,,1
8644233,2026-07,1491,,1409,1
8644250,2026-07,,1483,,
8644276,2026-07,1553,,,
8644284,2026-07,,1412,,
8644330,2026-07,,1460,,
8644365,2026-07,,1468,,
8644390,2026-07,,1585,,
8644438,2026-07,,1408,1523,
8644500,2026-07,1811,1562,1553,
8644560,2026-07,1660,,1653,1
8644578,2026-07,1558,,,1
8644586,2026-07,1407,,,
8644594,2026-07,1560,,,1
8644632,2026-07,1507,,,1
8644640,2026-07,1625,1765,,1
8644667,2026-07,1684,1689,,1
8644683,2026-07,1441,,,
8644721,2026-07,1766,,,1
8644799,2026-07,1469,1573,,
8644810,2026-07,1803,1900,1907,
8644829,2026-07,1566,,,1
8644837,2026-07,1681,1636,,
8644853,2026-07,1760,,,1
8644861,2026-07,1697,,,
8644918,2026-07,1505,,,
8644934,2026-07,1714,,,1
8644942,2026-07,1566,,,1
8644969,2026-07,1558,,,
8644993,2026-07,1465,,,1
8645000,2026-07,1515,,,
8645086,2026-07,1760,,,1
8645108,2026-07,1684,,,1
8645132,2026-07,1692,,,1
8645140,2026-07,1755,,,1
8645175,2026-07,1685,,,1
8645183,2026-07,1699,,,1
8645205,2026-07,1877,1919,,
8645213,2026-07,2024,1828,,
8645221,2026-07,1569,,,1
8645230,2026-07,1634,,,1
8645256,2026-07,1782,,,1
8645264,2026-07,2035,,1916,
8645272,2026-07,1602,,,
8645280,2026-07,1662,,,
8645299,2026-07,1732,,,1
8645310,2026-07,1763,,,
8645337,2026-07,1429,,1617,
8645345,2026-07,1830,,,1
8645370,2026-07,1476,,,1
8645388,2026-07,1589,,,1
8645396,2026-07,1744,,,1
8645400,2026-07,1655,,,1
8645418,2026-07,1555,,,1
8645434,2026-07,1624,1605,,
8645469,2026-07,1653,,,
8645477,2026-07,1708,,,1
8645493,2026-07,1608,1714,,
8645515,2026-07,1706,,,
8645540,2026-07,1522,,,1
8645558,2026-07,1760,,,
8645566,2026-07,1561,,,
8645604,2026-07,1723,,,1
8645612,2026-07,1802,,1828,1
8645639,2026-07,1649,,,1
8645647,2026-07,1718,,,1
8645655,2026-07,1433,,,
8645663,2026-07,1501,,,
8645680,2026-07,1459,,,1
8645698,2026-07,1567,,,
8645728,2026-07,1597,,,
8645736,2026-07,1733,,,
8645760,2026-07,1682,,,
8645809,2026-07,1611,,,1
8645817,2026-07,1683,,,1
8645833,2026-07,1695,,,
8645841,2026-07,1583,1583,1515,
8645906,2026-07,1543,,,1
8645914,2026-07,1904,1676,1600,
8645949,2026-07,1634,,,
8645957,2026-07,1878,1922,1930,1
8645973,2026-07,1734,,,
8646015,2026-07,1657,,,1
8646074,2026-07,1469,1530,,
8646090,2026-07,1546,,,
8646112,2026-07,1515,,,1
8646139,2026-07,1535,1543,1600,
8646155,2026-07,1496,1508,,1
8646163,2026-07,1515,1559,1510,
8646180,2026-07,,1679,,
8646201,2026-07,1590,1496,,
8646210,2026-07,1460,,,
8646236,2026-07,1791,1763,,
8646333,2026-07,1754,,,1
8646350,2026-07,1839,,,1
8646368,2026-07,1595,,,
8646376,2026-07,1511,,,
8646384,2026-07,1631,,,1
8646422,2026-07,1648,,,1
8646457,2026-07,,1808,,
8646481,2026-07,1588,,,
8646490,2026-07,1574,1570,1588,
8646503,2026-07,1620,,,
8646511,2026-07,1663,1691,,
8646520,2026-07,1563,,,
8646538,2026-07,1695,,,
8646546,2026-07,1624,,,1
8646554,2026-07,1543,1534,1512,
8646589,2026-07,1593,1600,,1
8646619,2026-07,1815,1755,1633,
8646627,2026-07,1646,1711,1659,1
8646635,2026-07,1572,,,1
8646643,2026-07,1671,,,
8646651,2026-07,1487,,,
8646660,2026-07,1566,,1529,1
8646678,2026-07,1552,,,
8646686,2026-07,1738,,,
8646694,2026-07,1634,,,1
8646708,2026-07,1542,,,1
8646716,2026-07,1566,,,
8646732,2026-07,1662,,,1
8646740,2026-07,1629,,,1
8646767,2026-07,1707,,,1
8646783,2026-07,1519,,,
8646830,2026-07,,1605,,
8646848,2026-07,1534,,,
8646872,2026-07,1709,,,
8646880,2026-07,1765,,,1
8646899,2026-07,1576,,,
8646910,2026-07,1699,,,1
8646937,2026-07,1768,1752,,1
8646945,2026-07,1493,,,
8646970,2026-07,1588,,,
8647003,2026-07,1544,1520,,1
8647062,2026-07,1622,1675,,
8647070,2026-07,1623,1659,,
8647100,2026-07,1885,1919,,
8647135,2026-07,,1578,,
8647143,2026-07,1549,,,1
8647151,2026-07,1723,,,1
8647160,2026-07,1416,,,
8647178,2026-07,1593,,,1
8647186,2026-07,1618,1698,1621,
8647194,2026-07,,1655,,
8647208,2026-07,1623,,,1
8647216,2026-07,1548,,,
8647267,2026-07,1654,1615,,1
8647283,2026-07,,1411,,
8647291,2026-07,1475,1601,,
8647313,2026-07,1473,,,
8647356,2026-07,1434,1504,,
8647372,2026-07,1730,1761,,1
8647380,2026-07,1744,1689,1679,
8647399,2026-07,1670,,1665,
8647402,2026-07,1618,1647,1540,1
8647410,2026-07,1662,1650,1651,
8647445,2026-07,1984,1741,1814,
8647453,2026-07,1432,,1502,1
8647488,2026-07,1402,,1451,
8647496,2026-07,1422,1419,1440,1
8647500,2026-07,1463,,,1
8647518,2026-07,1459,1473,1625,
8647526,2026-07,1900,1858,1853,
8647542,2026-07,1742,1671,1710,
8647550,2026-07,1629,1531,1556,1
8647569,2026-07,1531,1609,1565,1
8647577,2026-07,1580,1531,1525,1
8647585,2026-07,1740,1777,1732,
8647607,2026-07,1696,,,
8647615,2026-07,1752,1664,1700,
8647623,2026-07,,1608,1738,
8647631,2026-07,1694,,1618,1
8647640,2026-07,1495,1503,1606,
8647674,2026-07,1789,1594,1619,
8647682,2026-07,1806,1648,1551,
8647690,2026-07,1573,1574,1510,
8647704,2026-07,,1586,,
8647739,2026-07,1457,,,
8647747,2026-07,,1499,1571,
8647763,2026-07,1674,,,
8647771,2026-07,1967,1956,1939,
8647798,2026-07,,,1943,
8647801,2026-07,1942,,1679,
8647828,2026-07,1642,,,1
8647860,2026-07,1681,1771,,
8647887,2026-07,1543,1715,1643,
8647895,2026-07,1519,,,
8647909,2026-07,1875,1888,,
8647917,2026-07,1446,,,
8647941,2026-07,1618,,,1
8647950,2026-07,1585,,,
8647968,2026-07,1756,1646,1630,
8647984,2026-07,1894,,,
8648018,2026-07,1618,,,1
8648050,2026-07,1437,,,1
8648069,2026-07,1542,,,
8648077,2026-07,1759,,1467,
8648107,2026-07,1661,1686,,
8648115,2026-07,1519,,,
8648166,2026-07,1599,,,1
8648174,2026-07,1639,,,
8648182,2026-07,1656,,,
8648190,2026-07,1497,,,
8648204,2026-07,1566,,,
8648239,2026-07,1804,1642,,
8648247,2026-07,1564,,,
8648255,2026-07,1774,,,
8648263,2026-07,1623,1700,,
8648280,2026-07,1969,1870,1950,
8648298,2026-07,1405,,,
8648310,2026-07,1463,1578,,
8648395,2026-07,1645,1584,,
8648425,2026-07,1535,1531,,
8648433,2026-07,1557,,,
8648441,2026-07,1783,1730,,
8648514,2026-07,1543,1610,,
8648522,2026-07,1623,,,1
8648557,2026-07,1563,,,1
8648565,2026-07,1455,,,
8648581,2026-07,1653,,,
8648590,2026-07,1749,,,1
8648603,2026-07,1620,1634,1675,
8648620,2026-07,2041,,1775,
8648638,2026-07,1751,,,1
8648646,2026-07,1617,,,1
8648662,2026-07,1713,1734,,1
8648670,2026-07,1689,,,1
8648689,2026-07,1589,,,
8648727,2026-07,1691,,,1
8648735,2026-07,1594,,,
8648778,2026-07,1608,,,1
8648808,2026-07,1974,,,
8648816,2026-07,1493,,,
8648840,2026-07,1870,,,
8648875,2026-07,1650,,,1
8648883,2026-07,1533,,,1
8648891,2026-07,1555,,,1
8648913,2026-07,1603,,,1
8648921,2026-07,1432,,,1
8648948,2026-07,1681,,,
8648956,2026-07,1423,,1426,1
8648980,2026-07,1558,,,1
8648999,2026-07,1511,,,1
8649014,2026-07,1564,,,1
8649057,2026-07,1855,1830,1914,
8649073,2026-07,1759,1669,,1
8649081,2026-07,1535,,,1
8649103,2026-07,,1481,,
8649111,2026-07,,1502,,
8649120,2026-07,1515,1579,1590,
8649138,2026-07,2273,1868,2034,
8649146,2026-07,1772,1901,1904,1
8649154,2026-07,,1956,,
8649162,2026-07,1667,,,
8649170,2026-07,1514,1604,,1
8649189,2026-07,1653,,,1
8649219,2026-07,1850,1626,1724,
8649227,2026-07,,2071,,
8649243,2026-07,1685,,,
8649278,2026-07,,1453,,
8649286,2026-07,1756,1644,1703,
8649308,2026-07,,1431,,
8649316,2026-07,1623,,,1
8649324,2026-07,1638,,,
8649375,2026-07,1467,,,
8649405,2026-07,1652,,,1
8649413,2026-07,1760,1766,1767,
8649421,2026-07,1500,,,1
8649456,2026-07,1683,1690,,
8649464,2026-07,2133,1775,1763,
8649499,2026-07,1689,1682,1801,
8649502,2026-07,1994,,1864,
8649529,2026-07,1839,1744,,
8649561,2026-07,1675,1704,,
8649570,2026-07,1904,1772,,
8649588,2026-07,1575,,,1
8649596,2026-07,1661,1639,1720,
8649618,2026-07,1505,,,
8649626,2026-07,1464,1466,,
8649634,2026-07,1645,1689,,
8649685,2026-07,1520,,,
8649693,2026-07,1554,,,1
8649707,2026-07,1590,1589,1531,
8649715,2026-07,1586,,,
8649723,2026-07,1404,1422,,1
8649731,2026-07,1804,1755,,
8649740,2026-07,1490,1524,,1
8649766,2026-07,2051,1936,1843,
8649774,2026-07,1507,,,1
8649782,2026-07,1472,,,1
8649855,2026-07,1447,,,
8649863,2026-07,,1610,,
8649936,2026-07,1575,,,
8650055,2026-07,1598,,,
8650080,2026-07,1787,1639,1595,
8650098,2026-07,1789,1528,1537,
8650101,2026-07,1706,1554,1702,
8650179,2026-07,,1495,,
8650187,2026-07,,1451,1405,
8650195,2026-07,1941,2048,1964,
8650209,2026-07,1640,,,
8650217,2026-07,1509,,,1
8650225,2026-07,,,1451,
8650233,2026-07,1549,,,1
8650276,2026-07,1590,,,1
8650284,2026-07,1690,,,1
8650349,2026-07,1636,1638,,
8650365,2026-07,1631,,,
8650381,2026-07,1540,1650,1576,
8650403,2026-07,1614,,,1
8650411,2026-07,1670,,,1
8650462,2026-07,1692,,,1
8650470,2026-07,1563,,,
8650489,2026-07,1604,,,
8650497,2026-07,1573,,1602,
8650519,2026-07,1647,,,1
8650543,2026-07,1829,1883,,
8650551,2026-07,1520,,,1
8650578,2026-07,1594,,,1
8650594,2026-07,1459,,,1
8650608,2026-07,1473,,,1
8650640,2026-07,1782,1738,,
8650659,2026-07,1851,,1757,
8650667,2026-07,1540,1488,1440,
8650683,2026-07,1464,,,1
8650705,2026-07,1565,,,1
8650748,2026-07,1928,1722,,
8650764,2026-07,,1404,1411,
8650772,2026-07,1467,1497,,
8650780,2026-07,1483,1487,1461,
8650799,2026-07,1532,1523,1582,
8650802,2026-07,1679,1671,1679,
8650810,2026-07,1533,1563,1464,
8650861,2026-07,1512,,,
8650870,2026-07,1580,,,
8650888,2026-07,1691,,,1
8650896,2026-07,1686,,,1
8650926,2026-07,1703,1627,1556,
8650934,2026-07,1624,,,1
8650942,2026-07,1719,1769,,
8650950,2026-07,1603,,,1
8650969,2026-07,1632,,,1
8650977,2026-07,1863,1923,1942,
8650985,2026-07,1705,,,1
8651000,2026-07,1687,,,1
8651019,2026-07,1675,,,
8651027,2026-07,1773,1743,,
8651035,2026-07,1564,1599,,
8651043,2026-07,1601,,,
8651051,2026-07,1533,,,1
8651078,2026-07,1594,,,1
8651086,2026-07,1524,,,1
8651094,2026-07,1533,,,
8651108,2026-07,1880,,,
8651116,2026-07,1600,,,
8651132,2026-07,1518,,,
8651140,2026-07,1726,,,
8651175,2026-07,1709,1620,,
8651183,2026-07,1673,,1706,1
8651191,2026-07,1620,1623,1570,
8651205,2026-07,1526,,,
8651213,2026-07,1558,1555,,1
8651221,2026-07,1607,,,1
8651230,2026-07,,2019,,
8651264,2026-07,1557,,,
8651272,2026-07,1653,,,
8651280,2026-07,1427,,,
8651299,2026-07,1625,,,
8651302,2026-07,1567,,,
8651329,2026-07,1601,,,1
8651337,2026-07,1562,,,1
8651353,2026-07,1713,,,1
8651361,2026-07,1622,,,1
8651370,2026-07,1464,,,
8651388,2026-07,1529,,,1
8651400,2026-07,1466,,,1
8651418,2026-07,1905,1735,1604,
8651442,2026-07,1454,,,1
8651450,2026-07,1582,1674,,1
8651469,2026-07,1843,,,
8651477,2026-07,1625,,,1
8651493,2026-07,1546,,,1
8651507,2026-07,1687,,,1
8651515,2026-07,1625,,,1
8651523,2026-07,1558,,,1
8651531,2026-07,1601,,,
8651558,2026-07,1799,,,
8651566,2026-07,1583,,,1
8651574,2026-07,1652,,,
8651612,2026-07,1621,,,1
8651639,2026-07,1771,,,1
8651663,2026-07,1658,,,
8651671,2026-07,1608,,,1
8651701,2026-07,1540,,,
8651710,2026-07,1606,,,1
8651728,2026-07,1726,,,1
8651736,2026-07,1734,1685,,
8651752,2026-07,1527,,,
8651779,2026-07,1549,,,
8651787,2026-07,1622,,,1
8651795,2026-07,1547,,,1
8651817,2026-07,1684,,,1
8651825,2026-07,1431,,,
8651850,2026-07,1587,,,1
8651868,2026-07,1639,,,1
8651876,2026-07,1661,,,1
8651884,2026-07,1708,,,
8651892,2026-07,1726,1665,1537,
8651906,2026-07,1730,,,1
8651914,2026-07,1608,1675,,1
8651922,2026-07,1593,1578,,
8651949,2026-07,1627,,,1
8651957,2026-07,1522,,,
8651965,2026-07,1572,,,
8651973,2026-07,1631,,,
8651981,2026-07,1570,,,
8652007,2026-07,1609,,,
8652031,2026-07,1814,,,1
8652066,2026-07,1670,,,1
8652090,2026-07,,1696,,
8652104,2026-07,1538,,,
8652120,2026-07,1800,1756,1855,
8652147,2026-07,1452,,,
8652155,2026-07,,1686,,
8652171,2026-07,1795,1742,,
8652180,2026-07,,1572,,
8652198,2026-07,1407,,,
8652228,2026-07,1639,1687,,
8652244,2026-07,1778,1660,,
8652287,2026-07,1741,1736,,
8652317,2026-07,1750,,,1
8652333,2026-07,1578,1571,,
8652341,2026-07,1656,,,1
8652350,2026-07,1622,1581,,
8652422,2026-07,1741,1932,1886,
8652449,2026-07,1518,,,
8652490,2026-07,,1694,,
8652503,2026-07,,1541,,
8652538,2026-07,1443,,,
8652589,2026-07,1866,1918,,
8652643,2026-07,1684,1941,,
8652651,2026-07,1687,1714,,1
8652660,2026-07,1668,,,
8652686,2026-07,1539,,,
8652694,2026-07,,1630,,
8652708,2026-07,1519,,,
8652716,2026-07,,1559,,
8652740,2026-07,1650,,,1
8652791,2026-07,1848,,,1
8652805,2026-07,1826,,,
8652830,2026-07,1428,,,1
8652856,2026-07,1648,,,1
8652872,2026-07,1660,,,1
8652880,2026-07,1962,,1802,
8652899,2026-07,1654,,,
8652902,2026-07,1479,,,
8652937,2026-07,1864,1759,,
8652945,2026-07,1635,1659,,1
8652953,2026-07,1648,,,
8652961,2026-07,1953,1932,1818,
8652970,2026-07,1505,,,
8652988,2026-07,1468,,,1
8652996,2026-07,1857,,,
8653038,2026-07,1689,,,1
8653089,2026-07,1596,1602,,1
8653135,2026-07,1720,1816,,
8653178,2026-07,1539,,,1
8653194,2026-07,1660,,,1
8653216,2026-07,1709,,,
8653267,2026-07,1681,1607,,
8653275,2026-07,1862,1801,1772,
8653283,2026-07,1665,,,
8653291,2026-07,1671,1694,,
8653305,2026-07,1514,1709,1590,
8653330,2026-07,1572,,,
8653356,2026-07,1775,,,
8653364,2026-07,1616,1629,,
8653410,2026-07,1560,,,
8653500,2026-07,1718,,,1
8653526,2026-07,1706,,,1
8653534,2026-07,1595,,,1
8653542,2026-07,1542,,,
8653550,2026-07,1710,1673,,
8653577,2026-07,1800,,,
8653607,2026-07,1559,,,1
8653615,2026-07,1618,,,1
8653623,2026-07,1631,,,1
8653631,2026-07,1479,1498,,
8653640,2026-07,1540,,,
8653658,2026-07,1608,1560,,1
8653690,2026-07,1550,,,
8653704,2026-07,1588,,,
8653712,2026-07,1434,1577,,
8653720,2026-07,1463,1480,,1
8653755,2026-07,2029,1935,1973,
8653763,2026-07,1593,,,
8653771,2026-07,1771,1762,1727,
8653780,2026-07,1535,,,
8653798,2026-07,1435,1489,1468,
8653801,2026-07,1854,1664,1766,
8653810,2026-07,1512,,,1
8653844,2026-07,1554,,,1
8653852,2026-07,1612,,,
8653860,2026-07,1674,1604,,
8653879,2026-07,1521,,,1
8653887,2026-07,1641,,,1
8653895,2026-07,1575,,,1
8653909,2026-07,1861,,,1
8653917,2026-07,1501,,,
8653925,2026-07,1595,,,1
8653941,2026-07,1599,,,
8653950,2026-07,1596,,,
8653968,2026-07,1788,1682,,
8653976,2026-07,1551,,,1
8653984,2026-07,2131,1966,1950,
8653992,2026-07,1615,,,1
8654000,2026-07,1748,1771,,
8654018,2026-07,1672,,,
8654026,2026-07,1728,,,1
8654042,2026-07,1741,,,
8654069,2026-07,1656,1531,,
8654077,2026-07,1693,,,1
8654085,2026-07,1722,1627,1566,
8654093,2026-07,1680,,,1
8654107,2026-07,1582,,,1
8654115,2026-07,1641,,,1
8654123,2026-07,1489,,,1
8654131,2026-07,1545,,,
8654140,2026-07,1687,,,
8654182,2026-07,1535,,,
8654190,2026-07,1502,,,
8654204,2026-07,1683,,,1
8654220,2026-07,1624,,,1
8654247,2026-07,1520,1562,,
8654280,2026-07,1643,,,1
8654298,2026-07,1593,,,1
8654301,2026-07,1536,,,1
8654336,2026-07,1747,1639,,
8654360,2026-07,1593,,,
8654387,2026-07,1710,,,1
8654417,2026-07,1567,1660,1583,
8654433,2026-07,1607,,,
8654476,2026-07,1511,1491,,
8654492,2026-07,1739,1809,,1
8654514,2026-07,1588,,,
8654522,2026-07,1551,,,1
8654549,2026-07,,1415,,
8654573,2026-07,1523,,,
8654581,2026-07,,1824,,
8654590,2026-07,1564,1590,,
8654611,2026-07,1575,,,1
8654620,2026-07,1717,,,1
8654638,2026-07,1564,,,
8654670,2026-07,1625,1496,,
8654689,2026-07,1721,,1771,1
8654700,2026-07,1523,,1481,
8654743,2026-07,1736,1733,,
8654786,2026-07,,1793,1401,
8654794,2026-07,1697,1759,1710,
8654808,2026-07,,,2059,
8654875,2026-07,,1432,,
8654891,2026-07,,1450,,
8654956,2026-07,1589,,,
8654999,2026-07,1643,,,
8655006,2026-07,1557,,,1
8655014,2026-07,1564,1509,1465,
8655065,2026-07,1727,1874,1800,
8655073,2026-07,1645,,,
8655081,2026-07,1881,1779,1743,
8655090,2026-07,2003,1895,1840,
8655103,2026-07,1888,1733,1664,
8655154,2026-07,1483,1448,,1
8655227,2026-07,1886,2024,1709,1
8655235,2026-07,1569,1567,1568,
8655243,2026-07,1643,1651,1640,1
8655308,2026-07,1597,1590,1621,
8655324,2026-07,1907,1778,1610,
8655367,2026-07,,,1721,
8655405,2026-07,,,1821,
8655413,2026-07,1451,1475,,
8655464,2026-07,,1632,1645,
8655502,2026-07,1855,,1739,1
8655596,2026-07,1615,,1634,1
8655626,2026-07,2024,,1903,
8655634,2026-07,,1585,,
8655650,2026-07,1709,,,1
8655669,2026-07,1627,1596,1681,1
8655677,2026-07,1903,1880,1900,
8655685,2026-07,1622,,,1
8655693,2026-07,1954,1856,1946,
8655707,2026-07,1592,1613,,1
8655715,2026-07,1580,1474,,
8655723,2026-07,1626,,,1
8655731,2026-07,1541,,,1
8655740,2026-07,1892,1748,1783,
8655758,2026-07,1696,,,1
8655766,2026-07,1698,1678,1658,
8655774,2026-07,1576,,,
8655790,2026-07,1650,,,1
8655804,2026-07,1675,,,
8655812,2026-07,1567,,,1
8655820,2026-07,1533,,,
8655839,2026-07,1677,1680,,
8655847,2026-07,1679,1673,,
8655855,2026-07,1649,,,
8655863,2026-07,1720,1706,,
8655871,2026-07,1521,1447,1505,
8655880,2026-07,1757,1875,,
8655898,2026-07,1550,,,1
8655901,2026-07,1939,1809,,
8655910,2026-07,1655,1588,,
8655928,2026-07,1560,,,
8655936,2026-07,1549,,,
8655944,2026-07,1531,1499,,
8655952,2026-07,1471,1429,,
8655960,2026-07,1558,,,
8655979,2026-07,1951,1779,,
8655987,2026-07,1660,1649,1606,
8655995,2026-07,2063,2041,,
8656010,2026-07,1924,1902,1843,
8656029,2026-07,1666,,,
8656037,2026-07,1557,,,1
8656045,2026-07,1743,,,1
8656053,2026-07,1628,1662,,
8656061,2026-07,1538,,,
8656070,2026-07,1644,,,1
8656088,2026-07,1789,1825,,1
8656096,2026-07,1568,1524,,
8656118,2026-07,1615,,,1
8656126,2026-07,,1623,,
8656134,2026-07,1483,,1467,
8656177,2026-07,1850,1805,,
8656266,2026-07,1971,1869,2023,
8656290,2026-07,1514,1427,,
8656371,2026-07,1754,1759,,
8656380,2026-07,1733,1849,1683,
8656568,2026-07,1483,1589,1499,
8656614,2026-07,1581,1597,1599,
8656738,2026-07,1709,1661,1630,1
8656754,2026-07,1835,1532,1670,
8656770,2026-07,1563,1433,1623,1
8656797,2026-07,1617,1612,,
8656800,2026-07,1567,1582,,
8656819,2026-07,,1557,,
8656835,2026-07,1553,1614,1707,
8656843,2026-07,1617,,,
8656851,2026-07,1696,,,
8656924,2026-07,1450,,,
8656940,2026-07,1829,1698,1740,
8656967,2026-07,1805,,,
8657025,2026-07,1524,1405,1501,1
8657033,2026-07,,,1467,
8657041,2026-07,1535,,1597,
8657050,2026-07,1667,1605,1572,
8657068,2026-07,1637,,,
8657076,2026-07,,1554,1468,
8657084,2026-07,1631,1646,,
8657092,2026-07,1865,1748,1545,
8657106,2026-07,1654,1690,1616,
8657149,2026-07,,1667,,
8657173,2026-07,,1687,,
8657181,2026-07,,1533,,
8657190,2026-07,,1590,,
8657203,2026-07,1672,,,
8657220,2026-07,1594,,,1
8657238,2026-07,,1600,,
8657246,2026-07,1853,1791,,
8657262,2026-07,,1542,,
8657351,2026-07,,1702,,
8657360,2026-07,,1630,,
8657394,2026-07,1617,,,
8657440,2026-07,1674,1677,1727,1
8657580,2026-07,1749,1857,1815,
8657599,2026-07,1692,1700,,
8657610,2026-07,1613,,,
8657670,2026-07,,1810,,
8657696,2026-07,1686,,,1
8657769,2026-07,1847,,,1
8657785,2026-07,1624,1523,1530,
8657793,2026-07,,,1521,
8657807,2026-07,1744,,,
8657823,2026-07,1578,1534,1582,
8657831,2026-07,1662,,,1
8657840,2026-07,1660,,,
8657866,2026-07,1533,,,
8657912,2026-07,1621,,,1
8657920,2026-07,1685,,,1
8657955,2026-07,1677,,,1
8657963,2026-07,1511,1491,1436,1
8657980,2026-07,1519,,1469,
8657998,2026-07,1485,1482,1596,
8658005,2026-07,1665,1720,1502,
8658013,2026-07,,1473,1469,
8658021,2026-07,,1489,,
8658030,2026-07,1426,,,1
8658056,2026-07,,,1541,
8658064,2026-07,1527,,,
8658080,2026-07,1593,1697,1560,
8658099,2026-07,1569,1595,1594,1
8658129,2026-07,,1460,1594,
8658137,2026-07,,,1420,
8658226,2026-07,,1639,,
8658234,2026-07,,1513,,
8658250,2026-07,1738,1750,1790,
8658307,2026-07,1609,1615,1540,
8658331,2026-07,1533,1578,,
8658412,2026-07,1691,,,
8658439,2026-07,1878,,1819,1
8658480,2026-07,1565,,,
8658498,2026-07,1579,,,
8658528,2026-07,1413,,,
8658536,2026-07,1608,1613,,
8658552,2026-07,1558,,,
8658560,2026-07,1526,,,1
8658609,2026-07,1523,,,1
8658617,2026-07,1697,,,1
8658650,2026-07,1705,1583,,
8658668,2026-07,1414,,,
8658676,2026-07,1639,,,
8658692,2026-07,1737,1651,1785,
8658714,2026-07,1657,1526,,
8658757,2026-07,1862,1733,1801,
8658765,2026-07,1578,,,
8658773,2026-07,1647,1659,,
8658811,2026-07,1642,,,
8658870,2026-07,1458,,,
8658889,2026-07,1463,,,
8658897,2026-07,,,1515,
8658900,2026-07,,1853,,
8658919,2026-07,,1746,1756,
8658927,2026-07,,1741,1835,
8658951,2026-07,,,1709,
8658960,2026-07,1513,1629,1554,
8659001,2026-07,1939,,,1
8659028,2026-07,,1723,,
8659087,2026-07,1780,,,
8659095,2026-07,1543,,,1
8659109,2026-07,1682,,,1
8659117,2026-07,1543,,,1
8659125,2026-07,1531,,,1
8659133,2026-07,,,1479,
8659150,2026-07,1921,,,1
8659184,2026-07,1898,1448,,
8659214,2026-07,,1529,1614,
8659249,2026-07,1566,,,1
8659265,2026-07,1531,,,
8659273,2026-07,1696,1627,,
8659303,2026-07,1703,1597,,
8659320,2026-07,1671,,,1
8659338,2026-07,1643,1561,1582,
8659346,2026-07,1882,,,
8659354,2026-07,,,1473,
8659362,2026-07,1832,,,1
8659370,2026-07,1704,,,
8659397,2026-07,1522,,,1
8659427,2026-07,1575,,,1
8659443,2026-07,1494,,,1
8659486,2026-07,1905,,,
8659494,2026-07,1646,,,
8659508,2026-07,1727,,,1
8659516,2026-07,1580,1542,,1
8659524,2026-07,1764,1737,,
8659532,2026-07,1623,,,
8659540,2026-07,1567,,,1
8659559,2026-07,1694,,,1
8659575,2026-07,1473,,,
8659591,2026-07,1673,,,
8659605,2026-07,1611,1608,,
8659613,2026-07,1548,1504,,
8659621,2026-07,1653,1709,,
8659630,2026-07,1599,1550,,
8659648,2026-07,1793,,,
8659664,2026-07,1607,1527,,
8659672,2026-07,1552,,,
8659680,2026-07,1672,,,
8659699,2026-07,1472,,,
8659702,2026-07,1418,,,
8659710,2026-07,1511,1576,,
8659745,2026-07,1482,,,
8659788,2026-07,,1817,1818,
8659826,2026-07,1573,,,
8659834,2026-07,1622,,,
8659842,2026-07,1765,,,1
8659850,2026-07,1647,1634,1582,
8659869,2026-07,1531,,,1
8659877,2026-07,1641,1678,1701,
8659907,2026-07,1584,,,1
8659915,2026-07,1636,,,
8659931,2026-07,1701,,,1
8659940,2026-07,1517,,,
8659966,2026-07,1544,1522,,
8660018,2026-07,1526,,,1
8660166,2026-07,1829,1916,1961,
8660280,2026-07,1545,1651,,1
8660298,2026-07,,1458,,
8660301,2026-07,,1533,,
8660310,2026-07,1512,,,
8660328,2026-07,1530,1496,,1
8660336,2026-07,1865,,,1
8660344,2026-07,1654,1715,1739,
8660352,2026-07,,,1500,
8660360,2026-07,1445,,,1
8660603,2026-07,1470,,,
8661090,2026-07,1484,,,
8661120,2026-07,1599,,,1
8661138,2026-07,1737,1666,1671,
8661154,2026-07,1534,1489,1556,
8661162,2026-07,,,1651,
8661200,2026-07,1667,1592,,
8661260,2026-07,1708,,,
8661294,2026-07,1726,,,
8661308,2026-07,1708,,,
8661367,2026-07,1743,,,
8661456,2026-07,,1585,,
8661464,2026-07,,1519,,
8661499,2026-07,1726,,,
8661502,2026-07,1894,,,
8661561,2026-07,1634,,,
8661693,2026-07,1427,,,
8661715,2026-07,1710,,,1
8661740,2026-07,1682,,,
8661847,2026-07,1688,,,
8661863,2026-07,1706,,,1
8661880,2026-07,1809,,,
8661898,2026-07,1656,,,
8661910,2026-07,1727,,,
8661952,2026-07,1654,,,
8661960,2026-07,1804,,,
8662150,2026-07,1634,,,
8662169,2026-07,1618,,,
8662177,2026-07,1486,,,
8662207,2026-07,1403,1411,,
8662223,2026-07,,,1453,
8662258,2026-07,1523,,1464,
8662304,2026-07,1685,1709,,
8662312,2026-07,1723,,,
8662355,2026-07,1524,,,
8662401,2026-07,1542,1534,1550,
8662410,2026-07,1671,1679,,
8662428,2026-07,1509,,,
8662436,2026-07,1652,,,
8662444,2026-07,1629,1583,1617,
8662452,2026-07,1609,1613,1532,
8662460,2026-07,1701,,,1
8662479,2026-07,1528,1607,,
8662487,2026-07,1655,1659,1539,
8662495,2026-07,1580,1665,1607,
8662509,2026-07,1622,1624,1678,
8662517,2026-07,1671,1664,,
8662525,2026-07,1736,,,1
8662533,2026-07,1678,1637,,
8662541,2026-07,1572,,,
8662576,2026-07,1753,,,
8662584,2026-07,1502,1550,1475,
8662606,2026-07,1797,1780,,
8662622,2026-07,1994,2001,1765,
8662851,2026-07,1445,,,
8662886,2026-07,1610,,,
8662908,2026-07,1748,,,
8662916,2026-07,1552,1487,1634,
8662924,2026-07,1659,1633,1619,
8662932,2026-07,1538,1467,,
8662940,2026-07,1801,,,1
8662967,2026-07,1769,1821,,
8662991,2026-07,1636,1532,,1
8663009,2026-07,1526,,,1
8663017,2026-07,1493,1486,,
8663033,2026-07,1668,,,1
8663068,2026-07,1653,,,
8663076,2026-07,1718,,1684,
8663084,2026-07,1697,,,1
8663092,2026-07,,1731,,
8663149,2026-07,1734,1747,,1
8663173,2026-07,1914,,,1
8663181,2026-07,1442,,,
8663254,2026-07,1509,1512,1479,
8663289,2026-07,1582,1538,1553,
8663300,2026-07,1662,1706,1622,
8663360,2026-07,2033,,,1
8663416,2026-07,1609,,,1
8663459,2026-07,1497,,,
8663513,2026-07,1727,1669,1722,
8663521,2026-07,1577,,1555,
8663556,2026-07,1954,,,
8663572,2026-07,1651,1915,,
8663599,2026-07,1633,1712,,
8663602,2026-07,1706,,,
8663629,2026-07,1582,1602,,
8663661,2026-07,1680,1536,1627,
8663696,2026-07,1733,1634,1680,
8663742,2026-07,1617,1613,1620,
8663750,2026-07,1657,1569,,
8663785,2026-07,1589,,,
8663793,2026-07,1669,1622,1725,
8663831,2026-07,1429,,,
8663858,2026-07,1679,1649,,
8663882,2026-07,1733,1807,,
8663904,2026-07,1684,,,
8663920,2026-07,1684,,,
8663947,2026-07,1645,,,
8663963,2026-07,1461,,,
8663971,2026-07,1683,1637,,
8663980,2026-07,1765,1740,,
8663998,2026-07,1754,1709,1765,
8664030,2026-07,,1526,,
8664056,2026-07,1669,1572,,
8664064,2026-07,1673,,,
8664137,2026-07,1537,,,
8664170,2026-07,1669,1766,1670,
8664188,2026-07,1683,,,
8664196,2026-07,1742,1720,1719,
8664242,2026-07,1710,1743,,
8664269,2026-07,1565,1622,,
8664315,2026-07,1727,1607,,
8664382,2026-07,,1612,,
8664390,2026-07,1540,1602,,
8664463,2026-07,,1745,,
8664943,2026-07,1683,1537,,
8664960,2026-07,1793,1596,,
8664986,2026-07,1592,1618,,
8665044,2026-07,1590,1646,,
8665060,2026-07,1629,,,
8665079,2026-07,,1483,,
8665095,2026-07,1677,,,
8665125,2026-07,1586,1505,,
8665141,2026-07,1665,1581,1424,
8665168,2026-07,,1417,,
8665222,2026-07,,1501,,
8665249,2026-07,1628,,,
8665443,2026-07,1758,,,
8665460,2026-07,1728,1629,1630,
8665478,2026-07,1514,,,
8665494,2026-07,1496,,1528,1
8665532,2026-07,,,1562,
8665583,2026-07,,1622,,
8665591,2026-07,1460,,,
8665605,2026-07,1452,,,
8665630,2026-07,1769,,,
8665664,2026-07,1495,1452,,
8665672,2026-07,1685,1678,,
8665680,2026-07,1634,,,1
8665699,2026-07,1420,1590,,
8665737,2026-07,1410,1435,1442,
8665745,2026-07,1653,1557,,1
8665770,2026-07,1474,1542,1478,
8665869,2026-07,1568,,,
8666040,2026-07,,1704,1581,
8666091,2026-07,1473,1507,,
8666121,2026-07,1628,,,1
8666164,2026-07,1610,1642,,
8666172,2026-07,1506,,,
8666180,2026-07,1485,,,1
8666199,2026-07,1675,,,1
8666202,2026-07,1481,1515,1534,
8666210,2026-07,,1520,,
8666253,2026-07,1781,1806,,
8666300,2026-07,1584,1567,,
8666326,2026-07,1597,,,
8666342,2026-07,1590,,,
8666369,2026-07,1672,1738,1711,
8666377,2026-07,1515,,,1
8666407,2026-07,,1672,,
8666415,2026-07,,1761,,
8666423,2026-07,1486,,,1
8666431,2026-07,1652,,,
8666458,2026-07,1536,,,
8666474,2026-07,1554,,,
8666490,2026-07,1584,1590,,
8666504,2026-07,1654,,,1
8666512,2026-07,1643,,,1
8666520,2026-07,1594,1615,,
8666539,2026-07,1707,1648,,
8666547,2026-07,1533,,,
8666563,2026-07,1465,,,
8666610,2026-07,1705,1727,,
8666636,2026-07,,1741,,
8666644,2026-07,1565,,,1
8666709,2026-07,,1620,,
8666725,2026-07,1622,,,
8666741,2026-07,1605,,,
8666750,2026-07,1595,1587,,1
8666768,2026-07,1619,1636,,
8666776,2026-07,1650,,,1
8666806,2026-07,1459,,1409,
8666830,2026-07,1561,1654,,
8666849,2026-07,1501,,,
8666857,2026-07,1679,1572,,1
8666865,2026-07,1801,1693,,
8666873,2026-07,1505,,,
8666881,2026-07,1464,,,1
8666890,2026-07,1643,,,
8666903,2026-07,1779,,,1
8666920,2026-07,1442,,,
8666962,2026-07,1559,,,1
8666970,2026-07,1540,,,
8666997,2026-07,1504,,,1
8667004,2026-07,1734,,,
8667063,2026-07,1540,,,
8667071,2026-07,1497,,,1
8667080,2026-07,1501,,,1
8667101,2026-07,1606,,,1
8667128,2026-07,1757,,,1
8667152,2026-07,1444,,,
8667179,2026-07,1483,,,
8667187,2026-07,1487,,,1
8667195,2026-07,1518,1594,1509,
8667209,2026-07,1482,,,1
8667217,2026-07,1606,,,
8667225,2026-07,1582,,,1
8667233,2026-07,1692,,,1
8667241,2026-07,1481,,,1
8667268,2026-07,1676,,,
8667276,2026-07,1557,,,1
8667306,2026-07,,1557,,
8667314,2026-07,1585,1679,,
8667322,2026-07,1483,,,1
8667349,2026-07,1599,1662,,
8667357,2026-07,1624,,,
8667403,2026-07,,1498,,
8667411,2026-07,1704,,,
8667420,2026-07,1451,,,
8667438,2026-07,1656,1587,,1
8667454,2026-07,1522,,,
8667462,2026-07,1647,1621,,1
8667470,2026-07,1690,1663,,1
8667489,2026-07,1583,,,1
8667500,2026-07,1517,,,1
8667519,2026-07,1555,1476,1425,
8667527,2026-07,1856,1685,,
8667535,2026-07,1633,,,
8667543,2026-07,,1655,,
8667551,2026-07,1649,1817,,
8667578,2026-07,1501,1570,1535,
8667594,2026-07,1748,1763,,
8667608,2026-07,1535,,,1
8667616,2026-07,1703,,,1
8667624,2026-07,1633,,,1
8667632,2026-07,1791,,,1
8667640,2026-07,1547,,,
8667667,2026-07,1549,,,
8667675,2026-07,1562,1580,,
8667683,2026-07,1567,1406,,
8667713,2026-07,1464,,,
8667721,2026-07,1628,,,
8667756,2026-07,1541,1596,,
8667799,2026-07,1589,,,
8667829,2026-07,1499,,,
8667837,2026-07,1535,1495,1541,
8667845,2026-07,1533,,,
8667896,2026-07,1574,,,
8667900,2026-07,1670,1534,,
8667918,2026-07,1584,1534,,
8667926,2026-07,1552,1491,,
8667942,2026-07,1701,,,
8667969,2026-07,1532,,,
8667977,2026-07,1524,,,1
8667985,2026-07,1520,1517,,
8667993,2026-07,1591,,,
8668035,2026-07,1565,1619,,
8668078,2026-07,1691,,,1
8668086,2026-07,1656,,,
8668094,2026-07,1624,,,
8668116,2026-07,1602,,,
8668124,2026-07,1492,,,
8668132,2026-07,1629,,,1
8668159,2026-07,1573,,,
8668248,2026-07,1587,,,
8668310,2026-07,,1634,,
8668337,2026-07,1694,,,
8668345,2026-07,1579,,,
8668388,2026-07,1614,,,
8668418,2026-07,1461,1470,,
8668426,2026-07,,1685,,
8668434,2026-07,1670,,,
8668485,2026-07,,1586,,
8668531,2026-07,1555,,,
8668558,2026-07,1641,1602,,
8668566,2026-07,1899,1726,,
8668582,2026-07,1678,1649,,
8668590,2026-07,1664,,,
8668647,2026-07,1761,,,1
8668671,2026-07,1560,,,
8668710,2026-07,1773,,,
8668728,2026-07,1728,1879,,
8668736,2026-07,1762,,,
8668752,2026-07,1696,1698,,
8668795,2026-07,1607,,,
8668825,2026-07,1715,1550,,
8668850,2026-07,1579,,,
8668868,2026-07,1608,,,
8668884,2026-07,1783,,,
8668906,2026-07,1514,1512,1545,
8668914,2026-07,1663,,,
8668930,2026-07,1596,,,
8668949,2026-07,1713,1722,1771,
8668957,2026-07,1708,1571,,
8668965,2026-07,,1533,,
8668973,2026-07,1626,1650,1635,
8668990,2026-07,1776,,,
8669074,2026-07,1681,,,
8669090,2026-07,1508,1590,,
8669104,2026-07,1622,,,
8669120,2026-07,1520,,,
8669147,2026-07,1641,,,
8669155,2026-07,1538,1604,,
8669201,2026-07,1654,1623,1740,
8669244,2026-07,1558,1590,,
8669252,2026-07,1657,,,
8669260,2026-07,1744,1720,,
8669287,2026-07,1719,,1587,
8669295,2026-07,1701,,,
8669309,2026-07,1570,1625,,
8669317,2026-07,1692,,,
8669333,2026-07,1775,1774,,
8669341,2026-07,,1739,,
8669368,2026-07,1702,1574,1680,
8669384,2026-07,1593,,,
8669392,2026-07,1697,,,
8669465,2026-07,1515,1528,,
8669473,2026-07,1655,,,
8669490,2026-07,1731,1550,,
8669503,2026-07,1695,1580,,
8669511,2026-07,1710,1714,1740,
8669520,2026-07,1584,,,
8669600,2026-07,1478,1499,,
8669643,2026-07,1730,,,
8669651,2026-07,1571,,,
8669678,2026-07,1680,1636,,
8669686,2026-07,1511,,,
8669694,2026-07,1631,,,
8669708,2026-07,,1667,,
8669724,2026-07,1588,,,
8669732,2026-07,1590,,,
8669821,2026-07,1714,,,
8669848,2026-07,1541,,,
8669899,2026-07,1613,1517,1573,
8669910,2026-07,1695,,,
8669970,2026-07,1693,1768,,
8669988,2026-07,,1551,,
8670030,2026-07,1640,,,
8670064,2026-07,1659,1474,1674,
8670080,2026-07,1527,1506,,
8670099,2026-07,1642,1594,,
8670102,2026-07,1840,,,
8670110,2026-07,1965,1920,,
8670137,2026-07,1730,,,
8670145,2026-07,1716,,,1
8670161,2026-07,1600,1550,,
8670170,2026-07,1729,1722,,
8670188,2026-07,1844,1846,,
8670200,2026-07,1478,1593,,
8670242,2026-07,1591,,,
8670285,2026-07,1669,1780,1785,
8670293,2026-07,1681,,,1
8670307,2026-07,1531,,,1
8670323,2026-07,1577,1515,,
8670331,2026-07,1541,,,1
8670358,2026-07,1466,1441,,
8670366,2026-07,1750,,1733,
8670390,2026-07,1780,1724,,
8670420,2026-07,1576,,,
8670447,2026-07,1573,,,
8670455,2026-07,,1494,,
8670463,2026-07,1595,1626,,1
8670501,2026-07,1576,,,1
8670510,2026-07,1748,1720,,1
8670528,2026-07,1696,1694,,1
8670544,2026-07,1678,,,
8670560,2026-07,1577,,,
8670579,2026-07,1699,,,
8670587,2026-07,1613,,,1
8670609,2026-07,1605,,,1
8670617,2026-07,1604,,1622,
8670625,2026-07,1864,,,1
8670633,2026-07,1703,,,
8670641,2026-07,1584,,,1
8670650,2026-07,1737,,,
8670668,2026-07,1650,,1654,
8670676,2026-07,1636,,,1
8670692,2026-07,1514,1555,,
8670706,2026-07,1570,1583,,
8670714,2026-07,1493,,,1
8670722,2026-07,1573,,,
8670730,2026-07,1544,,,1
8670765,2026-07,1461,1577,,1
8670773,2026-07,1710,1767,,
8670790,2026-07,1578,1600,,
8670820,2026-07,1696,1688,,
8670846,2026-07,1571,,,
8670854,2026-07,1522,,,
8670862,2026-07,1508,,,
8670870,2026-07,1426,,,
8670919,2026-07,1739,1612,,
8670927,2026-07,1544,1539,,
8670951,2026-07,1522,,,
8670960,2026-07,1553,1464,,
8670978,2026-07,1602,1652,1675,
8671001,2026-07,,1677,,
8671010,2026-07,1580,1468,,
8671028,2026-07,1501,1601,1552,
8671036,2026-07,1567,1545,,
8671079,2026-07,1619,,,
8671087,2026-07,1673,1661,,
8671095,2026-07,1516,,,
8671150,2026-07,1505,,,
8671168,2026-07,,1420,,
8671222,2026-07,1552,,,
8671303,2026-07,,1708,,
8671338,2026-07,1569,,,
8671346,2026-07,1547,,,
8671397,2026-07,1696,,,
8671435,2026-07,1531,,,
8671443,2026-07,1495,,,
8671508,2026-07,1513,1454,,
8671532,2026-07,1674,,,
8671575,2026-07,1675,1867,,
8671583,2026-07,1536,1574,,
8671591,2026-07,1748,1664,,
8671613,2026-07,1646,1609,,
8671621,2026-07,1482,,,
8671630,2026-07,1432,,,
8671648,2026-07,1621,,,
8671680,2026-07,1517,1646,,
8671699,2026-07,1452,,,
8671761,2026-07,1524,,,
8671796,2026-07,1703,1634,,
8671826,2026-07,1504,,,
8671842,2026-07,1734,,,
8671850,2026-07,1564,,,
8671869,2026-07,1519,1537,,1
8671877,2026-07,1542,1582,,
8671885,2026-07,,1421,,
8671966,2026-07,1685,,1640,
8671974,2026-07,1798,,,
8671990,2026-07,1682,1700,,
8672032,2026-07,,1556,,
8672067,2026-07,,1531,,
8672130,2026-07,,1746,,
8672164,2026-07,1615,,,
8672199,2026-07,1691,,,1
8672210,2026-07,,1465,,
8672342,2026-07,,1403,,
8672377,2026-07,1482,,,1
8672393,2026-07,1560,,,1
8672407,2026-07,1488,,,1
8672423,2026-07,1604,,,
8672431,2026-07,1480,1450,1466,
8672440,2026-07,,1508,1421,
8672458,2026-07,1588,1581,1602,
8672563,2026-07,,1721,,
8672601,2026-07,1900,,,1
8672628,2026-07,1546,,,
8672644,2026-07,1656,,,1
8672709,2026-07,1562,,,
8672717,2026-07,1473,,,
8672733,2026-07,1583,,,
8672741,2026-07,1821,,,
8672750,2026-07,1639,,,
8672768,2026-07,1413,,,
8672776,2026-07,1409,,,
8672784,2026-07,1489,,,
8672806,2026-07,1507,1446,,
8672814,2026-07,1827,1854,1915,
8672822,2026-07,1746,,,
8672830,2026-07,1411,,,
8672849,2026-07,1726,,,
8672903,2026-07,,,1410,
8672911,2026-07,1653,,,
8672920,2026-07,1473,1487,1516,
8672938,2026-07,1626,1523,1540,
8672946,2026-07,1437,1469,1484,
8672954,2026-07,1562,1623,,
8672962,2026-07,1735,1586,1594,
8672989,2026-07,1508,1500,,
8672997,2026-07,1493,1523,1423,
8673020,2026-07,,1430,,
8673055,2026-07,,1485,,
8673063,2026-07,1552,,,
8673080,2026-07,1457,,1426,
8673101,2026-07,1443,,1440,
8673110,2026-07,1569,,,
8673128,2026-07,,1430,,
8673179,2026-07,1488,1584,,
8673187,2026-07,1579,1487,1521,
8673241,2026-07,1568,,,
8673276,2026-07,1506,,,1
8673292,2026-07,1459,,,
8673357,2026-07,1523,,,
8673365,2026-07,1644,,,
8673454,2026-07,1540,,,
8673470,2026-07,1897,,1755,
8673497,2026-07,,1646,,
8673560,2026-07,1688,1535,1526,
8673616,2026-07,1566,,1683,
8673632,2026-07,,1510,,
8673675,2026-07,,,1469,
8673683,2026-07,1725,1808,,
8673705,2026-07,1436,1447,,
8673780,2026-07,,1405,1439,
8673853,2026-07,1812,1783,1739,
8673900,2026-07,,1609,,
8673950,2026-07,1638,,1500,
8673993,2026-07,,1480,,
8674019,2026-07,1521,,1554,
8674027,2026-07,1661,1605,1524,
8674035,2026-07,,,1432,
8674060,2026-07,1599,,,
8674078,2026-07,1589,,,
8674086,2026-07,,1478,,
8674094,2026-07,,1576,,
8674108,2026-07,1743,1741,1631,
8674116,2026-07,1503,,1485,
8674132,2026-07,,1508,,
8674140,2026-07,1740,1649,1739,
8674191,2026-07,1586,,,
8674205,2026-07,1491,,,
8674256,2026-07,1604,1669,,
8674272,2026-07,1476,,,
8674302,2026-07,1664,1624,,
8674345,2026-07,1539,,,
8674361,2026-07,,1615,,
8674426,2026-07,1691,,,
8674434,2026-07,1756,,,
8674469,2026-07,1965,1976,2036,
8674493,2026-07,1565,,,
8674531,2026-07,1552,,,
8674558,2026-07,1439,,,
8674566,2026-07,,1532,,
8674574,2026-07,1518,,1588,
8674582,2026-07,1668,1694,1574,
8674590,2026-07,1466,,1416,
8674736,2026-07,1594,1582,,
8674744,2026-07,1646,1638,,
8674752,2026-07,1579,,,
8674825,2026-07,1744,,,
8674876,2026-07,1698,,,
8674906,2026-07,1482,,,
8674922,2026-07,1762,,,
8674973,2026-07,1635,,,
8674990,2026-07,1616,1559,,
8675058,2026-07,1632,1618,,
8675112,2026-07,,1661,,
8675139,2026-07,1675,,,
8675155,2026-07,1557,,,
8675180,2026-07,1539,,,
8675201,2026-07,1713,,,
8675287,2026-07,1483,,,
8675490,2026-07,1875,,,
8675589,2026-07,,1652,,
8675619,2026-07,1611,1612,,
8675635,2026-07,,1624,,
8675708,2026-07,1731,,,
8675775,2026-07,1423,,,
8675783,2026-07,1694,1724,,
8675848,2026-07,1639,,,
8675864,2026-07,1642,,,
8675910,2026-07,1415,,,
8675961,2026-07,1692,,,
8676232,2026-07,1464,,,
8676240,2026-07,1487,,,
8676461,2026-07,1558,,,
8676526,2026-07,1547,,,
8676550,2026-07,1665,1684,1710,
8676577,2026-07,1634,1640,1592,
8676631,2026-07,1557,1578,,
8676666,2026-07,1485,,,
8676720,2026-07,,1537,1416,
8676747,2026-07,1627,,,
8676763,2026-07,1522,1455,1448,
8676836,2026-07,,1565,,
8676852,2026-07,1735,1831,1779,
8676860,2026-07,1446,,,
8676879,2026-07,1566,,,
8676895,2026-07,1622,,,
8676909,2026-07,1527,,,
8676917,2026-07,1749,1561,,
8676925,2026-07,1537,,,
8676941,2026-07,1497,,,
8676950,2026-07,1602,1612,,
8677077,2026-07,1592,,,
8677093,2026-07,1673,,,
8677131,2026-07,1554,,,
8677182,2026-07,1703,,,
8677190,2026-07,1593,1575,,
8677212,2026-07,1483,,,
8677255,2026-07,1642,1795,1593,
8677271,2026-07,1722,1723,1647,
8677280,2026-07,1646,1674,1565,
8677310,2026-07,1476,,1637,
8677328,2026-07,,1633,,
8677352,2026-07,1541,,,
8677409,2026-07,1448,,,
8677417,2026-07,1503,,,
8677492,2026-07,1665,1581,,
8677565,2026-07,1679,,,
8677581,2026-07,1638,,,
8677603,2026-07,1502,,1514,
8677620,2026-07,1530,,,
8677654,2026-07,1729,,,
8677719,2026-07,1497,,,
8677743,2026-07,1714,,,
8677778,2026-07,1637,,,
8677786,2026-07,1560,,,
8677808,2026-07,1469,,,
8677883,2026-07,,1660,,
8677891,2026-07,,1649,,
8677905,2026-07,,1644,,
8677921,2026-07,1813,1646,,
8677972,2026-07,1589,,,
8677980,2026-07,1525,,,
8678006,2026-07,1669,,,
8678090,2026-07,1800,1625,,
8678162,2026-07,,1619,,
8678170,2026-07,,1474,,
8678316,2026-07,1618,,,
8678332,2026-07,1603,,,
8678529,2026-07,1577,1681,1515,
8678545,2026-07,1677,,,
8678553,2026-07,,1687,,
8678669,2026-07,1705,,,
8678723,2026-07,1705,,,
8678766,2026-07,1707,,,
8678774,2026-07,1479,1452,,
8678804,2026-07,1856,1768,,
8678928,2026-07,1885,,,
8678944,2026-07,,1598,,
8678995,2026-07,1612,,,
8679037,2026-07,1458,,,
8679045,2026-07,1473,,,
8679070,2026-07,1684,1727,,
8679100,2026-07,1768,,,
8679215,2026-07,1471,,,
8679223,2026-07,1690,1628,,
8679282,2026-07,,1577,,
8679339,2026-07,1728,,,
8679355,2026-07,1536,,,
8679428,2026-07,1577,,,
8679436,2026-07,1881,1755,,
8679568,2026-07,1572,,,
8679622,2026-07,,1644,,
8679630,2026-07,1793,1693,,
8679657,2026-07,1718,1662,,
8679665,2026-07,1679,,,
8679711,2026-07,1682,1628,,
8679720,2026-07,,1613,,
8679789,2026-07,,1540,,
8679860,2026-07,,1612,,
8679916,2026-07,1511,,,
8679975,2026-07,1607,,,
8679983,2026-07,1570,1558,,
8680035,2026-07,1623,,,
8680132,2026-07,,1447,,
8680205,2026-07,1723,,,
8680256,2026-07,1609,,,
8680418,2026-07,1421,,,
8680450,2026-07,1507,,,
8680493,2026-07,,1777,1518,
8680523,2026-07,1589,,,
8680540,2026-07,1626,,,
8680582,2026-07,1485,,,
8680590,2026-07,,1553,1499,
8680620,2026-07,1438,,,
8680663,2026-07,1644,1597,,
8680671,2026-07,1546,,,
8680701,2026-07,1902,1660,,
8680728,2026-07,,1714,,
8680795,2026-07,1559,1502,,
8680809,2026-07,1628,,,
8680850,2026-07,1612,,,
8680876,2026-07,1784,,,
8680922,2026-07,1555,,,
8680973,2026-07,1633,,,
8681007,2026-07,1407,,,
8681066,2026-07,1599,1478,,
8681104,2026-07,1611,,,
8681112,2026-07,1656,,,
8681120,2026-07,1501,,,
8681139,2026-07,1557,,,
8681147,2026-07,1698,,,
8681171,2026-07,1544,1526,,
8681210,2026-07,,1686,,
8681252,2026-07,1709,,,
8681325,2026-07,,1521,,
8681368,2026-07,1652,,,
8681406,2026-07,,1723,,
8681414,2026-07,,1618,,
8681481,2026-07,,1780,,
8681503,2026-07,,1663,,
8681520,2026-07,1583,1555,,
8681619,2026-07,1561,,,
8681627,2026-07,1412,,,
8681635,2026-07,1720,1753,,
8681732,2026-07,1725,,,
8681767,2026-07,1613,1615,,
8681848,2026-07,1564,,,
8681864,2026-07,1567,,,
8681910,2026-07,,1710,,
8682291,2026-07,1685,,,
8682305,2026-07,1624,,,
8682356,2026-07,,1617,,
8682429,2026-07,1600,1692,,
8682437,2026-07,1522,1586,,
8682445,2026-07,1674,,,
8682470,2026-07,1548,,,
8682526,2026-07,1738,1778,,
8682585,2026-07,,1648,,
8682593,2026-07,1703,,,
8682607,2026-07,1492,,,
8682623,2026-07,1480,,,
8682631,2026-07,1594,,,
8682658,2026-07,1718,,,
8682674,2026-07,,1695,,
8682690,2026-07,1594,,,
8682810,2026-07,1545,1521,,
8682844,2026-07,1646,1659,,
8682852,2026-07,1528,,,
8682895,2026-07,,1766,,
8682909,2026-07,1578,,,
8682925,2026-07,1550,,,
8682968,2026-07,,1825,1702,
8683000,2026-07,1567,,,
8683093,2026-07,,1734,,
8683107,2026-07,,1640,,
8683255,2026-07,,1529,,
8683271,2026-07,,1653,,
8683280,2026-07,,1525,,
8683298,2026-07,1762,1676,,
8683344,2026-07,1805,,1888,
8683360,2026-07,1524,,,
8683395,2026-07,1503,,,
8683417,2026-07,1471,,,
8683484,2026-07,1636,,,
8683662,2026-07,,1590,,
8683670,2026-07,1473,,,
8683689,2026-07,1689,,,
8683697,2026-07,1514,,,
8683719,2026-07,1593,,,
8683727,2026-07,1654,1662,,
8683808,2026-07,1526,,,
8683832,2026-07,1542,,,
8683883,2026-07,1626,,,
8683905,2026-07,,1588,,
8683999,2026-07,,1869,,
8684006,2026-07,1587,,,
8684049,2026-07,1545,1609,,
8684057,2026-07,1545,1694,,
8684073,2026-07,1558,,,
8684189,2026-07,,1780,,
8684219,2026-07,1521,,,
8684278,2026-07,,,1741,
8684308,2026-07,1685,,,
8684316,2026-07,,1598,,
8684324,2026-07,,1493,,
8684332,2026-07,,1652,,
8684367,2026-07,1632,,,
8684375,2026-07,1734,1746,,
8684391,2026-07,,1605,,
8684421,2026-07,1642,,,
8684448,2026-07,1594,1577,,
8684499,2026-07,,1456,,
8684502,2026-07,,1690,,
8684553,2026-07,1804,1798,,
8684600,2026-07,1567,1663,,
8684650,2026-07,1689,,,
8684669,2026-07,1545,1575,,
8684693,2026-07,,1512,,
8684731,2026-07,1714,1640,,
8684766,2026-07,1782,,,
8684960,2026-07,1560,,,
8685215,2026-07,,1603,,
8685223,2026-07,1711,,,
8685274,2026-07,1601,,,
8685290,2026-07,1554,,,
8685320,2026-07,1612,,,
8685347,2026-07,,1576,,
8685363,2026-07,1569,,,
8685380,2026-07,1765,1757,,
8685398,2026-07,,,1634,
8685401,2026-07,,1679,,
8685517,2026-07,,1619,,
8685568,2026-07,1703,1810,,
8685576,2026-07,,1837,,
8685606,2026-07,1753,,,
8685622,2026-07,,1827,,
8685711,2026-07,1490,,,
8685789,2026-07,1620,,,
8685797,2026-07,1908,1558,,
8685843,2026-07,1663,,,
8685932,2026-07,1516,,,
8685975,2026-07,1451,,,
8686106,2026-07,1426,,,
8686165,2026-07,1872,,,
8686297,2026-07,,1478,,
8686300,2026-07,1543,,,
8686351,2026-07,,1647,,
8686394,2026-07,,1661,,
8686440,2026-07,,1520,,
8686459,2026-07,1762,1607,,
8686475,2026-07,,1444,,
8686483,2026-07,1677,1687,,
8686491,2026-07,1817,1774,,
8686505,2026-07,,1532,,
8686513,2026-07,1483,,,
8686530,2026-07,,1721,,
8686564,2026-07,1603,,,
8686572,2026-07,,1603,,
8686602,2026-07,,1682,,
8686688,2026-07,1540,1496,,
8686742,2026-07,,,1574,
8686750,2026-07,,1536,,
8686769,2026-07,,1601,,
8686823,2026-07,1704,,,
8686831,2026-07,,1484,,
8686866,2026-07,,1447,,
8686874,2026-07,,1471,,
8686890,2026-07,1630,,,
8686904,2026-07,1717,,,
8686939,2026-07,,1586,,
8686947,2026-07,1519,,,
8686963,2026-07,,1603,,
8686980,2026-07,1473,1504,,
8687005,2026-07,1744,,,
8687013,2026-07,1546,1504,,
8687021,2026-07,1527,1503,,
8687064,2026-07,1549,,,
8687072,2026-07,,1487,,
8687099,2026-07,,1673,,
8687226,2026-07,1478,,,
8687471,2026-07,,1554,,
8687528,2026-07,1597,1630,,
8687633,2026-07,1476,,,
8687714,2026-07,1629,1655,1569,
8687722,2026-07,1599,1659,,
8687730,2026-07,1568,,,
8687773,2026-07,1671,1599,,
8687811,2026-07,1628,1511,,
8687838,2026-07,1432,1421,,
8687897,2026-07,,1747,,
8687900,2026-07,1784,,,
8687927,2026-07,1799,1699,,
8687943,2026-07,,1511,,
8687978,2026-07,1746,1765,,
8687986,2026-07,1718,1652,,
8688060,2026-07,,1438,1506,
8688168,2026-07,,,1669,
8688230,2026-07,1781,1707,,
8688273,2026-07,,1534,,
8688290,2026-07,1699,1669,,
8688443,2026-07,,1804,,
8688532,2026-07,,1590,,
8688591,2026-07,1612,1537,,
8688605,2026-07,,1604,,
8688621,2026-07,1604,1561,,
8688630,2026-07,,1701,,
8688656,2026-07,1604,1620,,
8688672,2026-07,1883,,,
8688702,2026-07,,1571,,
8688710,2026-07,1584,1539,,
8688729,2026-07,1806,1636,,
8688745,2026-07,1675,,,
8688761,2026-07,,1667,,
8688885,2026-07,,1482,,
8688907,2026-07,1747,,,
8688915,2026-07,1664,,,
8688940,2026-07,,1581,,
8689032,2026-07,1433,,1403,
8689040,2026-07,,1858,,
8689105,2026-07,1531,,,
8689113,2026-07,1538,,,
8689121,2026-07,1650,,,
8689130,2026-07,1501,1595,,
8689270,2026-07,1411,,,
8689296,2026-07,,1481,,
8689334,2026-07,,1612,,
8689342,2026-07,,,1499,
8689385,2026-07,,1466,,
8689423,2026-07,1800,1789,,
8689431,2026-07,1688,,,
8689512,2026-07,,1737,,
8689547,2026-07,1503,1731,,
8689563,2026-07,,1440,,
8689571,2026-07,,1703,,
8689598,2026-07,1831,1706,1789,
8689644,2026-07,1584,1658,1590,
8689660,2026-07,,,1595,
8689695,2026-07,1861,,,
8689709,2026-07,1607,,,
8689741,2026-07,,,1404,
8689784,2026-07,,,1535,
8689806,2026-07,,,1601,
8689873,2026-07,1628,,1423,
8690006,2026-07,1512,,,
8690049,2026-07,1545,1564,,
8690057,2026-07,,1415,,
8690278,2026-07,1486,,,
8690316,2026-07,1676,,,
8690375,2026-07,1470,,,
8690413,2026-07,,1562,,
8690588,2026-07,1765,,,
8690600,2026-07,,1771,,
8690618,2026-07,1590,,,
8690715,2026-07,1485,,,
8690766,2026-07,1733,,,
8690812,2026-07,1633,1664,,
8690979,2026-07,1693,,,
8691045,2026-07,1744,,,
8691118,2026-07,1587,,,
8691215,2026-07,1577,1616,,
8691223,2026-07,1570,,,
8691240,2026-07,1606,,,
8691347,2026-07,,,1540,
8691355,2026-07,,1588,,
8691452,2026-07,,1634,,
8691495,2026-07,1654,,,
8691568,2026-07,1617,,,
8691592,2026-07,1654,,,
8691622,2026-07,1723,,,
8691630,2026-07,1700,,,
8691665,2026-07,1597,,,
8691746,2026-07,,,1736,
8691835,2026-07,1632,,,
8691851,2026-07,1657,,,
8691878,2026-07,1646,,,
8691894,2026-07,1522,,,
8691991,2026-07,1807,1731,,
8692033,2026-07,,1779,1771,
8692041,2026-07,1819,,,
8692190,2026-07,1708,1686,,
8692254,2026-07,1552,,,
8692300,2026-07,1425,,,
8692394,2026-07,1670,1631,,
8692505,2026-07,1611,,,
8692556,2026-07,1709,1681,,
8692564,2026-07,1534,,,
8692580,2026-07,1711,,,
8692750,2026-07,1718,,,
8692769,2026-07,,1751,1606,
8692807,2026-07,1494,,,
8692912,2026-07,1668,1615,,
8693005,2026-07,1568,1492,,
8693145,2026-07,1541,,,
8693161,2026-07,,1510,,
8693200,2026-07,1610,,,
8693293,2026-07,1585,,,
8693323,2026-07,1631,,,
8693366,2026-07,1757,,,
8693412,2026-07,1598,1587,,
8693536,2026-07,1618,,,
8693722,2026-07,1627,,,
8693730,2026-07,1578,,,
8693781,2026-07,1655,,,
8693943,2026-07,1620,,,
8693951,2026-07,1630,,,
8694028,2026-07,1559,,,
8694273,2026-07,1555,,,
8694346,2026-07,1577,,,
8694559,2026-07,1678,,,
8694567,2026-07,1613,1633,,
8694656,2026-07,1610,1517,,
8694770,2026-07,1430,,,
8694826,2026-07,1596,,,
8694893,2026-07,,1863,1636,
8695008,2026-07,,1456,,
8695270,2026-07,1994,,1758,
8695512,2026-07,1484,,,
8695520,2026-07,1654,,,
8695547,2026-07,1705,1705,,
8695598,2026-07,1656,,,
8695679,2026-07,1688,1637,,
8695792,2026-07,1687,,,
8695857,2026-07,1549,,,
8695989,2026-07,,1559,,
8696306,2026-07,,1645,,
8696454,2026-07,1430,,,
8696730,2026-07,1563,1565,,
8696748,2026-07,1610,,,
8696764,2026-07,1559,,,
8696772,2026-07,1531,,,
8696985,2026-07,1549,,,
8697000,2026-07,1608,,,
8697078,2026-07,1459,,,
8697213,2026-07,,1584,1658,
8697221,2026-07,,,1435,
8697256,2026-07,1453,1466,,
8697299,2026-07,1584,1559,,
8697310,2026-07,,1576,,
8697396,2026-07,1516,,,
8697515,2026-07,1574,,,
8697531,2026-07,1580,,,
8697540,2026-07,1470,,,
8697558,2026-07,1671,,,
8697566,2026-07,1825,1735,,
8697582,2026-07,1795,1773,,
8697604,2026-07,1484,,,
8697655,2026-07,1557,,,
8697744,2026-07,1558,,,
8698074,2026-07,1671,,,
8698392,2026-07,1597,,,
8698490,2026-07,1565,,,
8698562,2026-07,1464,,,
8698597,2026-07,1638,,,
8698635,2026-07,1654,,1907,
8698775,2026-07,1704,,,
8699003,2026-07,1652,,,
8699100,2026-07,1645,,,
8699127,2026-07,1761,1745,,
8699135,2026-07,1619,,,
8699160,2026-07,1543,,,
8699208,2026-07,1584,,,
8699283,2026-07,,1438,,
8699372,2026-07,1553,,,
8699470,2026-07,1486,,,
8699518,2026-07,1715,,,
8699542,2026-07,1543,,,
8699550,2026-07,1671,1665,,
8699577,2026-07,1594,,,
8699585,2026-07,1590,,,
8699623,2026-07,1476,,,
8699658,2026-07,1638,,,
8699682,2026-07,1567,,,
8699690,2026-07,1508,,,
8699704,2026-07,1621,,,
8699712,2026-07,1534,,,
8699720,2026-07,1681,1669,,
8699755,2026-07,1509,,,
8699801,2026-07,1561,,,
8699917,2026-07,1547,,,
8699984,2026-07,1511,,,
15400565,2026-07,1803,,,
39922723,2026-07,2183,2001,1962,
39923258,2026-07,1794,,1842,
63100592,2026-07,1581,,,1
63100630,2026-07,2442,2269,2137,
150101621,2026-07,1432,,,1
150109620,2026-07,1823,1766,,
150110649,2026-07,1946,1904,,
331059502,2026-07,1701,1641,1641,1
331059530,2026-07,1613,1668,1595,
331105024,2026-07,1717,1595,,
331105249,2026-07,1442,1592,1563,
331105409,2026-07,1485,1446,,1
331105418,2026-07,,1463,,
331105427,2026-07,1575,1660,,
331105463,2026-07,1504,,,1
331110187,2026-07,,1401,,
331110211,2026-07,1429,1475,,
331110418,2026-07,1531,1611,1642,1
574000055,2026-07,1424,,,
574000063,2026-07,,1673,,
574000098,2026-07,1541,,,
574000179,2026-07,1524,,,
574000233,2026-07,1610,,,
574000250,2026-07,1670,,,
574000276,2026-07,1581,,,
574000284,2026-07,1586,,,
574000497,2026-07,1586,,,
574000500,2026-07,1578,,,
574000578,2026-07,1562,,,
574000683,2026-07,1498,,,
574000691,2026-07,1537,,,
574000713,2026-07,1413,,,
574000721,2026-07,1438,,,
574000780,2026-07,1619,,,
574000900,2026-07,1444,,,
574000985,2026-07,1551,,,
574001043,2026-07,1530,,,
574001205,2026-07,1647,,,
574001256,2026-07,1570,,,
574001280,2026-07,1588,1534,,
574001337,2026-07,1675,,,
574001361,2026-07,,1643,,
574001370,2026-07,1595,1622,,
574001418,2026-07,,1443,,
574002007,2026-07,,1403,,
574002023,2026-07,,1485,,
574002104,2026-07,1511,,,
574002147,2026-07,,1417,1526,
574002422,2026-07,,,1424,
574002503,2026-07,1590,,,
574002570,2026-07,1708,1559,,
574002872,2026-07,,1522,,
574002953,2026-07,,1428,,
574002961,2026-07,,1465,,
574003160,2026-07,,1858,,
574003330,2026-07,,1672,,
574003453,2026-07,1581,,,
574003461,2026-07,,1814,,
574003496,2026-07,,1660,,
574003569,2026-07,,1801,,
574003763,2026-07,,1869,,
574003992,2026-07,,1642,,
574005766,2026-07,,1530,,
574005863,2026-07,1706,,,
574006088,2026-07,1709,,,
574006347,2026-07,,1702,,
574006657,2026-07,,1681,,
574006916,2026-07,,1745,,
574006959,2026-07,,1618,,
574007092,2026-07,,1440,,
574007629,2026-07,,1559,,
574008030,2026-07,,1582,,
574008188,2026-07,,1437,,
574008200,2026-07,,1465,,
574008218,2026-07,,1455,,
574008358,2026-07,,1623,,
574008390,2026-07,1854,,,
574008404,2026-07,1558,,,
574008544,2026-07,1709,,,
574008919,2026-07,,1687,,
574008943,2026-07,1561,,,
574008960,2026-07,,1733,,
574009010,2026-07,,1456,,
574009044,2026-07,,1794,,
574009117,2026-07,,1854,,
574009168,2026-07,1537,,,
574009206,2026-07,,1438,,
574009516,2026-07,1494,,,
574009532,2026-07,,1829,,
574009567,2026-07,1433,,,
574009648,2026-07,,1589,,
574009842,2026-07,,1461,,
574009990,2026-07,,1401,,
