fide_id,chinese_name,pinyin_name,latin_name,name_variants,evidence_tnrid,source,source_url,notes
1631390,"陈苗苗,",,,"陈苗苗,|2013年全国国际象棋锦标赛（个人乙组）女子组",108726,chess-results-spielersuche,https://s3.chess-results.com/tnr108726.aspx?lan=1&art=9&snr=57,SpielerSuche FIDE 1631390 tnr108726 CJK name column
1631454,"李申玥,",,,"李申玥,|2025年中国国际象棋乙级联赛",1229905,chess-results-spielersuche,https://s3.chess-results.com/tnr1229905.aspx?lan=1&art=9&snr=18,SpielerSuche FIDE 1631454 tnr1229905 CJK name column
260290,朱子墨,,,"朱子墨,|2025年全国国际象棋青少年锦标赛（个人）暨第30届“李成智",1111363,chess-results-spielersuche,https://s3.chess-results.com/tnr1111363.aspx?lan=1&art=9&snr=51,SpielerSuche FIDE 260290 tnr1111363 CJK name column
3238024,林舒涵,,,"林舒涵,|2024年全国国际象棋锦标赛（个人乙组）男子组",927196,chess-results-spielersuche,https://s3.chess-results.com/tnr927196.aspx?lan=1&art=9&snr=98,SpielerSuche FIDE 3238024 tnr927196 CJK name column
3244571,"张城瀚,",,,"张城瀚,|2023年全国国际象棋青少年锦标赛(个人)暨第28届“李成智",798390,chess-results-spielersuche,https://s3.chess-results.com/tnr798390.aspx?lan=1&art=9&snr=35,SpielerSuche FIDE 3244571 tnr798390 CJK name column
3403955,"王帅,",,,"王帅,|2013年中国国际象棋甲级联赛",99760,chess-results-spielersuche,https://s3.chess-results.com/tnr99760.aspx?lan=1&art=9&snr=55,SpielerSuche FIDE 3403955 tnr99760 CJK name column
3403963,"俞婷,",,,"俞婷,|""超玥杯""2021年中国国际象棋甲级联赛",596943,chess-results-spielersuche,https://s3.chess-results.com/tnr596943.aspx?lan=1&art=9&snr=34,SpielerSuche FIDE 3403963 tnr596943 CJK name column
6015476,朱宥辰,,"Zhu, Youchen",2026年全国国际象棋青少年锦标赛（个人）暨第31届“李成智,1335515,chess-results-spielersuche,https://s3.chess-results.com/tnr1335515.aspx?lan=1&art=9&snr=39,SpielerSuche FIDE 6015476 tnr1335515 CJK name column
8600015,"叶荣光,",,,"叶荣光,|2014年全国国际象棋联赛(乙级团体)",142183,chess-results-spielersuche,https://s3.chess-results.com/tnr142183.aspx?lan=1&art=9&snr=42,SpielerSuche FIDE 8600015 tnr142183 CJK name column
8600023,"汪自力,",,,"汪自力,|“机器人谷杯”第一届中国城市国际象棋联赛复活赛",542472,chess-results-spielersuche,https://s3.chess-results.com/tnr542472.aspx?lan=1&art=9&snr=76,SpielerSuche FIDE 8600023 tnr542472 CJK name column
8600031,"徐 俊,",,,"徐 俊,|2025年中国国际象棋甲级联赛常规赛（第二站）北京专场",1263712,chess-results-spielersuche,https://s3.chess-results.com/tnr1263712.aspx?lan=1&art=9&snr=25,SpielerSuche FIDE 8600031 tnr1263712 CJK name column
8600040,叶江川,,,"叶江川,|""金融创新杯""2023年中国国际象棋甲级联赛总决赛",857849,chess-results-spielersuche,https://s3.chess-results.com/tnr857849.aspx?lan=1&art=9&snr=46,SpielerSuche FIDE 8600040 tnr857849 CJK name column
8600058,"林卫国,",,,"林卫国,|第十五届全国运动会群众比赛国际象棋项目决赛混合团体公开组循环",1245065,chess-results-spielersuche,https://s3.chess-results.com/tnr1245065.aspx?lan=1&art=9&snr=38,SpielerSuche FIDE 8600058 tnr1245065 CJK name column
8600066,"梁金荣,",,,"梁金荣,|""众弈杯""2019年中国国际象棋甲级联赛沈阳站（19-22轮",430465,chess-results-spielersuche,https://s3.chess-results.com/tnr430465.aspx?lan=1&art=9&snr=28,SpielerSuche FIDE 8600066 tnr430465 CJK name column
8600171,"韦宇阳,",,,"韦宇阳,|2015年全国国际象棋锦标赛（个人乙组）男子组",180798,chess-results-spielersuche,https://s3.chess-results.com/tnr180798.aspx?lan=1&art=9&snr=51,SpielerSuche FIDE 8600171 tnr180798 CJK name column
8600201,翟墨,,,"翟墨,|2026年中国国际象棋甲级联赛 百叶龙杯”常规赛第一站长兴专",1443995,chess-results-spielersuche,https://s3.chess-results.com/tnr1443995.aspx?lan=1&art=9&snr=15,SpielerSuche FIDE 8600201 tnr1443995 CJK name column
8600279,"刘适兰,",,,"刘适兰,|“映美杯”2017年中国国际象棋甲级联赛第六站（三乡盛桐站）",274999,chess-results-spielersuche,https://s3.chess-results.com/tnr274999.aspx?lan=1&art=9&snr=69,SpielerSuche FIDE 8600279 tnr274999 CJK name column
8600309,"吴玺斌,",,,"吴玺斌,|第四届全国智力运动会国际象棋男子团体快棋",484817,chess-results-spielersuche,https://s3.chess-results.com/tnr484817.aspx?lan=1&art=9&snr=14,SpielerSuche FIDE 8600309 tnr484817 CJK name column
8600376,"宁春红,",,,"宁春红,|2022年中国国际象棋乙级联赛",725674,chess-results-spielersuche,https://s3.chess-results.com/tnr725674.aspx?lan=1&art=9&snr=7,SpielerSuche FIDE 8600376 tnr725674 CJK name column
8600406,"王频,",,,"王频,|2025年中国国际象棋甲级联赛常规赛（第二站）北京专场",1263712,chess-results-spielersuche,https://s3.chess-results.com/tnr1263712.aspx?lan=1&art=9&snr=65,SpielerSuche FIDE 8600406 tnr1263712 CJK name column
8600490,"""翡丽百瑞""2015国际象棋大师混双赛",,"LiWenliang, LiuShilan","""翡丽百瑞""2015国际象棋大师混双赛",189099,chess-results-spielersuche,https://s3.chess-results.com/tnr189099.aspx?lan=1&art=9&snr=4,SpielerSuche FIDE 8600490 tnr189099 CJK name column
8600554,"李俊英,",,,"李俊英,",1451862,chess-results-spielersuche,https://s3.chess-results.com/tnr1451862.aspx?lan=1&art=9&snr=24,SpielerSuche FIDE 8600554 tnr1451862 CJK name column
8600562,"梁志华,",,,"梁志华,|雅戈尔杯中国国际象棋甲级联赛",32817,chess-results-spielersuche,https://s3.chess-results.com/tnr32817.aspx?lan=1&art=9&snr=33,SpielerSuche FIDE 8600562 tnr32817 CJK name column
8600627,"徐阳,",,,"徐阳,|“映美杯”2015年中国国际象棋甲级联赛",165078,chess-results-spielersuche,https://s3.chess-results.com/tnr165078.aspx?lan=1&art=9&snr=9,SpielerSuche FIDE 8600627 tnr165078 CJK name column
8600635,许昱华,,,"许昱华,|雅戈尔杯中国国际象棋甲级联赛",32817,chess-results-spielersuche,https://s3.chess-results.com/tnr32817.aspx?lan=1&art=9&snr=11,SpielerSuche FIDE 8600635 tnr32817 CJK name column
8600643,"李若凡,",,,"李若凡,|2025年中国国际象棋甲级联赛常规赛（第二站）北京专场",1263712,chess-results-spielersuche,https://s3.chess-results.com/tnr1263712.aspx?lan=1&art=9&snr=18,SpielerSuche FIDE 8600643 tnr1263712 CJK name column
8600660,"余少腾,",,,"余少腾,|2025年全国国际象棋锦标赛（团体）男子组",1163659,chess-results-spielersuche,https://s3.chess-results.com/tnr1163659.aspx?lan=1&art=9&snr=69,SpielerSuche FIDE 8600660 tnr1163659 CJK name column
8600678,"李师龙,",,,"李师龙,|2025年中国国际象棋乙级联赛",1229905,chess-results-spielersuche,https://s3.chess-results.com/tnr1229905.aspx?lan=1&art=9&snr=43,SpielerSuche FIDE 8600678 tnr1229905 CJK name column
8600686,"夏宇,",,,"夏宇,|2021年全国国际象棋锦标赛（团体）男子组",585262,chess-results-spielersuche,https://s3.chess-results.com/tnr585262.aspx?lan=1&art=9&snr=46,SpielerSuche FIDE 8600686 tnr585262 CJK name column
8600694,"章钟,",,,"章钟,|""金融创新杯""2023年中国国际象棋甲级联赛总决赛",857849,chess-results-spielersuche,https://s3.chess-results.com/tnr857849.aspx?lan=1&art=9&snr=31,SpielerSuche FIDE 8600694 tnr857849 CJK name column
8600716,"吴文瑾,",,,"吴文瑾,|2013年中国国际象棋甲级联赛",99760,chess-results-spielersuche,https://s3.chess-results.com/tnr99760.aspx?lan=1&art=9&snr=63,SpielerSuche FIDE 8600716 tnr99760 CJK name column
8600740,"郭筠,",,,"郭筠,|机器人谷杯第一届中国城市国际象棋联赛(团体)种子排位赛",537728,chess-results-spielersuche,https://s3.chess-results.com/tnr537728.aspx?lan=1&art=9&snr=37,SpielerSuche FIDE 8600740 tnr537728 CJK name column
8600759,"苏亚敏,",,,"苏亚敏,|机器人谷杯第一届中国城市国际象棋联赛(团体)种子排位赛",537728,chess-results-spielersuche,https://s3.chess-results.com/tnr537728.aspx?lan=1&art=9&snr=40,SpielerSuche FIDE 8600759 tnr537728 CJK name column
8600767,"陈凡,",,,"陈凡,|2018年全国国际象棋锦标赛（个人乙组）男子",366717,chess-results-spielersuche,https://s3.chess-results.com/tnr366717.aspx?lan=1&art=9&snr=9,SpielerSuche FIDE 8600767 tnr366717 CJK name column
8600775,"乔梁,",,,"乔梁,|2012 全国国际象棋锦标赛（个人乙组）男子组",78385,chess-results-spielersuche,https://s3.chess-results.com/tnr78385.aspx?lan=1&art=9&snr=18,SpielerSuche FIDE 8600775 tnr78385 CJK name column
8600791,Japan Chess Championship 2019全,,"Qin, Ranran",Japan Chess Championship 2019全,429627,chess-results-spielersuche,https://s3.chess-results.com/tnr429627.aspx?lan=1&art=9&snr=20,SpielerSuche FIDE 8600791 tnr429627 CJK name column
8600805,"陈静,",,,"陈静,|2022年中国国际象棋乙级联赛",725674,chess-results-spielersuche,https://s3.chess-results.com/tnr725674.aspx?lan=1&art=9&snr=52,SpielerSuche FIDE 8600805 tnr725674 CJK name column
8600813,孙心悦,,,"孙心悦,|2026年中国国际象棋甲级联赛 百叶龙杯”常规赛第一站长兴专",1443995,chess-results-spielersuche,https://s3.chess-results.com/tnr1443995.aspx?lan=1&art=9&snr=75,SpielerSuche FIDE 8600813 tnr1443995 CJK name column
8600864,"王垚垚,",,,"王垚垚,|“映美杯”2015年中国国际象棋甲级联赛",165078,chess-results-spielersuche,https://s3.chess-results.com/tnr165078.aspx?lan=1&art=9&snr=17,SpielerSuche FIDE 8600864 tnr165078 CJK name column
8600899,"梁充,",,,"梁充,|雅戈尔杯中国国际象棋甲级联赛",32817,chess-results-spielersuche,https://s3.chess-results.com/tnr32817.aspx?lan=1&art=9&snr=34,SpielerSuche FIDE 8600899 tnr32817 CJK name column
8600929,2019年小鱼儿杯国际象棋友谊赛“一带一路”2019“读特杯,,"Zhu, Jiaqi",2019年小鱼儿杯国际象棋友谊赛“一带一路”2019“读特杯,435338,chess-results-spielersuche,https://s3.chess-results.com/tnr435338.aspx?lan=1&art=9&snr=6,SpielerSuche FIDE 8600929 tnr435338 CJK name column
8600953,"解建军,",,,"解建军,|2025年中国国际象棋乙级联赛",1229905,chess-results-spielersuche,https://s3.chess-results.com/tnr1229905.aspx?lan=1&art=9&snr=126,SpielerSuche FIDE 8600953 tnr1229905 CJK name column
8600970,"张鹏翔,",,,"张鹏翔,|2025年中国国际象棋甲级联赛常规赛（第二站）北京专场",1263712,chess-results-spielersuche,https://s3.chess-results.com/tnr1263712.aspx?lan=1&art=9&snr=75,SpielerSuche FIDE 8600970 tnr1263712 CJK name column
8600988,"邝颖慧,",,,"邝颖慧,",1451862,chess-results-spielersuche,https://s3.chess-results.com/tnr1451862.aspx?lan=1&art=9&snr=17,SpielerSuche FIDE 8600988 tnr1451862 CJK name column
8601003,"王锐,",,,"王锐,|2017年全国国际象棋锦标赛（团体）男子组",285586,chess-results-spielersuche,https://s3.chess-results.com/tnr285586.aspx?lan=1&art=9&snr=20,SpielerSuche FIDE 8601003 tnr285586 CJK name column
8601020,王晨,,,"王晨,|2026年中国国际象棋甲级联赛 百叶龙杯”常规赛第一站长兴专",1443995,chess-results-spielersuche,https://s3.chess-results.com/tnr1443995.aspx?lan=1&art=9&snr=22,SpielerSuche FIDE 8601020 tnr1443995 CJK name column
8601070,"杜杉,",,,"杜杉,|第四届全国智力运动会国际象棋男子团体快棋",484817,chess-results-spielersuche,https://s3.chess-results.com/tnr484817.aspx?lan=1&art=9&snr=57,SpielerSuche FIDE 8601070 tnr484817 CJK name column
8601089,徐媛媛,,,"徐媛媛,|2026年中国国际象棋甲级联赛 百叶龙杯”常规赛第一站长兴专",1443995,chess-results-spielersuche,https://s3.chess-results.com/tnr1443995.aspx?lan=1&art=9&snr=7,SpielerSuche FIDE 8601089 tnr1443995 CJK name column
8601097,王瑜,,,"王瑜,|2026年中国国际象棋甲级联赛 百叶龙杯”常规赛第一站长兴专",1443995,chess-results-spielersuche,https://s3.chess-results.com/tnr1443995.aspx?lan=1&art=9&snr=56,SpielerSuche FIDE 8601097 tnr1443995 CJK name column
8601143,"郭宇,",,,"郭宇,|第四届全国智力运动会国际象棋男子团体快棋",484817,chess-results-spielersuche,https://s3.chess-results.com/tnr484817.aspx?lan=1&art=9&snr=47,SpielerSuche FIDE 8601143 tnr484817 CJK name column
8601160,倪华,,,"倪华,|""金融创新杯""2023年中国国际象棋甲级联赛总决赛",857849,chess-results-spielersuche,https://s3.chess-results.com/tnr857849.aspx?lan=1&art=9&snr=29,SpielerSuche FIDE 8601160 tnr857849 CJK name column
8601208,"洪嘉荣,",,,"洪嘉荣,|第四届全国智力运动会国际象棋男子团体快棋",484817,chess-results-spielersuche,https://s3.chess-results.com/tnr484817.aspx?lan=1&art=9&snr=58,SpielerSuche FIDE 8601208 tnr484817 CJK name column
8601224,"侯强,",,,"侯强,|2012 全国国际象棋锦标赛（个人乙组）男子组",78385,chess-results-spielersuche,https://s3.chess-results.com/tnr78385.aspx?lan=1&art=9&snr=17,SpielerSuche FIDE 8601224 tnr78385 CJK name column
8601267,"丁琳琳,",,,"丁琳琳,|""众弈杯""2019年中国国际象棋甲级联赛沈阳站（19-22轮",430465,chess-results-spielersuche,https://s3.chess-results.com/tnr430465.aspx?lan=1&art=9&snr=65,SpielerSuche FIDE 8601267 tnr430465 CJK name column
8601283,赵雪,,,"赵雪,|2026年中国国际象棋甲级联赛 百叶龙杯”常规赛第一站长兴专",1443995,chess-results-spielersuche,https://s3.chess-results.com/tnr1443995.aspx?lan=1&art=9&snr=73,SpielerSuche FIDE 8601283 tnr1443995 CJK name column
8601402,"厉元璐,",,,"厉元璐,|2017年全国国际象棋锦标赛（个人乙组）男子组",292211,chess-results-spielersuche,https://s3.chess-results.com/tnr292211.aspx?lan=1&art=9&snr=22,SpielerSuche FIDE 8601402 tnr292211 CJK name column
8601429,王玥,,,"王玥,|2026年中国国际象棋甲级联赛 百叶龙杯”常规赛第一站长兴专",1443995,chess-results-spielersuche,https://s3.chess-results.com/tnr1443995.aspx?lan=1&art=9&snr=26,SpielerSuche FIDE 8601429 tnr1443995 CJK name column
8601445,卜祥志,,,"卜祥志,|2026年中国国际象棋甲级联赛 百叶龙杯”常规赛第一站长兴专",1443995,chess-results-spielersuche,https://s3.chess-results.com/tnr1443995.aspx?lan=1&art=9&snr=17,SpielerSuche FIDE 8601445 tnr1443995 CJK name column
8601461,"李群,",,,"李群,|2017年全国国际象棋锦标赛（个人乙组）男子组",292211,chess-results-spielersuche,https://s3.chess-results.com/tnr292211.aspx?lan=1&art=9&snr=14,SpielerSuche FIDE 8601461 tnr292211 CJK name column
8601488,"李昊宇,",,,"李昊宇,|第十五届全国运动会群众比赛国际象棋项目预赛男子个人公开组",1184154,chess-results-spielersuche,https://s3.chess-results.com/tnr1184154.aspx?lan=1&art=9&snr=20,SpielerSuche FIDE 8601488 tnr1184154 CJK name column
8601542,"黄志妍,",,,"黄志妍,|2015年全国国际象棋锦标赛（个人乙组）女子组",180799,chess-results-spielersuche,https://s3.chess-results.com/tnr180799.aspx?lan=1&art=9&snr=10,SpielerSuche FIDE 8601542 tnr180799 CJK name column
8601658,"许寒冰,",,,"许寒冰,|2025年全国国际象棋公开赛（聊城站）",1200704,chess-results-spielersuche,https://s3.chess-results.com/tnr1200704.aspx?lan=1&art=9&snr=4,SpielerSuche FIDE 8601658 tnr1200704 CJK name column
8601666,"吴开宇,",,,"吴开宇,|""众弈杯""2019年中国国际象棋甲级联赛沈阳站（19-22轮",430465,chess-results-spielersuche,https://s3.chess-results.com/tnr430465.aspx?lan=1&art=9&snr=62,SpielerSuche FIDE 8601666 tnr430465 CJK name column
8601674,"周唯奇,",,,"周唯奇,|""华发杯“2024年中国国际象棋甲级联赛总决赛",1072025,chess-results-spielersuche,https://s3.chess-results.com/tnr1072025.aspx?lan=1&art=9&snr=3,SpielerSuche FIDE 8601674 tnr1072025 CJK name column
8601682,"张子洋,",,,"张子洋,|第十五届全国运动会群众比赛国际象棋项目预赛男子个人公开组",1184154,chess-results-spielersuche,https://s3.chess-results.com/tnr1184154.aspx?lan=1&art=9&snr=10,SpielerSuche FIDE 8601682 tnr1184154 CJK name column
8601739,徐桐,,,"徐桐,|2026年中国国际象棋甲级联赛 百叶龙杯”常规赛第一站长兴专",1443995,chess-results-spielersuche,https://s3.chess-results.com/tnr1443995.aspx?lan=1&art=9&snr=16,SpielerSuche FIDE 8601739 tnr1443995 CJK name column
8601763,"胡艺,",,,"胡艺,",1451862,chess-results-spielersuche,https://s3.chess-results.com/tnr1451862.aspx?lan=1&art=9&snr=29,SpielerSuche FIDE 8601763 tnr1451862 CJK name column
8601852,"杜少龙,",,,"杜少龙,|机器人谷杯第二届中国城市国际象棋联赛候选赛",603884,chess-results-spielersuche,https://s3.chess-results.com/tnr603884.aspx?lan=1&art=9&snr=97,SpielerSuche FIDE 8601852 tnr603884 CJK name column
8601887,"季诞,",,,"季诞,|机器人谷杯第二届中国城市国际象棋联赛候选赛",603884,chess-results-spielersuche,https://s3.chess-results.com/tnr603884.aspx?lan=1&art=9&snr=45,SpielerSuche FIDE 8601887 tnr603884 CJK name column
8602182,"李弘,",,,"李弘,|国际象棋比赛 男子团体",922080,chess-results-spielersuche,https://s3.chess-results.com/tnr922080.aspx?lan=1&art=9&snr=6,SpielerSuche FIDE 8602182 tnr922080 CJK name column
8602271,"程新楷,",,,"程新楷,|第四届全国智力运动会国际象棋男子团体快棋",484817,chess-results-spielersuche,https://s3.chess-results.com/tnr484817.aspx?lan=1&art=9&snr=59,SpielerSuche FIDE 8602271 tnr484817 CJK name column
8602280,白金石,,,"白金石,|2026年中国国际象棋甲级联赛 百叶龙杯”常规赛第一站长兴专",1443995,chess-results-spielersuche,https://s3.chess-results.com/tnr1443995.aspx?lan=1&art=9&snr=3,SpielerSuche FIDE 8602280 tnr1443995 CJK name column
8602298,"林 晨,",,,"林 晨,|2025年中国国际象棋甲级联赛常规赛（第二站）北京专场",1263712,chess-results-spielersuche,https://s3.chess-results.com/tnr1263712.aspx?lan=1&art=9&snr=29,SpielerSuche FIDE 8602298 tnr1263712 CJK name column
8602301,"宋冰,",,,"宋冰,|第十五届全国运动会群众比赛国际象棋项目预赛男子个人公开组",1184154,chess-results-spielersuche,https://s3.chess-results.com/tnr1184154.aspx?lan=1&art=9&snr=15,SpielerSuche FIDE 8602301 tnr1184154 CJK name column
8602336,"杨杰,",,,"杨杰,|第九届秦皇岛全国国际象棋公开赛公开组",305482,chess-results-spielersuche,https://s3.chess-results.com/tnr305482.aspx?lan=1&art=9&snr=12,SpielerSuche FIDE 8602336 tnr305482 CJK name column
8602360,"陈阳,",,,"陈阳,|2013年全国国际象棋锦标赛（个人乙组）男子组",108725,chess-results-spielersuche,https://s3.chess-results.com/tnr108725.aspx?lan=1&art=9&snr=31,SpielerSuche FIDE 8602360 tnr108725 CJK name column
8602387,"高睿,",,,"高睿,|“机器人谷杯”二届中国城市国际象棋联赛复选赛",591874,chess-results-spielersuche,https://s3.chess-results.com/tnr591874.aspx?lan=1&art=9&snr=53,SpielerSuche FIDE 8602387 tnr591874 CJK name column
8602409,"刘襄琳,",,,"刘襄琳,|机器人谷杯第一届中国城市国际象棋联赛(团体)种子排位赛",537728,chess-results-spielersuche,https://s3.chess-results.com/tnr537728.aspx?lan=1&art=9&snr=59,SpielerSuche FIDE 8602409 tnr537728 CJK name column
8602417,"田 甜,",,,"田 甜,|2025年中国国际象棋甲级联赛常规赛（第二站）北京专场",1263712,chess-results-spielersuche,https://s3.chess-results.com/tnr1263712.aspx?lan=1&art=9&snr=97,SpielerSuche FIDE 8602417 tnr1263712 CJK name column
8602450,"陈琪,",,,"陈琪,|国际象棋比赛 男子团体",922080,chess-results-spielersuche,https://s3.chess-results.com/tnr922080.aspx?lan=1&art=9&snr=29,SpielerSuche FIDE 8602450 tnr922080 CJK name column
8602484,"马天骥,",,,"马天骥,|2015年全国国际象棋锦标赛（个人乙组）男子组",180798,chess-results-spielersuche,https://s3.chess-results.com/tnr180798.aspx?lan=1&art=9&snr=177,SpielerSuche FIDE 8602484 tnr180798 CJK name column
8602522,赵骏,,,"赵骏,|2026年中国国际象棋甲级联赛 百叶龙杯”常规赛第一站长兴专",1443995,chess-results-spielersuche,https://s3.chess-results.com/tnr1443995.aspx?lan=1&art=9&snr=11,SpielerSuche FIDE 8602522 tnr1443995 CJK name column
8602530,"龚盛,",,,"龚盛,|2018年谢侠逊棋王文化高峰论坛暨全国国际象棋快棋公开赛",385014,chess-results-spielersuche,https://s3.chess-results.com/tnr385014.aspx?lan=1&art=9&snr=67,SpielerSuche FIDE 8602530 tnr385014 CJK name column
8602557,"HU, Xi 胡兮",,,"HU, Xi 胡兮",81164,chess-results-spielersuche,https://s3.chess-results.com/tnr81164.aspx?lan=1&art=9&snr=5,SpielerSuche FIDE 8602557 tnr81164 CJK name column
8602573,"黄子洋,",,,"黄子洋,|2016 年全国国际象棋锦标赛（个人乙组）男子组",230769,chess-results-spielersuche,https://s3.chess-results.com/tnr230769.aspx?lan=1&art=9&snr=90,SpielerSuche FIDE 8602573 tnr230769 CJK name column
8602590,"李东程,",,,"李东程,|2013年全国国际象棋锦标赛（个人乙组）男子组",108725,chess-results-spielersuche,https://s3.chess-results.com/tnr108725.aspx?lan=1&art=9&snr=42,SpielerSuche FIDE 8602590 tnr108725 CJK name column
8602611,"谷笑冰,",,,"谷笑冰,|""泰来杯""2022年中国国际象棋甲级联赛总决赛(循环赛)",725785,chess-results-spielersuche,https://s3.chess-results.com/tnr725785.aspx?lan=1&art=9&snr=25,SpielerSuche FIDE 8602611 tnr725785 CJK name column
8602670,"李翰斌, Hanbin",,,"李翰斌, Hanbin|2012年世界冠军赛（男子组）中国分区赛",80908,chess-results-spielersuche,https://s3.chess-results.com/tnr80908.aspx?lan=1&art=9&snr=18,SpielerSuche FIDE 8602670 tnr80908 CJK name column
8602689,黄茜,,,"黄茜,|2026年中国国际象棋甲级联赛 百叶龙杯”常规赛第一站长兴专",1443995,chess-results-spielersuche,https://s3.chess-results.com/tnr1443995.aspx?lan=1&art=9&snr=24,SpielerSuche FIDE 8602689 tnr1443995 CJK name column
8602727,"阮露斐,",,,"阮露斐,|2014年全国国际象棋联赛(乙级团体)",142183,chess-results-spielersuche,https://s3.chess-results.com/tnr142183.aspx?lan=1&art=9&snr=5,SpielerSuche FIDE 8602727 tnr142183 CJK name column
8602735,"林奕,",,,"林奕,|2014年全国国际象棋锦标赛（个人乙组）男子组",142555,chess-results-spielersuche,https://s3.chess-results.com/tnr142555.aspx?lan=1&art=9&snr=26,SpielerSuche FIDE 8602735 tnr142555 CJK name column
8602778,"牟科,",,,"牟科,|2024年中国国际象棋乙级联赛",984568,chess-results-spielersuche,https://s3.chess-results.com/tnr984568.aspx?lan=1&art=9&snr=10,SpielerSuche FIDE 8602778 tnr984568 CJK name column
8602786,"李博,",,,"李博,|2025年全国国际象棋公开赛（苏州站）",1250403,chess-results-spielersuche,https://s3.chess-results.com/tnr1250403.aspx?lan=1&art=9&snr=5,SpielerSuche FIDE 8602786 tnr1250403 CJK name column
8602832,"沈思远,",,,"沈思远,|2025年中国国际象棋乙级联赛",1229905,chess-results-spielersuche,https://s3.chess-results.com/tnr1229905.aspx?lan=1&art=9&snr=137,SpielerSuche FIDE 8602832 tnr1229905 CJK name column
8602883,王皓,,,"王皓,|2026年中国国际象棋甲级联赛 百叶龙杯”常规赛第一站长兴专",1443995,chess-results-spielersuche,https://s3.chess-results.com/tnr1443995.aspx?lan=1&art=9&snr=9,SpielerSuche FIDE 8602883 tnr1443995 CJK name column
8602905,"周桂珏,",,,"周桂珏,|""泰来杯""2022年中国国际象棋甲级联赛总决赛(循环赛)",725785,chess-results-spielersuche,https://s3.chess-results.com/tnr725785.aspx?lan=1&art=9&snr=12,SpielerSuche FIDE 8602905 tnr725785 CJK name column
8602948,"杨海南, Hainan",,,"杨海南, Hainan|2012年世界冠军赛（男子组）中国分区赛",80908,chess-results-spielersuche,https://s3.chess-results.com/tnr80908.aspx?lan=1&art=9&snr=27,SpielerSuche FIDE 8602948 tnr80908 CJK name column
8602956,"温 阳,",,,"温 阳,|2025年中国国际象棋甲级联赛常规赛（第二站）北京专场",1263712,chess-results-spielersuche,https://s3.chess-results.com/tnr1263712.aspx?lan=1&art=9&snr=1,SpielerSuche FIDE 8602956 tnr1263712 CJK name column
8602972,丁亦昕,,,"丁亦昕,|2026年中国国际象棋甲级联赛 百叶龙杯”常规赛第一站长兴专",1443995,chess-results-spielersuche,https://s3.chess-results.com/tnr1443995.aspx?lan=1&art=9&snr=81,SpielerSuche FIDE 8602972 tnr1443995 CJK name column
8602980,侯逸凡,,,"侯逸凡,|2026年中国国际象棋甲级联赛 百叶龙杯”常规赛第一站长兴专",1443995,chess-results-spielersuche,https://s3.chess-results.com/tnr1443995.aspx?lan=1&art=9&snr=12,SpielerSuche FIDE 8602980 tnr1443995 CJK name column
8602999,"贾昊翔,",,,"贾昊翔,|2024年中国国际象棋乙级联赛",984568,chess-results-spielersuche,https://s3.chess-results.com/tnr984568.aspx?lan=1&art=9&snr=9,SpielerSuche FIDE 8602999 tnr984568 CJK name column
8603006,居文君,,,"居文君,|2026年中国国际象棋甲级联赛 百叶龙杯”常规赛第一站长兴专",1443995,chess-results-spielersuche,https://s3.chess-results.com/tnr1443995.aspx?lan=1&art=9&snr=47,SpielerSuche FIDE 8603006 tnr1443995 CJK name column
8603065,"刘广宁,",,,"刘广宁,|2025年全国国际象棋公开赛（聊城站）",1200704,chess-results-spielersuche,https://s3.chess-results.com/tnr1200704.aspx?lan=1&art=9&snr=58,SpielerSuche FIDE 8603065 tnr1200704 CJK name column
8603073,"王晓晖,",,,"王晓晖,|2013年中国国际象棋甲级联赛",99760,chess-results-spielersuche,https://s3.chess-results.com/tnr99760.aspx?lan=1&art=9&snr=79,SpielerSuche FIDE 8603073 tnr99760 CJK name column
8603090,"余瑞源,",,,"余瑞源,|2024年中国国际象棋乙级联赛",984568,chess-results-spielersuche,https://s3.chess-results.com/tnr984568.aspx?lan=1&art=9&snr=8,SpielerSuche FIDE 8603090 tnr984568 CJK name column
8603154,马群,,,"马群,|2026年中国国际象棋甲级联赛 百叶龙杯”常规赛第一站长兴专",1443995,chess-results-spielersuche,https://s3.chess-results.com/tnr1443995.aspx?lan=1&art=9&snr=2,SpielerSuche FIDE 8603154 tnr1443995 CJK name column
8603162,沈阳,,,"沈阳,|2026年中国国际象棋甲级联赛 百叶龙杯”常规赛第一站长兴专",1443995,chess-results-spielersuche,https://s3.chess-results.com/tnr1443995.aspx?lan=1&art=9&snr=64,SpielerSuche FIDE 8603162 tnr1443995 CJK name column
8603189,万云国,,,"万云国,|2026年中国国际象棋甲级联赛 百叶龙杯”常规赛第一站长兴专",1443995,chess-results-spielersuche,https://s3.chess-results.com/tnr1443995.aspx?lan=1&art=9&snr=78,SpielerSuche FIDE 8603189 tnr1443995 CJK name column
8603197,"王豆豆,",,,"王豆豆,",1451862,chess-results-spielersuche,https://s3.chess-results.com/tnr1451862.aspx?lan=1&art=9&snr=23,SpielerSuche FIDE 8603197 tnr1451862 CJK name column
8603219,章晓雯,,,"章晓雯,|2026年中国国际象棋甲级联赛 百叶龙杯”常规赛第一站长兴专",1443995,chess-results-spielersuche,https://s3.chess-results.com/tnr1443995.aspx?lan=1&art=9&snr=50,SpielerSuche FIDE 8603219 tnr1443995 CJK name column
8603235,"张璇,",,,"张璇,|国际象棋比赛 男子团体",922080,chess-results-spielersuche,https://s3.chess-results.com/tnr922080.aspx?lan=1&art=9&snr=7,SpielerSuche FIDE 8603235 tnr922080 CJK name column
8603251,"安志潇,",,,"安志潇,|机器人谷杯第二届中国城市国际象棋联赛候选赛",603884,chess-results-spielersuche,https://s3.chess-results.com/tnr603884.aspx?lan=1&art=9&snr=54,SpielerSuche FIDE 8603251 tnr603884 CJK name column
8603278,"刘鑫浩,",,,"刘鑫浩,|2015年全国国际象棋锦标赛（个人乙组）男子组",180798,chess-results-spielersuche,https://s3.chess-results.com/tnr180798.aspx?lan=1&art=9&snr=66,SpielerSuche FIDE 8603278 tnr180798 CJK name column
8603294,刘庆南,,,"刘庆南,|2026年中国国际象棋甲级联赛 百叶龙杯”常规赛第一站长兴专",1443995,chess-results-spielersuche,https://s3.chess-results.com/tnr1443995.aspx?lan=1&art=9&snr=70,SpielerSuche FIDE 8603294 tnr1443995 CJK name column
8603332,卢尚磊,,"Lu, Shanglei",单循环团体赛 测试赛,1445442,chess-results-spielersuche,https://s3.chess-results.com/tnr1445442.aspx?lan=1&art=9&snr=10,SpielerSuche FIDE 8603332 tnr1445442 CJK name column
8603383,"田嘉林,",,,"田嘉林,|2022年全国国际象棋锦标赛（个人乙组）男子组",724039,chess-results-spielersuche,https://s3.chess-results.com/tnr724039.aspx?lan=1&art=9&snr=25,SpielerSuche FIDE 8603383 tnr724039 CJK name column
8603405,韦奕,,,"韦奕,|2026年中国国际象棋甲级联赛 百叶龙杯”常规赛第一站长兴专",1443995,chess-results-spielersuche,https://s3.chess-results.com/tnr1443995.aspx?lan=1&art=9&snr=61,SpielerSuche FIDE 8603405 tnr1443995 CJK name column
8603472,"胡泽华,",,,"胡泽华,|第十五届全国运动会群众比赛国际象棋项目决赛男子个人业余组循环",1245063,chess-results-spielersuche,https://s3.chess-results.com/tnr1245063.aspx?lan=1&art=9&snr=9,SpielerSuche FIDE 8603472 tnr1245063 CJK name column
8603502,"刘洪涛,",,,"刘洪涛,|“映美杯”2017年中国国际象棋甲级联赛第六站（三乡盛桐站）",274999,chess-results-spielersuche,https://s3.chess-results.com/tnr274999.aspx?lan=1&art=9&snr=18,SpielerSuche FIDE 8603502 tnr274999 CJK name column
8603570,"王媛,",,,"王媛,|2012 全国国际象棋锦标赛（个人乙组）女子组",78386,chess-results-spielersuche,https://s3.chess-results.com/tnr78386.aspx?lan=1&art=9&snr=24,SpielerSuche FIDE 8603570 tnr78386 CJK name column
8603596,"刘贝,",,,"刘贝,|第十五届全国运动会群众比赛国际象棋项目决赛男子个人业余组循环",1245063,chess-results-spielersuche,https://s3.chess-results.com/tnr1245063.aspx?lan=1&art=9&snr=3,SpielerSuche FIDE 8603596 tnr1245063 CJK name column
8603600,"王瑜,",,,"王瑜,",1451862,chess-results-spielersuche,https://s3.chess-results.com/tnr1451862.aspx?lan=1&art=9&snr=22,SpielerSuche FIDE 8603600 tnr1451862 CJK name column
8603642,谭中怡,,,"谭中怡,|2026年中国国际象棋甲级联赛 百叶龙杯”常规赛第一站长兴专",1443995,chess-results-spielersuche,https://s3.chess-results.com/tnr1443995.aspx?lan=1&art=9&snr=21,SpielerSuche FIDE 8603642 tnr1443995 CJK name column
8603650,"许亦柠,",,,"许亦柠,|""瑞贝卡杯“2022 全国国际象棋锦标赛（团体）男子组",729712,chess-results-spielersuche,https://s3.chess-results.com/tnr729712.aspx?lan=1&art=9&snr=20,SpielerSuche FIDE 8603650 tnr729712 CJK name column
8603677,丁立人,,,"丁立人,|2026年中国国际象棋甲级联赛 百叶龙杯”常规赛第一站长兴专",1443995,chess-results-spielersuche,https://s3.chess-results.com/tnr1443995.aspx?lan=1&art=9&snr=1,SpielerSuche FIDE 8603677 tnr1443995 CJK name column
8603693,修德顺,,,"修德顺,|2026年中国国际象棋甲级联赛 百叶龙杯”常规赛第一站长兴专",1443995,chess-results-spielersuche,https://s3.chess-results.com/tnr1443995.aspx?lan=1&art=9&snr=54,SpielerSuche FIDE 8603693 tnr1443995 CJK name column
8603715,"俞烈,",,,"俞烈,|2019年全国国际象棋锦标赛（团体）男子组",450220,chess-results-spielersuche,https://s3.chess-results.com/tnr450220.aspx?lan=1&art=9&snr=81,SpielerSuche FIDE 8603715 tnr450220 CJK name column
8603758,"杨钦栋,",,,"杨钦栋,|2013年全国国际象棋联赛(乙级团体)",108316,chess-results-spielersuche,https://s3.chess-results.com/tnr108316.aspx?lan=1&art=9&snr=64,SpielerSuche FIDE 8603758 tnr108316 CJK name column
8603766,"姚礼佳,",,,"姚礼佳,|2015年全国国际象棋锦标赛（个人乙组）男子组",180798,chess-results-spielersuche,https://s3.chess-results.com/tnr180798.aspx?lan=1&art=9&snr=114,SpielerSuche FIDE 8603766 tnr180798 CJK name column
8603782,"虞翔博,",,,"虞翔博,|2013年全国国际象棋锦标赛（个人乙组）男子组",108725,chess-results-spielersuche,https://s3.chess-results.com/tnr108725.aspx?lan=1&art=9&snr=32,SpielerSuche FIDE 8603782 tnr108725 CJK name column
8603804,"张建华,",,,"张建华,|2023年全国国际象棋公开赛（呼和浩特站）",867741,chess-results-spielersuche,https://s3.chess-results.com/tnr867741.aspx?lan=1&art=9&snr=39,SpielerSuche FIDE 8603804 tnr867741 CJK name column
8603820,余泱漪,,,"余泱漪,|2026年中国国际象棋甲级联赛 百叶龙杯”常规赛第一站长兴专",1443995,chess-results-spielersuche,https://s3.chess-results.com/tnr1443995.aspx?lan=1&art=9&snr=52,SpielerSuche FIDE 8603820 tnr1443995 CJK name column
8603847,曾重生,,,"曾重生,|2026年中国国际象棋甲级联赛 百叶龙杯”常规赛第一站长兴专",1443995,chess-results-spielersuche,https://s3.chess-results.com/tnr1443995.aspx?lan=1&art=9&snr=62,SpielerSuche FIDE 8603847 tnr1443995 CJK name column
8603863,"陈鹏,",,,"陈鹏,|2025年中国国际象棋乙级联赛",1229905,chess-results-spielersuche,https://s3.chess-results.com/tnr1229905.aspx?lan=1&art=9&snr=12,SpielerSuche FIDE 8603863 tnr1229905 CJK name column
8603898,"李臻宇,",,,"李臻宇,|2018年全国国际象棋锦标赛（个人乙组）男子",366717,chess-results-spielersuche,https://s3.chess-results.com/tnr366717.aspx?lan=1&art=9&snr=19,SpielerSuche FIDE 8603898 tnr366717 CJK name column
8603901,"刘冠初,",,,"刘冠初,|2023年中国国际象棋乙级联赛",754014,chess-results-spielersuche,https://s3.chess-results.com/tnr754014.aspx?lan=1&art=9&snr=71,SpielerSuche FIDE 8603901 tnr754014 CJK name column
8603910,"张晟昀,",,,"张晟昀,|2021年全国国际象棋锦标赛（团体）男子组",585262,chess-results-spielersuche,https://s3.chess-results.com/tnr585262.aspx?lan=1&art=9&snr=52,SpielerSuche FIDE 8603910 tnr585262 CJK name column
8603928,楼一平,,,"楼一平,|2026年中国国际象棋甲级联赛 百叶龙杯”常规赛第一站长兴专",1443995,chess-results-spielersuche,https://s3.chess-results.com/tnr1443995.aspx?lan=1&art=9&snr=46,SpielerSuche FIDE 8603928 tnr1443995 CJK name column
8603944,"曲彦桥,",,,"曲彦桥,|2025年全国国际象棋锦标赛（团体）男子组",1163659,chess-results-spielersuche,https://s3.chess-results.com/tnr1163659.aspx?lan=1&art=9&snr=17,SpielerSuche FIDE 8603944 tnr1163659 CJK name column
8603952,"张海宁,",,,"张海宁,|2017年全国国际象棋锦标赛（个人乙组）男子组",292211,chess-results-spielersuche,https://s3.chess-results.com/tnr292211.aspx?lan=1&art=9&snr=112,SpielerSuche FIDE 8603952 tnr292211 CJK name column
8603960,"王馨悦,",,,"王馨悦,|2023年中国国际象棋乙级联赛",754014,chess-results-spielersuche,https://s3.chess-results.com/tnr754014.aspx?lan=1&art=9&snr=142,SpielerSuche FIDE 8603960 tnr754014 CJK name column
8603987,"薛月,",,,"薛月,|第十五届全国运动会群众比赛国际象棋项目决赛女子个人业余组循环",1245064,chess-results-spielersuche,https://s3.chess-results.com/tnr1245064.aspx?lan=1&art=9&snr=10,SpielerSuche FIDE 8603987 tnr1245064 CJK name column
8603995,"顾天璐,",,,"顾天璐,|2023年中国国际象棋乙级联赛",754014,chess-results-spielersuche,https://s3.chess-results.com/tnr754014.aspx?lan=1&art=9&snr=83,SpielerSuche FIDE 8603995 tnr754014 CJK name column
8604002,郭琦,,,"郭琦,|2026年中国国际象棋甲级联赛 百叶龙杯”常规赛第一站长兴专",1443995,chess-results-spielersuche,https://s3.chess-results.com/tnr1443995.aspx?lan=1&art=9&snr=65,SpielerSuche FIDE 8604002 tnr1443995 CJK name column
8604029,"张弘,",,,"张弘,|""瑞贝卡杯“2022 全国国际象棋锦标赛（团体）男子组",729712,chess-results-spielersuche,https://s3.chess-results.com/tnr729712.aspx?lan=1&art=9&snr=21,SpielerSuche FIDE 8604029 tnr729712 CJK name column
8604037,"章肖鹏,",,,"章肖鹏,|国际象棋比赛 男子团体",922080,chess-results-spielersuche,https://s3.chess-results.com/tnr922080.aspx?lan=1&art=9&snr=61,SpielerSuche FIDE 8604037 tnr922080 CJK name column
8604045,"郑若蓉,",,,"郑若蓉,|雅戈尔杯中国国际象棋甲级联赛",32817,chess-results-spielersuche,https://s3.chess-results.com/tnr32817.aspx?lan=1&art=9&snr=14,SpielerSuche FIDE 8604045 tnr32817 CJK name column
8604070,"王珏,",,,"王珏,|“映美杯”2018年中国国际象棋甲级联赛第六站·深圳智慧者集",344150,chess-results-spielersuche,https://s3.chess-results.com/tnr344150.aspx?lan=1&art=9&snr=18,SpielerSuche FIDE 8604070 tnr344150 CJK name column
8604088,王娜,,,"王娜,|2026年中国国际象棋甲级联赛 百叶龙杯”常规赛第一站长兴专",1443995,chess-results-spielersuche,https://s3.chess-results.com/tnr1443995.aspx?lan=1&art=9&snr=34,SpielerSuche FIDE 8604088 tnr1443995 CJK name column
8604096,"许婳婳,",,,"许婳婳,|2024年中国国际象棋乙级联赛",984568,chess-results-spielersuche,https://s3.chess-results.com/tnr984568.aspx?lan=1&art=9&snr=12,SpielerSuche FIDE 8604096 tnr984568 CJK name column
8604100,"陈立天,",,,"陈立天,|2014年全国国际象棋联赛(乙级团体)",142183,chess-results-spielersuche,https://s3.chess-results.com/tnr142183.aspx?lan=1&art=9&snr=45,SpielerSuche FIDE 8604100 tnr142183 CJK name column
8604142,"陈官祺,",,,"陈官祺,|2014年全国国际象棋联赛(乙级团体)",142183,chess-results-spielersuche,https://s3.chess-results.com/tnr142183.aspx?lan=1&art=9&snr=47,SpielerSuche FIDE 8604142 tnr142183 CJK name column
8604150,"孙方卉,",,,"孙方卉,",1451862,chess-results-spielersuche,https://s3.chess-results.com/tnr1451862.aspx?lan=1&art=9&snr=20,SpielerSuche FIDE 8604150 tnr1451862 CJK name column
8604193,"蓝梓伦,",,,"蓝梓伦,|2025年中国国际象棋甲级联赛常规赛（第二站）北京专场",1263712,chess-results-spielersuche,https://s3.chess-results.com/tnr1263712.aspx?lan=1&art=9&snr=55,SpielerSuche FIDE 8604193 tnr1263712 CJK name column
8604215,毛瀛舟,,,"毛瀛舟,|第十五届全国运动会群众比赛国际象棋项目决赛女子个人业余组循环",1245064,chess-results-spielersuche,https://s3.chess-results.com/tnr1245064.aspx?lan=1&art=9&snr=12,SpielerSuche FIDE 8604215 tnr1245064 CJK name column
8604258,"陈柏涵,",,,"陈柏涵,|2014年全国国际象棋联赛(乙级团体)",142183,chess-results-spielersuche,https://s3.chess-results.com/tnr142183.aspx?lan=1&art=9&snr=46,SpielerSuche FIDE 8604258 tnr142183 CJK name column
8604290,"赵南,",,,"赵南,|2012 全国国际象棋锦标赛（个人乙组）男子组",78385,chess-results-spielersuche,https://s3.chess-results.com/tnr78385.aspx?lan=1&art=9&snr=24,SpielerSuche FIDE 8604290 tnr78385 CJK name column
8604312,"蔡佳莹,",,,"蔡佳莹,|2012 全国国际象棋锦标赛（个人乙组）女子组",78386,chess-results-spielersuche,https://s3.chess-results.com/tnr78386.aspx?lan=1&art=9&snr=14,SpielerSuche FIDE 8604312 tnr78386 CJK name column
8604355,"张昊苏,",,,"张昊苏,|2014年全国国际象棋联赛(乙级团体)",142183,chess-results-spielersuche,https://s3.chess-results.com/tnr142183.aspx?lan=1&art=9&snr=23,SpielerSuche FIDE 8604355 tnr142183 CJK name column
8604428,"黄星,",,,"黄星,|2017年全国国际象棋锦标赛（个人乙组）男子组",292211,chess-results-spielersuche,https://s3.chess-results.com/tnr292211.aspx?lan=1&art=9&snr=148,SpielerSuche FIDE 8604428 tnr292211 CJK name column
8604436,李超,,,"李超,|2026年中国国际象棋甲级联赛 百叶龙杯”常规赛第一站长兴专",1443995,chess-results-spielersuche,https://s3.chess-results.com/tnr1443995.aspx?lan=1&art=9&snr=53,SpielerSuche FIDE 8604436 tnr1443995 CJK name column
8604460,"王李,",,,"王李,|第三届全国智力运动会国际象棋比赛男子个人快棋",185108,chess-results-spielersuche,https://s3.chess-results.com/tnr185108.aspx?lan=1&art=9&snr=36,SpielerSuche FIDE 8604460 tnr185108 CJK name column
8604525,"鲁毅杰,",,,"鲁毅杰,|2015年全国国际象棋锦标赛（个人乙组）男子组",180798,chess-results-spielersuche,https://s3.chess-results.com/tnr180798.aspx?lan=1&art=9&snr=8,SpielerSuche FIDE 8604525 tnr180798 CJK name column
8604533,"于墨奇,",,,"于墨奇,|2019年全国国际象棋锦标赛（团体）女子组",450225,chess-results-spielersuche,https://s3.chess-results.com/tnr450225.aspx?lan=1&art=9&snr=31,SpielerSuche FIDE 8604533 tnr450225 CJK name column
8604746,"房岩,",,,"房岩,|第十五届全国运动会群众比赛国际象棋项目决赛混合团体公开组循环",1245065,chess-results-spielersuche,https://s3.chess-results.com/tnr1245065.aspx?lan=1&art=9&snr=37,SpielerSuche FIDE 8604746 tnr1245065 CJK name column
8604770,"朱颖,",,,"朱颖,|""众弈杯""2019年中国国际象棋甲级联赛沈阳站（19-22轮",430465,chess-results-spielersuche,https://s3.chess-results.com/tnr430465.aspx?lan=1&art=9&snr=78,SpielerSuche FIDE 8604770 tnr430465 CJK name column
8604789,"刘泓言,",,,"刘泓言,",1451862,chess-results-spielersuche,https://s3.chess-results.com/tnr1451862.aspx?lan=1&art=9&snr=32,SpielerSuche FIDE 8604789 tnr1451862 CJK name column
8604797,"邓思渝,",,,"邓思渝,|第十五届全国运动会群众比赛国际象棋项目决赛女子个人业余组循环",1245064,chess-results-spielersuche,https://s3.chess-results.com/tnr1245064.aspx?lan=1&art=9&snr=6,SpielerSuche FIDE 8604797 tnr1245064 CJK name column
8604843,"谢博文,",,,"谢博文,|2014年全国国际象棋联赛(乙级团体)",142183,chess-results-spielersuche,https://s3.chess-results.com/tnr142183.aspx?lan=1&art=9&snr=101,SpielerSuche FIDE 8604843 tnr142183 CJK name column
8604924,"范会丰,",,,"范会丰,|2025年全国国际象棋锦标赛（团体）男子组",1163659,chess-results-spielersuche,https://s3.chess-results.com/tnr1163659.aspx?lan=1&art=9&snr=16,SpielerSuche FIDE 8604924 tnr1163659 CJK name column
8604940,徐英伦,,,"徐英伦,|第十五届全国运动会群众比赛国际象棋项目决赛男子个人公开组三四",1262032,chess-results-spielersuche,https://s3.chess-results.com/tnr1262032.aspx?lan=1&art=9&snr=2,SpielerSuche FIDE 8604940 tnr1262032 CJK name column
8604959,"陈骏,",,,"陈骏,|2012 全国国际象棋锦标赛（个人乙组）男子组",78385,chess-results-spielersuche,https://s3.chess-results.com/tnr78385.aspx?lan=1&art=9&snr=37,SpielerSuche FIDE 8604959 tnr78385 CJK name column
8605009,"陈雨轩,",,,"陈雨轩,|2013年全国国际象棋锦标赛（个人乙组）女子组",108726,chess-results-spielersuche,https://s3.chess-results.com/tnr108726.aspx?lan=1&art=9&snr=58,SpielerSuche FIDE 8605009 tnr108726 CJK name column
8605025,"王诗怡,",,,"王诗怡,|2012 全国国际象棋锦标赛（个人乙组）女子组",78386,chess-results-spielersuche,https://s3.chess-results.com/tnr78386.aspx?lan=1&art=9&snr=65,SpielerSuche FIDE 8605025 tnr78386 CJK name column
8605114,雷挺婕,,,"雷挺婕,|2026年中国国际象棋甲级联赛 百叶龙杯”常规赛第一站长兴专",1443995,chess-results-spielersuche,https://s3.chess-results.com/tnr1443995.aspx?lan=1&art=9&snr=20,SpielerSuche FIDE 8605114 tnr1443995 CJK name column
8605122,"郑天鑫,",,,"郑天鑫,|2025年全国国际象棋成人业余棋王挑战赛总决赛",1303568,chess-results-spielersuche,https://s3.chess-results.com/tnr1303568.aspx?lan=1&art=9&snr=88,SpielerSuche FIDE 8605122 tnr1303568 CJK name column
8605220,"彭甜露,",,,"彭甜露,|2015年全国国际象棋锦标赛（个人乙组）女子组",180799,chess-results-spielersuche,https://s3.chess-results.com/tnr180799.aspx?lan=1&art=9&snr=25,SpielerSuche FIDE 8605220 tnr180799 CJK name column
8605262,"王珊珊,",,,"王珊珊,|2025年国际象棋中国分区赛女子组",1140880,chess-results-spielersuche,https://s3.chess-results.com/tnr1140880.aspx?lan=1&art=9&snr=20,SpielerSuche FIDE 8605262 tnr1140880 CJK name column
8605327,"张让,",,,"张让,|2014年全国国际象棋锦标赛（个人乙组）女子组",142556,chess-results-spielersuche,https://s3.chess-results.com/tnr142556.aspx?lan=1&art=9&snr=37,SpielerSuche FIDE 8605327 tnr142556 CJK name column
8605351,"王沁珂,",,,"王沁珂,|第十五届全国运动会群众比赛国际象棋项目预赛女子个人业余组",1184157,chess-results-spielersuche,https://s3.chess-results.com/tnr1184157.aspx?lan=1&art=9&snr=4,SpielerSuche FIDE 8605351 tnr1184157 CJK name column
8605378,"孙国运,",,,"孙国运,|第十五届全国运动会群众比赛国际象棋项目预赛男子个人业余组",1184155,chess-results-spielersuche,https://s3.chess-results.com/tnr1184155.aspx?lan=1&art=9&snr=6,SpielerSuche FIDE 8605378 tnr1184155 CJK name column
8605483,"赵鸣,",,,"赵鸣,|2018年谢侠逊棋王文化高峰论坛暨全国国际象棋快棋公开赛",385014,chess-results-spielersuche,https://s3.chess-results.com/tnr385014.aspx?lan=1&art=9&snr=58,SpielerSuche FIDE 8605483 tnr385014 CJK name column
8605564,徐译,,,"徐译,|2026年中国国际象棋甲级联赛 百叶龙杯”常规赛第一站长兴专",1443995,chess-results-spielersuche,https://s3.chess-results.com/tnr1443995.aspx?lan=1&art=9&snr=45,SpielerSuche FIDE 8605564 tnr1443995 CJK name column
8605602,"夏日风,",,,"夏日风,|第十五届全国运动会群众比赛国际象棋项目决赛混合团体业余组循环",1245066,chess-results-spielersuche,https://s3.chess-results.com/tnr1245066.aspx?lan=1&art=9&snr=4,SpielerSuche FIDE 8605602 tnr1245066 CJK name column
8605610,"聂昕,",,,"聂昕,|""众弈杯""2019年中国国际象棋甲级联赛沈阳站（19-22轮",430465,chess-results-spielersuche,https://s3.chess-results.com/tnr430465.aspx?lan=1&art=9&snr=43,SpielerSuche FIDE 8605610 tnr430465 CJK name column
8605629,"李卓凌,",,,"李卓凌,|2014年全国国际象棋锦标赛（个人乙组）女子组",142556,chess-results-spielersuche,https://s3.chess-results.com/tnr142556.aspx?lan=1&art=9&snr=17,SpielerSuche FIDE 8605629 tnr142556 CJK name column
8605637,"廖芮,",,,"廖芮,|“映美杯”2016年中国国际象棋甲级联赛第六站（深圳华阳体育",216567,chess-results-spielersuche,https://s3.chess-results.com/tnr216567.aspx?lan=1&art=9&snr=7,SpielerSuche FIDE 8605637 tnr216567 CJK name column
8605645,"叶倩倩,",,,"叶倩倩,|2018中国国际象棋乙级联赛",365441,chess-results-spielersuche,https://s3.chess-results.com/tnr365441.aspx?lan=1&art=9&snr=127,SpielerSuche FIDE 8605645 tnr365441 CJK name column
8605653,"楚若桐,",,,"楚若桐,",1451862,chess-results-spielersuche,https://s3.chess-results.com/tnr1451862.aspx?lan=1&art=9&snr=21,SpielerSuche FIDE 8605653 tnr1451862 CJK name column
8605661,褚伟超,,,"褚伟超,|2026年中国国际象棋甲级联赛 百叶龙杯”常规赛第一站长兴专",1443995,chess-results-spielersuche,https://s3.chess-results.com/tnr1443995.aspx?lan=1&art=9&snr=31,SpielerSuche FIDE 8605661 tnr1443995 CJK name column
8605670,"陈柏宁,",,,"陈柏宁,|2017年全国国际象棋锦标赛（团体）男子组",285586,chess-results-spielersuche,https://s3.chess-results.com/tnr285586.aspx?lan=1&art=9&snr=64,SpielerSuche FIDE 8605670 tnr285586 CJK name column
8605696,"袁宗元, Zongyuan",,,"袁宗元, Zongyuan|2012年世界冠军赛（男子组）中国分区赛",80908,chess-results-spielersuche,https://s3.chess-results.com/tnr80908.aspx?lan=1&art=9&snr=41,SpielerSuche FIDE 8605696 tnr80908 CJK name column
8605700,"廖钰灏,",,,"廖钰灏,|2015年全国国际象棋锦标赛（个人乙组）男子组",180798,chess-results-spielersuche,https://s3.chess-results.com/tnr180798.aspx?lan=1&art=9&snr=77,SpielerSuche FIDE 8605700 tnr180798 CJK name column
8605750,"鲍麒麟,",,,"鲍麒麟,|2025年中国国际象棋乙级联赛",1229905,chess-results-spielersuche,https://s3.chess-results.com/tnr1229905.aspx?lan=1&art=9&snr=31,SpielerSuche FIDE 8605750 tnr1229905 CJK name column
8605840,"房宇翔,",,,"房宇翔,|2026第一届“和平杯”国际象棋公开赛",1379421,chess-results-spielersuche,https://s3.chess-results.com/tnr1379421.aspx?lan=1&art=9&snr=3,SpielerSuche FIDE 8605840 tnr1379421 CJK name column
8605874,"黄灿灿,",,,"黄灿灿,|第四届全国智力运动会国际象棋比赛大学生团体预赛",486108,chess-results-spielersuche,https://s3.chess-results.com/tnr486108.aspx?lan=1&art=9&snr=8,SpielerSuche FIDE 8605874 tnr486108 CJK name column
8605912,"李雪怡,",,,"李雪怡,",1451862,chess-results-spielersuche,https://s3.chess-results.com/tnr1451862.aspx?lan=1&art=9&snr=14,SpielerSuche FIDE 8605912 tnr1451862 CJK name column
8605920,"黎元星,",,,"黎元星,|“机器人谷杯”二届中国城市国际象棋联赛复选赛",591874,chess-results-spielersuche,https://s3.chess-results.com/tnr591874.aspx?lan=1&art=9&snr=71,SpielerSuche FIDE 8605920 tnr591874 CJK name column
8605947,"刘畅,",,,"刘畅,|2012年全国国际象棋联赛(乙级团体)",78081,chess-results-spielersuche,https://s3.chess-results.com/tnr78081.aspx?lan=1&art=9&snr=109,SpielerSuche FIDE 8605947 tnr78081 CJK name column
8605963,"刘泽旭,",,,"刘泽旭,|2019年全国国际象棋锦标赛（团体）男子组",450220,chess-results-spielersuche,https://s3.chess-results.com/tnr450220.aspx?lan=1&art=9&snr=74,SpielerSuche FIDE 8605963 tnr450220 CJK name column
8606021,"王一业,",,,"王一业,|第十五届全国运动会群众比赛国际象棋项目决赛混合团体公开组循环",1245065,chess-results-spielersuche,https://s3.chess-results.com/tnr1245065.aspx?lan=1&art=9&snr=5,SpielerSuche FIDE 8606021 tnr1245065 CJK name column
8606056,"吴欣亮,",,,"吴欣亮,|2025年中国国际象棋乙级联赛",1229905,chess-results-spielersuche,https://s3.chess-results.com/tnr1229905.aspx?lan=1&art=9&snr=26,SpielerSuche FIDE 8606056 tnr1229905 CJK name column
8606099,"徐菲,",,,"徐菲,|第十五届全国运动会群众比赛国际象棋项目决赛混合团体业余组循环",1245066,chess-results-spielersuche,https://s3.chess-results.com/tnr1245066.aspx?lan=1&art=9&snr=12,SpielerSuche FIDE 8606099 tnr1245066 CJK name column
8606129,洪星,,,"洪星,|2026年中国国际象棋甲级联赛 百叶龙杯”常规赛第一站长兴专",1443995,chess-results-spielersuche,https://s3.chess-results.com/tnr1443995.aspx?lan=1&art=9&snr=86,SpielerSuche FIDE 8606129 tnr1443995 CJK name column
8606137,裘孟洁,,,"裘孟洁,|2026年中国国际象棋甲级联赛 百叶龙杯”常规赛第一站长兴专",1443995,chess-results-spielersuche,https://s3.chess-results.com/tnr1443995.aspx?lan=1&art=9&snr=85,SpielerSuche FIDE 8606137 tnr1443995 CJK name column
8606161,肖依依,,,"肖依依,|2026年中国国际象棋甲级联赛 百叶龙杯”常规赛第一站长兴专",1443995,chess-results-spielersuche,https://s3.chess-results.com/tnr1443995.aspx?lan=1&art=9&snr=29,SpielerSuche FIDE 8606161 tnr1443995 CJK name column
8606196,"蔡 林,",,,"蔡 林,|第十五届全国运动会群众比赛国际象棋项目决赛男子个人业余组循环",1245063,chess-results-spielersuche,https://s3.chess-results.com/tnr1245063.aspx?lan=1&art=9&snr=11,SpielerSuche FIDE 8606196 tnr1245063 CJK name column
8606323,"刘畅,",,,"刘畅,|2012 全国国际象棋锦标赛（个人乙组）男子组",78385,chess-results-spielersuche,https://s3.chess-results.com/tnr78385.aspx?lan=1&art=9&snr=19,SpielerSuche FIDE 8606323 tnr78385 CJK name column
8606340,"刘畅,",,,"刘畅,|2017年全国国际象棋锦标赛（个人乙组）男子组",292211,chess-results-spielersuche,https://s3.chess-results.com/tnr292211.aspx?lan=1&art=9&snr=12,SpielerSuche FIDE 8606340 tnr292211 CJK name column
8606404,"孙莛洲,",,,"孙莛洲,|2018中国国际象棋乙级联赛",365441,chess-results-spielersuche,https://s3.chess-results.com/tnr365441.aspx?lan=1&art=9&snr=26,SpielerSuche FIDE 8606404 tnr365441 CJK name column
8606480,"肖子文,",,,"肖子文,|“机器人谷杯”二届中国城市国际象棋联赛复选赛",591874,chess-results-spielersuche,https://s3.chess-results.com/tnr591874.aspx?lan=1&art=9&snr=70,SpielerSuche FIDE 8606480 tnr591874 CJK name column
8606528,"叶序庆,",,,"叶序庆,|第十五届全国运动会群众比赛国际象棋项目决赛混合团体业余组循环",1245066,chess-results-spielersuche,https://s3.chess-results.com/tnr1245066.aspx?lan=1&art=9&snr=9,SpielerSuche FIDE 8606528 tnr1245066 CJK name column
8606560,"张家宝,",,,"张家宝,|第四届全国智力运动会国际象棋男子团体快棋",484817,chess-results-spielersuche,https://s3.chess-results.com/tnr484817.aspx?lan=1&art=9&snr=55,SpielerSuche FIDE 8606560 tnr484817 CJK name column
8606633,"张进,",,,"张进,|2025年全国国际象棋锦标赛（团体）男子组",1163659,chess-results-spielersuche,https://s3.chess-results.com/tnr1163659.aspx?lan=1&art=9&snr=73,SpielerSuche FIDE 8606633 tnr1163659 CJK name column
8606749,"刘可心,",,,"刘可心,|2017年全国国际象棋锦标赛（个人乙组）女子组",292210,chess-results-spielersuche,https://s3.chess-results.com/tnr292210.aspx?lan=1&art=9&snr=25,SpielerSuche FIDE 8606749 tnr292210 CJK name column
8606765,"陈相龙,",,,"陈相龙,|第三届全国智力运动会国际象棋比赛男子个人快棋",185108,chess-results-spielersuche,https://s3.chess-results.com/tnr185108.aspx?lan=1&art=9&snr=52,SpielerSuche FIDE 8606765 tnr185108 CJK name column
8606790,徐铭辉,,,"徐铭辉,|2026年中国国际象棋甲级联赛 百叶龙杯”常规赛第一站长兴专",1443995,chess-results-spielersuche,https://s3.chess-results.com/tnr1443995.aspx?lan=1&art=9&snr=79,SpielerSuche FIDE 8606790 tnr1443995 CJK name column
8606820,"赵雅伦,",,,"赵雅伦,|2013年全国国际象棋联赛(乙级团体)",108316,chess-results-spielersuche,https://s3.chess-results.com/tnr108316.aspx?lan=1&art=9&snr=86,SpielerSuche FIDE 8606820 tnr108316 CJK name column
8606846,"张弘基,",,,"张弘基,|2013年全国国际象棋锦标赛（个人乙组）男子组",108725,chess-results-spielersuche,https://s3.chess-results.com/tnr108725.aspx?lan=1&art=9&snr=55,SpielerSuche FIDE 8606846 tnr108725 CJK name column
8607001,"陈君萍,",,,"陈君萍,|2016年全国国际象棋锦标赛（团体）女子组",231989,chess-results-spielersuche,https://s3.chess-results.com/tnr231989.aspx?lan=1&art=9&snr=36,SpielerSuche FIDE 8607001 tnr231989 CJK name column
8607010,"陈星宇,",,,"陈星宇,|""众弈杯""2019年中国国际象棋甲级联赛沈阳站（19-22轮",430465,chess-results-spielersuche,https://s3.chess-results.com/tnr430465.aspx?lan=1&art=9&snr=75,SpielerSuche FIDE 8607010 tnr430465 CJK name column
8607028,"陈奕东,",,,"陈奕东,|2023年全国国际象棋锦标赛(个人乙组)男子组",757168,chess-results-spielersuche,https://s3.chess-results.com/tnr757168.aspx?lan=1&art=9&snr=29,SpielerSuche FIDE 8607028 tnr757168 CJK name column
8607052,"冯若珮,",,,"冯若珮,|2012 全国国际象棋锦标赛（个人乙组）女子组",78386,chess-results-spielersuche,https://s3.chess-results.com/tnr78386.aspx?lan=1&art=9&snr=35,SpielerSuche FIDE 8607052 tnr78386 CJK name column
8607060,"傅文强,",,,"傅文强,|2025年全国国际象棋成人业余棋王挑战赛总决赛",1303568,chess-results-spielersuche,https://s3.chess-results.com/tnr1303568.aspx?lan=1&art=9&snr=53,SpielerSuche FIDE 8607060 tnr1303568 CJK name column
8607095,"蒋丹怡,",,,"蒋丹怡,|2015年全国国际象棋锦标赛（个人乙组）女子组",180799,chess-results-spielersuche,https://s3.chess-results.com/tnr180799.aspx?lan=1&art=9&snr=79,SpielerSuche FIDE 8607095 tnr180799 CJK name column
8607192,"刘自倬,",,,"刘自倬,|2012 全国国际象棋锦标赛（个人乙组）男子组",78385,chess-results-spielersuche,https://s3.chess-results.com/tnr78385.aspx?lan=1&art=9&snr=78,SpielerSuche FIDE 8607192 tnr78385 CJK name column
8607206,"马中涵,",,,"马中涵,|2024年全国国际象棋锦标赛(团体)男子组",917611,chess-results-spielersuche,https://s3.chess-results.com/tnr917611.aspx?lan=1&art=9&snr=70,SpielerSuche FIDE 8607206 tnr917611 CJK name column
8607222,聂心洋,,,"聂心洋,|2026年中国国际象棋甲级联赛 百叶龙杯”常规赛第一站长兴专",1443995,chess-results-spielersuche,https://s3.chess-results.com/tnr1443995.aspx?lan=1&art=9&snr=36,SpielerSuche FIDE 8607222 tnr1443995 CJK name column
8607273,"REN, Yitian 任逸天",,,"REN, Yitian 任逸天",147005,chess-results-spielersuche,https://s3.chess-results.com/tnr147005.aspx?lan=1&art=9&snr=85,SpielerSuche FIDE 8607273 tnr147005 CJK name column
8607281,"邵新哲,",,,"邵新哲,|2013年全国国际象棋锦标赛（个人乙组）男子组",108725,chess-results-spielersuche,https://s3.chess-results.com/tnr108725.aspx?lan=1&art=9&snr=45,SpielerSuche FIDE 8607281 tnr108725 CJK name column
8607338,"夏襄宸,",,,"夏襄宸,|“机器人谷杯”二届中国城市国际象棋联赛复选赛",591874,chess-results-spielersuche,https://s3.chess-results.com/tnr591874.aspx?lan=1&art=9&snr=69,SpielerSuche FIDE 8607338 tnr591874 CJK name column
8607354,"许家纶,",,,"许家纶,|2014年全国国际象棋锦标赛（个人乙组）男子组",142555,chess-results-spielersuche,https://s3.chess-results.com/tnr142555.aspx?lan=1&art=9&snr=33,SpielerSuche FIDE 8607354 tnr142555 CJK name column
8607370,"杨浩,",,,"杨浩,|2024年中国国际象棋乙级联赛",984568,chess-results-spielersuche,https://s3.chess-results.com/tnr984568.aspx?lan=1&art=9&snr=160,SpielerSuche FIDE 8607370 tnr984568 CJK name column
8607427,"朱延伸,",,,"朱延伸,|机器人谷杯第二届中国城市国际象棋联赛候选赛",603884,chess-results-spielersuche,https://s3.chess-results.com/tnr603884.aspx?lan=1&art=9&snr=49,SpielerSuche FIDE 8607427 tnr603884 CJK name column
8607435,"朱忆,",,,"朱忆,|2018年国际象棋男子世界冠军分区赛（中国区）",371475,chess-results-spielersuche,https://s3.chess-results.com/tnr371475.aspx?lan=1&art=9&snr=15,SpielerSuche FIDE 8607435 tnr371475 CJK name column
8607451,"程子乐,",,,"程子乐,|2014年全国国际象棋锦标赛（个人乙组）女子组",142556,chess-results-spielersuche,https://s3.chess-results.com/tnr142556.aspx?lan=1&art=9&snr=24,SpielerSuche FIDE 8607451 tnr142556 CJK name column
8607478,"陈阵,",,,"陈阵,|2012 全国国际象棋锦标赛（个人乙组）男子组",78385,chess-results-spielersuche,https://s3.chess-results.com/tnr78385.aspx?lan=1&art=9&snr=15,SpielerSuche FIDE 8607478 tnr78385 CJK name column
8607508,"李荻,",,,"李荻,|2025年中国国际象棋甲级联赛常规赛（第二站）北京专场",1263712,chess-results-spielersuche,https://s3.chess-results.com/tnr1263712.aspx?lan=1&art=9&snr=85,SpielerSuche FIDE 8607508 tnr1263712 CJK name column
8607524,"刘益孚,",,,"刘益孚,|2015年全国国际象棋锦标赛（个人乙组）男子组",180798,chess-results-spielersuche,https://s3.chess-results.com/tnr180798.aspx?lan=1&art=9&snr=73,SpielerSuche FIDE 8607524 tnr180798 CJK name column
8607575,"王忆欧,",,,"王忆欧,|2014年全国国际象棋联赛(乙级团体)",142183,chess-results-spielersuche,https://s3.chess-results.com/tnr142183.aspx?lan=1&art=9&snr=49,SpielerSuche FIDE 8607575 tnr142183 CJK name column
8607591,"魏斯宇,",,,"魏斯宇,|2015年全国国际象棋锦标赛（个人乙组）男子组",180798,chess-results-spielersuche,https://s3.chess-results.com/tnr180798.aspx?lan=1&art=9&snr=42,SpielerSuche FIDE 8607591 tnr180798 CJK name column
8607613,"邬紫含,",,,"邬紫含,|2025年全国国际象棋成人业余棋王挑战赛总决赛",1303568,chess-results-spielersuche,https://s3.chess-results.com/tnr1303568.aspx?lan=1&art=9&snr=28,SpielerSuche FIDE 8607613 tnr1303568 CJK name column
8607621,"冼俊昊,",,,"冼俊昊,|2019年全国国际象棋锦标赛（个人乙组）男子个人",453632,chess-results-spielersuche,https://s3.chess-results.com/tnr453632.aspx?lan=1&art=9&snr=21,SpielerSuche FIDE 8607621 tnr453632 CJK name column
8607648,"邹智平,",,,"邹智平,|第四届全国智力运动会国际象棋男子个人",483069,chess-results-spielersuche,https://s3.chess-results.com/tnr483069.aspx?lan=1&art=9&snr=69,SpielerSuche FIDE 8607648 tnr483069 CJK name column
8607680,"彭欣蓓,",,,"彭欣蓓,|第十五届全国运动会群众比赛国际象棋项目决赛混合团体业余组循环",1245066,chess-results-spielersuche,https://s3.chess-results.com/tnr1245066.aspx?lan=1&art=9&snr=22,SpielerSuche FIDE 8607680 tnr1245066 CJK name column
8607699,"胥超,",,,"胥超,|“机器人谷杯”二届中国城市国际象棋联赛复选赛",591874,chess-results-spielersuche,https://s3.chess-results.com/tnr591874.aspx?lan=1&art=9&snr=95,SpielerSuche FIDE 8607699 tnr591874 CJK name column
8607770,"高楷,",,,"高楷,|2025年全国国际象棋锦标赛（团体）男子组",1163659,chess-results-spielersuche,https://s3.chess-results.com/tnr1163659.aspx?lan=1&art=9&snr=33,SpielerSuche FIDE 8607770 tnr1163659 CJK name column
8607818,"刘泽周,",,,"刘泽周,|第十五届全国运动会群众比赛国际象棋项目预赛男子个人业余组",1184155,chess-results-spielersuche,https://s3.chess-results.com/tnr1184155.aspx?lan=1&art=9&snr=13,SpielerSuche FIDE 8607818 tnr1184155 CJK name column
8607893,"刘惟玮,",,,"刘惟玮,|2013年全国国际象棋锦标赛（个人乙组）女子组",108726,chess-results-spielersuche,https://s3.chess-results.com/tnr108726.aspx?lan=1&art=9&snr=33,SpielerSuche FIDE 8607893 tnr108726 CJK name column
8607907,"周相衡,",,,"周相衡,|2012 全国国际象棋锦标赛（个人乙组）男子组",78385,chess-results-spielersuche,https://s3.chess-results.com/tnr78385.aspx?lan=1&art=9&snr=86,SpielerSuche FIDE 8607907 tnr78385 CJK name column
8607915,"高若菡,",,,"高若菡,|2015年全国国际象棋锦标赛（个人乙组）女子组",180799,chess-results-spielersuche,https://s3.chess-results.com/tnr180799.aspx?lan=1&art=9&snr=94,SpielerSuche FIDE 8607915 tnr180799 CJK name column
8607940,"卢泓佚,",,,"卢泓佚,|2021年全国国际象棋锦标赛（团体）女子组",585263,chess-results-spielersuche,https://s3.chess-results.com/tnr585263.aspx?lan=1&art=9&snr=15,SpielerSuche FIDE 8607940 tnr585263 CJK name column
8607966,"王煜坤,",,,"王煜坤,|2017年全国国际象棋锦标赛（个人乙组）男子组",292211,chess-results-spielersuche,https://s3.chess-results.com/tnr292211.aspx?lan=1&art=9&snr=48,SpielerSuche FIDE 8607966 tnr292211 CJK name column
8607974,"张瀚宇,",,,"张瀚宇,|2016 年全国国际象棋锦标赛（个人乙组）男子组",230769,chess-results-spielersuche,https://s3.chess-results.com/tnr230769.aspx?lan=1&art=9&snr=16,SpielerSuche FIDE 8607974 tnr230769 CJK name column
8607990,"张昊月,",,,"张昊月,|2013年全国国际象棋锦标赛（个人乙组）男子组",108725,chess-results-spielersuche,https://s3.chess-results.com/tnr108725.aspx?lan=1&art=9&snr=49,SpielerSuche FIDE 8607990 tnr108725 CJK name column
8608016,"皮佳木,",,,"皮佳木,|2025年全国国际象棋成人业余棋王挑战赛总决赛",1303568,chess-results-spielersuche,https://s3.chess-results.com/tnr1303568.aspx?lan=1&art=9&snr=72,SpielerSuche FIDE 8608016 tnr1303568 CJK name column
8608024,"庄开来,",,,"庄开来,|2012 全国国际象棋锦标赛（个人乙组）男子组",78385,chess-results-spielersuche,https://s3.chess-results.com/tnr78385.aspx?lan=1&art=9&snr=93,SpielerSuche FIDE 8608024 tnr78385 CJK name column
8608032,"张岚琳,",,,"张岚琳,",1451862,chess-results-spielersuche,https://s3.chess-results.com/tnr1451862.aspx?lan=1&art=9&snr=13,SpielerSuche FIDE 8608032 tnr1451862 CJK name column
8608040,"赵盛鑫,",,,"赵盛鑫,|2025年中国国际象棋甲级联赛常规赛（第二站）北京专场",1263712,chess-results-spielersuche,https://s3.chess-results.com/tnr1263712.aspx?lan=1&art=9&snr=100,SpielerSuche FIDE 8608040 tnr1263712 CJK name column
8608059,"朱锦尔,",,,"朱锦尔,",1451862,chess-results-spielersuche,https://s3.chess-results.com/tnr1451862.aspx?lan=1&art=9&snr=3,SpielerSuche FIDE 8608059 tnr1451862 CJK name column
8608067,"王桐森,",,,"王桐森,|2024年全国国际象棋锦标赛(团体)男子组",917611,chess-results-spielersuche,https://s3.chess-results.com/tnr917611.aspx?lan=1&art=9&snr=71,SpielerSuche FIDE 8608067 tnr917611 CJK name column
8608083,"崔喜善,",,,"崔喜善,|2016 年全国国际象棋锦标赛（个人乙组）女子组",230764,chess-results-spielersuche,https://s3.chess-results.com/tnr230764.aspx?lan=1&art=9&snr=22,SpielerSuche FIDE 8608083 tnr230764 CJK name column
8608091,"蔡卓然,",,,"蔡卓然,|第十五届全国运动会群众比赛国际象棋项目决赛男子个人业余组循环",1245063,chess-results-spielersuche,https://s3.chess-results.com/tnr1245063.aspx?lan=1&art=9&snr=4,SpielerSuche FIDE 8608091 tnr1245063 CJK name column
8608105,"傅郁婷,",,,"傅郁婷,|2016 年全国国际象棋锦标赛（个人乙组）女子组",230764,chess-results-spielersuche,https://s3.chess-results.com/tnr230764.aspx?lan=1&art=9&snr=66,SpielerSuche FIDE 8608105 tnr230764 CJK name column
8608121,"刘曼犁,",,,"刘曼犁,",1451862,chess-results-spielersuche,https://s3.chess-results.com/tnr1451862.aspx?lan=1&art=9&snr=27,SpielerSuche FIDE 8608121 tnr1451862 CJK name column
8608156,戴常人,,,"戴常人,|2026年中国国际象棋甲级联赛 百叶龙杯”常规赛第一站长兴专",1443995,chess-results-spielersuche,https://s3.chess-results.com/tnr1443995.aspx?lan=1&art=9&snr=27,SpielerSuche FIDE 8608156 tnr1443995 CJK name column
8608172,"郑子秋,",,,"郑子秋,|2012 全国国际象棋锦标赛（个人乙组）女子组",78386,chess-results-spielersuche,https://s3.chess-results.com/tnr78386.aspx?lan=1&art=9&snr=32,SpielerSuche FIDE 8608172 tnr78386 CJK name column
8608202,"邹馨怡,",,,"邹馨怡,",1451862,chess-results-spielersuche,https://s3.chess-results.com/tnr1451862.aspx?lan=1&art=9&snr=41,SpielerSuche FIDE 8608202 tnr1451862 CJK name column
8608237,"李钊颺,",,,"李钊颺,|2025年中国国际象棋乙级联赛",1229905,chess-results-spielersuche,https://s3.chess-results.com/tnr1229905.aspx?lan=1&art=9&snr=138,SpielerSuche FIDE 8608237 tnr1229905 CJK name column
8608245,"刘思晗,",,,"刘思晗,|2013年全国国际象棋锦标赛（个人乙组）男子组",108725,chess-results-spielersuche,https://s3.chess-results.com/tnr108725.aspx?lan=1&art=9&snr=63,SpielerSuche FIDE 8608245 tnr108725 CJK name column
8608253,"史可承,",,,"史可承,|2012 全国国际象棋锦标赛（个人乙组）男子组",78385,chess-results-spielersuche,https://s3.chess-results.com/tnr78385.aspx?lan=1&art=9&snr=27,SpielerSuche FIDE 8608253 tnr78385 CJK name column
8608288,徐翔宇,,,"许翔宇,|2025年中国国际象棋甲级联赛常规赛（第二站）北京专场",1263712,chess-results-spielersuche,https://s3.chess-results.com/tnr1263712.aspx?lan=1&art=9&snr=84,SpielerSuche FIDE 8608288 tnr1263712 CJK name column
8608296,"杨寒雄,",,,"杨寒雄,|2012 全国国际象棋锦标赛（个人乙组）男子组",78385,chess-results-spielersuche,https://s3.chess-results.com/tnr78385.aspx?lan=1&art=9&snr=64,SpielerSuche FIDE 8608296 tnr78385 CJK name column
8608342,"赵洲桥,",,,"赵洲桥,|2025重庆“大融城杯”国际象棋公开赛公开组",1210592,chess-results-spielersuche,https://s3.chess-results.com/tnr1210592.aspx?lan=1&art=9&snr=4,SpielerSuche FIDE 8608342 tnr1210592 CJK name column
8608369,"戴文智,",,,"戴文智,|第十五届全国运动会群众比赛国际象棋项目预赛混合团体公开组",1184152,chess-results-spielersuche,https://s3.chess-results.com/tnr1184152.aspx?lan=1&art=9&snr=34,SpielerSuche FIDE 8608369 tnr1184152 CJK name column
8608377,"胡聿,",,,"胡聿,|“机器人谷杯”二届中国城市国际象棋联赛复选赛",598618,chess-results-spielersuche,https://s3.chess-results.com/tnr598618.aspx?lan=1&art=9&snr=13,SpielerSuche FIDE 8608377 tnr598618 CJK name column
8608415,"袁烨,",,,"袁烨,",1451862,chess-results-spielersuche,https://s3.chess-results.com/tnr1451862.aspx?lan=1&art=9&snr=15,SpielerSuche FIDE 8608415 tnr1451862 CJK name column
8608440,郭玮宝,,,"郭玮宝,|2026年中国国际象棋甲级联赛 百叶龙杯”常规赛第一站长兴专",1443995,chess-results-spielersuche,https://s3.chess-results.com/tnr1443995.aspx?lan=1&art=9&snr=60,SpielerSuche FIDE 8608440 tnr1443995 CJK name column
8608458,"杜泽宇,",,,"杜泽宇,|2013年全国国际象棋锦标赛（个人乙组）男子组",108725,chess-results-spielersuche,https://s3.chess-results.com/tnr108725.aspx?lan=1&art=9&snr=85,SpielerSuche FIDE 8608458 tnr108725 CJK name column
8608466,倪诗群,,,"倪诗群,|2026年中国国际象棋甲级联赛 百叶龙杯”常规赛第一站长兴专",1443995,chess-results-spielersuche,https://s3.chess-results.com/tnr1443995.aspx?lan=1&art=9&snr=48,SpielerSuche FIDE 8608466 tnr1443995 CJK name column
8608520,"孙志博,",,,"孙志博,|2013年全国国际象棋锦标赛（个人乙组）男子组",108725,chess-results-spielersuche,https://s3.chess-results.com/tnr108725.aspx?lan=1&art=9&snr=74,SpielerSuche FIDE 8608520 tnr108725 CJK name column
8608547,"相泽宇,",,,"相泽宇,|2025年中国国际象棋甲级联赛常规赛（第二站）北京专场",1263712,chess-results-spielersuche,https://s3.chess-results.com/tnr1263712.aspx?lan=1&art=9&snr=8,SpielerSuche FIDE 8608547 tnr1263712 CJK name column
8608555,"于超杰,",,,"于超杰,|2024年全国国际象棋锦标赛（个人乙组）男子组",927196,chess-results-spielersuche,https://s3.chess-results.com/tnr927196.aspx?lan=1&art=9&snr=19,SpielerSuche FIDE 8608555 tnr927196 CJK name column
8608563,"张一鸣,",,,"张一鸣,|2019年中国国际象棋乙级联赛",457254,chess-results-spielersuche,https://s3.chess-results.com/tnr457254.aspx?lan=1&art=9&snr=55,SpielerSuche FIDE 8608563 tnr457254 CJK name column
8608571,"张梓豪,",,,"张梓豪,|2016 年全国国际象棋锦标赛（个人乙组）男子组",230769,chess-results-spielersuche,https://s3.chess-results.com/tnr230769.aspx?lan=1&art=9&snr=184,SpielerSuche FIDE 8608571 tnr230769 CJK name column
8608598,"杨丹宁,",,,"杨丹宁,",1451862,chess-results-spielersuche,https://s3.chess-results.com/tnr1451862.aspx?lan=1&art=9&snr=39,SpielerSuche FIDE 8608598 tnr1451862 CJK name column
8608601,杨弋靖,,,"杨弋靖,|2026年中国国际象棋甲级联赛 百叶龙杯”常规赛第一站长兴专",1443995,chess-results-spielersuche,https://s3.chess-results.com/tnr1443995.aspx?lan=1&art=9&snr=39,SpielerSuche FIDE 8608601 tnr1443995 CJK name column
8608628,"刘洋,",,,"刘洋,|2012 全国国际象棋锦标赛（个人乙组）男子组",78385,chess-results-spielersuche,https://s3.chess-results.com/tnr78385.aspx?lan=1&art=9&snr=74,SpielerSuche FIDE 8608628 tnr78385 CJK name column
8608644,"杨滢夏,",,,"杨滢夏,|2013年全国国际象棋锦标赛（个人乙组）女子组",108726,chess-results-spielersuche,https://s3.chess-results.com/tnr108726.aspx?lan=1&art=9&snr=47,SpielerSuche FIDE 8608644 tnr108726 CJK name column
8608679,"巩昌达,",,,"巩昌达,|2025年全国国际象棋锦标赛（团体）男子组",1163659,chess-results-spielersuche,https://s3.chess-results.com/tnr1163659.aspx?lan=1&art=9&snr=65,SpielerSuche FIDE 8608679 tnr1163659 CJK name column
8608709,"任肖伊,",,,"任肖伊,",1451862,chess-results-spielersuche,https://s3.chess-results.com/tnr1451862.aspx?lan=1&art=9&snr=25,SpielerSuche FIDE 8608709 tnr1451862 CJK name column
8608717,白雪,,,"白雪,|2026年中国国际象棋甲级联赛 百叶龙杯”常规赛第一站长兴专",1443995,chess-results-spielersuche,https://s3.chess-results.com/tnr1443995.aspx?lan=1&art=9&snr=82,SpielerSuche FIDE 8608717 tnr1443995 CJK name column
8608865,"丛瀚维,",,,"丛瀚维,|2016年全国国际象棋乙级联赛",230079,chess-results-spielersuche,https://s3.chess-results.com/tnr230079.aspx?lan=1&art=9&snr=49,SpielerSuche FIDE 8608865 tnr230079 CJK name column
8608873,"高涵雪,",,,"高涵雪,|""瑞贝卡杯“2022 全国国际象棋锦标赛（团体）女子组",729716,chess-results-spielersuche,https://s3.chess-results.com/tnr729716.aspx?lan=1&art=9&snr=32,SpielerSuche FIDE 8608873 tnr729716 CJK name column
8608881,"古嘉禾,",,,"古嘉禾,|2012 全国国际象棋锦标赛（个人乙组）女子组",78386,chess-results-spielersuche,https://s3.chess-results.com/tnr78386.aspx?lan=1&art=9&snr=16,SpielerSuche FIDE 8608881 tnr78386 CJK name column
8608890,"郭肖羽,",,,"郭肖羽,|第十五届全国运动会群众比赛国际象棋项目预赛女子个人业余组",1184157,chess-results-spielersuche,https://s3.chess-results.com/tnr1184157.aspx?lan=1&art=9&snr=11,SpielerSuche FIDE 8608890 tnr1184157 CJK name column
8608920,黄治,,,"黄治,|【北京】第二届和平杯国际象棋公开赛",1405363,chess-results-spielersuche,https://s3.chess-results.com/tnr1405363.aspx?lan=1&art=9&snr=7,SpielerSuche FIDE 8608920 tnr1405363 CJK name column
8608946,"李婷姝,",,,"李婷姝,|第四届全国智力运动会国际象棋比赛大学生团体预赛",486108,chess-results-spielersuche,https://s3.chess-results.com/tnr486108.aspx?lan=1&art=9&snr=34,SpielerSuche FIDE 8608946 tnr486108 CJK name column
8608962,刘言,,,"刘言,|2026年中国国际象棋甲级联赛 百叶龙杯”常规赛第一站长兴专",1443995,chess-results-spielersuche,https://s3.chess-results.com/tnr1443995.aspx?lan=1&art=9&snr=19,SpielerSuche FIDE 8608962 tnr1443995 CJK name column
8608989,"刘羽佳,",,,"刘羽佳,|2014年中国国际象棋甲级联赛（第四站）",136490,chess-results-spielersuche,https://s3.chess-results.com/tnr136490.aspx?lan=1&art=9&snr=79,SpielerSuche FIDE 8608989 tnr136490 CJK name column
8609039,"门佳仪,",,,"门佳仪,|2024年全国国际象棋锦标赛（个人乙组）女子组",927195,chess-results-spielersuche,https://s3.chess-results.com/tnr927195.aspx?lan=1&art=9&snr=14,SpielerSuche FIDE 8609039 tnr927195 CJK name column
8609047,彭红墀,,,"彭红墀,|2026年中国国际象棋甲级联赛 百叶龙杯”常规赛第一站长兴专",1443995,chess-results-spielersuche,https://s3.chess-results.com/tnr1443995.aspx?lan=1&art=9&snr=58,SpielerSuche FIDE 8609047 tnr1443995 CJK name column
8609055,"亓茗茹,",,,"亓茗茹,|2016 年全国国际象棋锦标赛（个人乙组）女子组",230764,chess-results-spielersuche,https://s3.chess-results.com/tnr230764.aspx?lan=1&art=9&snr=77,SpielerSuche FIDE 8609055 tnr230764 CJK name column
8609071,"沈晨祎,",,,"沈晨祎,|2024年全国国际象棋锦标赛（个人乙组）男子组",927196,chess-results-spielersuche,https://s3.chess-results.com/tnr927196.aspx?lan=1&art=9&snr=23,SpielerSuche FIDE 8609071 tnr927196 CJK name column
8609080,"史航,",,,"史航,|2015年全国国际象棋锦标赛（个人乙组）女子组",180799,chess-results-spielersuche,https://s3.chess-results.com/tnr180799.aspx?lan=1&art=9&snr=47,SpielerSuche FIDE 8609080 tnr180799 CJK name column
8609101,"唐晖,",,,"唐晖,|2016 年全国国际象棋锦标赛（个人乙组）男子组",230769,chess-results-spielersuche,https://s3.chess-results.com/tnr230769.aspx?lan=1&art=9&snr=159,SpielerSuche FIDE 8609101 tnr230769 CJK name column
8609128,"王嘉祺,",,,"王嘉祺,|2018中国国际象棋乙级联赛",365441,chess-results-spielersuche,https://s3.chess-results.com/tnr365441.aspx?lan=1&art=9&snr=69,SpielerSuche FIDE 8609128 tnr365441 CJK name column
8609144,"王玥欢,",,,"王玥欢,|2016年全国国际象棋乙级联赛",230079,chess-results-spielersuche,https://s3.chess-results.com/tnr230079.aspx?lan=1&art=9&snr=52,SpielerSuche FIDE 8609144 tnr230079 CJK name column
8609152,"吴蒙娴,",,,"吴蒙娴,|2013年中国国际象棋甲级联赛",99760,chess-results-spielersuche,https://s3.chess-results.com/tnr99760.aspx?lan=1&art=9&snr=66,SpielerSuche FIDE 8609152 tnr99760 CJK name column
8609160,"肖钧元,",,,"肖钧元,|2025年中国国际象棋乙级联赛",1229905,chess-results-spielersuche,https://s3.chess-results.com/tnr1229905.aspx?lan=1&art=9&snr=139,SpielerSuche FIDE 8609160 tnr1229905 CJK name column
8609179,"徐铭蔚,",,,"徐铭蔚,|第十五届全国运动会群众比赛国际象棋项目决赛女子个人业余组循环",1245064,chess-results-spielersuche,https://s3.chess-results.com/tnr1245064.aspx?lan=1&art=9&snr=3,SpielerSuche FIDE 8609179 tnr1245064 CJK name column
8609268,"赵涵雅,",,,"赵涵雅,|2023 年全国国际象棋锦标赛（个人乙组）女子组",757169,chess-results-spielersuche,https://s3.chess-results.com/tnr757169.aspx?lan=1&art=9&snr=107,SpielerSuche FIDE 8609268 tnr757169 CJK name column
8609276,"郑方炳,",,,"郑方炳,|2016 年全国国际象棋锦标赛（个人乙组）男子组",230769,chess-results-spielersuche,https://s3.chess-results.com/tnr230769.aspx?lan=1&art=9&snr=44,SpielerSuche FIDE 8609276 tnr230769 CJK name column
8609284,"朱锴臻,",,,"朱锴臻,|2018年全国国际象棋锦标赛（团体）男子组",360559,chess-results-spielersuche,https://s3.chess-results.com/tnr360559.aspx?lan=1&art=9&snr=72,SpielerSuche FIDE 8609284 tnr360559 CJK name column
8609292,"朱逸伦,",,,"朱逸伦,|2024年中国国际象棋乙级联赛",984568,chess-results-spielersuche,https://s3.chess-results.com/tnr984568.aspx?lan=1&art=9&snr=17,SpielerSuche FIDE 8609292 tnr984568 CJK name column
8609322,"成元达,",,,"成元达,|2024年全国国际象棋锦标赛（个人乙组）男子组",927196,chess-results-spielersuche,https://s3.chess-results.com/tnr927196.aspx?lan=1&art=9&snr=17,SpielerSuche FIDE 8609322 tnr927196 CJK name column
8609330,"董子熙,",,,"董子熙,|2012 全国国际象棋锦标赛（个人乙组）男子组",78385,chess-results-spielersuche,https://s3.chess-results.com/tnr78385.aspx?lan=1&art=9&snr=128,SpielerSuche FIDE 8609330 tnr78385 CJK name column
8609357,"李炎铠,",,,"李炎铠,|2024年全国国际象棋锦标赛(团体)男子组",917611,chess-results-spielersuche,https://s3.chess-results.com/tnr917611.aspx?lan=1&art=9&snr=82,SpielerSuche FIDE 8609357 tnr917611 CJK name column
8609373,"刘炤,",,,"刘炤,|2024年全国国际象棋锦标赛（个人乙组）男子组",927196,chess-results-spielersuche,https://s3.chess-results.com/tnr927196.aspx?lan=1&art=9&snr=80,SpielerSuche FIDE 8609373 tnr927196 CJK name column
8609381,"刘钊杞,",,,"刘钊杞,|【北京】第二届和平杯国际象棋公开赛",1405363,chess-results-spielersuche,https://s3.chess-results.com/tnr1405363.aspx?lan=1&art=9&snr=4,SpielerSuche FIDE 8609381 tnr1405363 CJK name column
8609390,"糜谦,",,,"糜谦,|机器人谷杯第二届中国城市国际象棋联赛候选赛",603884,chess-results-spielersuche,https://s3.chess-results.com/tnr603884.aspx?lan=1&art=9&snr=47,SpielerSuche FIDE 8609390 tnr603884 CJK name column
8609403,"倪凡晟,",,,"倪凡晟,|2012 全国国际象棋锦标赛（个人乙组）男子组",78385,chess-results-spielersuche,https://s3.chess-results.com/tnr78385.aspx?lan=1&art=9&snr=38,SpielerSuche FIDE 8609403 tnr78385 CJK name column
8609420,"孙嘉骏,",,,"孙嘉骏,|机器人谷杯第一届中国城市国际象棋联赛(团体)种子排位赛",537728,chess-results-spielersuche,https://s3.chess-results.com/tnr537728.aspx?lan=1&art=9&snr=99,SpielerSuche FIDE 8609420 tnr537728 CJK name column
8609446,"王昊,",,,"王昊,|2024年全国国际象棋锦标赛（个人乙组）男子组",927196,chess-results-spielersuche,https://s3.chess-results.com/tnr927196.aspx?lan=1&art=9&snr=13,SpielerSuche FIDE 8609446 tnr927196 CJK name column
8609470,"张子佶,",,,"张子佶,|2025年中国国际象棋乙级联赛",1229905,chess-results-spielersuche,https://s3.chess-results.com/tnr1229905.aspx?lan=1&art=9&snr=127,SpielerSuche FIDE 8609470 tnr1229905 CJK name column
8609489,"赵君诚,",,,"赵君诚,|2019年全国国际象棋锦标赛（团体）男子组",450220,chess-results-spielersuche,https://s3.chess-results.com/tnr450220.aspx?lan=1&art=9&snr=76,SpielerSuche FIDE 8609489 tnr450220 CJK name column
8609497,"赵元赫,",,,"赵元赫,|2025年中国国际象棋甲级联赛常规赛（第二站）北京专场",1263712,chess-results-spielersuche,https://s3.chess-results.com/tnr1263712.aspx?lan=1&art=9&snr=86,SpielerSuche FIDE 8609497 tnr1263712 CJK name column
8609527,"顾思婷,",,,"顾思婷,|2012 全国国际象棋锦标赛（个人乙组）女子组",78386,chess-results-spielersuche,https://s3.chess-results.com/tnr78386.aspx?lan=1&art=9&snr=83,SpielerSuche FIDE 8609527 tnr78386 CJK name column
8609535,"黄莫非,",,,"黄莫非,|2019年全国国际象棋锦标赛（团体）女子组",450225,chess-results-spielersuche,https://s3.chess-results.com/tnr450225.aspx?lan=1&art=9&snr=58,SpielerSuche FIDE 8609535 tnr450225 CJK name column
8609616,"童欣,",,,"童欣,|2013年全国国际象棋锦标赛（个人乙组）男子组",108725,chess-results-spielersuche,https://s3.chess-results.com/tnr108725.aspx?lan=1&art=9&snr=97,SpielerSuche FIDE 8609616 tnr108725 CJK name column
8609640,"郭硕,",,,"郭硕,|""超玥杯""2021年中国国际象棋甲级联赛",596943,chess-results-spielersuche,https://s3.chess-results.com/tnr596943.aspx?lan=1&art=9&snr=27,SpielerSuche FIDE 8609640 tnr596943 CJK name column
8609659,"林艺,",,,"林艺,|""泰来杯""2022年中国国际象棋甲级联赛总决赛(循环赛)",725785,chess-results-spielersuche,https://s3.chess-results.com/tnr725785.aspx?lan=1&art=9&snr=9,SpielerSuche FIDE 8609659 tnr725785 CJK name column
8609667,"余凯丰,",,,"余凯丰,|2025年中国国际象棋甲级联赛常规赛（第二站）北京专场",1263712,chess-results-spielersuche,https://s3.chess-results.com/tnr1263712.aspx?lan=1&art=9&snr=38,SpielerSuche FIDE 8609667 tnr1263712 CJK name column
8609721,"杜昭睿,",,,"杜昭睿,|2016年全国国际象棋乙级联赛",230079,chess-results-spielersuche,https://s3.chess-results.com/tnr230079.aspx?lan=1&art=9&snr=90,SpielerSuche FIDE 8609721 tnr230079 CJK name column
8609748,"李文翔,",,,"李文翔,|2024年中国国际象棋乙级联赛",984568,chess-results-spielersuche,https://s3.chess-results.com/tnr984568.aspx?lan=1&art=9&snr=11,SpielerSuche FIDE 8609748 tnr984568 CJK name column
8609764,"闫雪松,",,,"闫雪松,|2016 年全国国际象棋锦标赛（个人乙组）男子组",230769,chess-results-spielersuche,https://s3.chess-results.com/tnr230769.aspx?lan=1&art=9&snr=52,SpielerSuche FIDE 8609764 tnr230769 CJK name column
8609772,"袁晴宇,",,,"袁晴宇,|2025年全国国际象棋公开赛（苏州站）",1250403,chess-results-spielersuche,https://s3.chess-results.com/tnr1250403.aspx?lan=1&art=9&snr=2,SpielerSuche FIDE 8609772 tnr1250403 CJK name column
8609837,"杨滢夏,",,,"杨滢夏,|2014年中国国际象棋甲级联赛（第四站）",136490,chess-results-spielersuche,https://s3.chess-results.com/tnr136490.aspx?lan=1&art=9&snr=70,SpielerSuche FIDE 8609837 tnr136490 CJK name column
8609870,"苏子晋,",,,"苏子晋,|2013年全国国际象棋锦标赛（个人乙组）男子组",108725,chess-results-spielersuche,https://s3.chess-results.com/tnr108725.aspx?lan=1&art=9&snr=58,SpielerSuche FIDE 8609870 tnr108725 CJK name column
8609888,"周豪,",,,"周豪,|2018年全国国际象棋锦标赛（个人乙组）男子",366717,chess-results-spielersuche,https://s3.chess-results.com/tnr366717.aspx?lan=1&art=9&snr=57,SpielerSuche FIDE 8609888 tnr366717 CJK name column
8609896,"梁琪唯,",,,"梁琪唯,|2013年全国国际象棋锦标赛（个人乙组）女子组",108726,chess-results-spielersuche,https://s3.chess-results.com/tnr108726.aspx?lan=1&art=9&snr=48,SpielerSuche FIDE 8609896 tnr108726 CJK name column
8609900,"朴元晶,",,,"朴元晶,|2015年全国国际象棋锦标赛（个人乙组）女子组",180799,chess-results-spielersuche,https://s3.chess-results.com/tnr180799.aspx?lan=1&art=9&snr=56,SpielerSuche FIDE 8609900 tnr180799 CJK name column
8609918,"周江南,",,,"周江南,|第四届全国智力运动会国际象棋男子团体快棋",484817,chess-results-spielersuche,https://s3.chess-results.com/tnr484817.aspx?lan=1&art=9&snr=53,SpielerSuche FIDE 8609918 tnr484817 CJK name column
8609926,"高裕恒,",,,"高裕恒,|2018年全国国际象棋锦标赛（个人乙组）男子",366717,chess-results-spielersuche,https://s3.chess-results.com/tnr366717.aspx?lan=1&art=9&snr=101,SpielerSuche FIDE 8609926 tnr366717 CJK name column
8609934,"杨宇轩,",,,"杨宇轩,|2025年全国国际象棋公开赛（聊城站）",1200704,chess-results-spielersuche,https://s3.chess-results.com/tnr1200704.aspx?lan=1&art=9&snr=17,SpielerSuche FIDE 8609934 tnr1200704 CJK name column
8609950,逄韬,,,"逄韬,|2026年中国国际象棋甲级联赛 百叶龙杯”常规赛第一站长兴专",1443995,chess-results-spielersuche,https://s3.chess-results.com/tnr1443995.aspx?lan=1&art=9&snr=80,SpielerSuche FIDE 8609950 tnr1443995 CJK name column
8609977,"滕嘉荣,",,,"滕嘉荣,|机器人谷杯第二届中国城市国际象棋联赛候选赛",603884,chess-results-spielersuche,https://s3.chess-results.com/tnr603884.aspx?lan=1&art=9&snr=61,SpielerSuche FIDE 8609977 tnr603884 CJK name column
8609993,"胡聿,",,,"胡聿,",1451862,chess-results-spielersuche,https://s3.chess-results.com/tnr1451862.aspx?lan=1&art=9&snr=16,SpielerSuche FIDE 8609993 tnr1451862 CJK name column
8610061,"褚佳敏,",,,"褚佳敏,|第四届全国智力运动会国际象棋男子团体快棋",484817,chess-results-spielersuche,https://s3.chess-results.com/tnr484817.aspx?lan=1&art=9&snr=49,SpielerSuche FIDE 8610061 tnr484817 CJK name column
8610088,"高欣铭,",,,"高欣铭,|2017年全国国际象棋锦标赛（个人乙组）男子组",292211,chess-results-spielersuche,https://s3.chess-results.com/tnr292211.aspx?lan=1&art=9&snr=36,SpielerSuche FIDE 8610088 tnr292211 CJK name column
8610096,"胡韶源,",,,"胡韶源,|2013年全国国际象棋锦标赛（个人乙组）男子组",108725,chess-results-spielersuche,https://s3.chess-results.com/tnr108725.aspx?lan=1&art=9&snr=98,SpielerSuche FIDE 8610096 tnr108725 CJK name column
8610126,"黄明齐,",,,"黄明齐,|2025年全国国际象棋公开赛（苏州站）",1250403,chess-results-spielersuche,https://s3.chess-results.com/tnr1250403.aspx?lan=1&art=9&snr=3,SpielerSuche FIDE 8610126 tnr1250403 CJK name column
8610134,黄仁杰,,,"黄仁杰,|2026年中国国际象棋甲级联赛 百叶龙杯”常规赛第一站长兴专",1443995,chess-results-spielersuche,https://s3.chess-results.com/tnr1443995.aspx?lan=1&art=9&snr=71,SpielerSuche FIDE 8610134 tnr1443995 CJK name column
8610169,"李浩宇,",,,"李浩宇,|2024年中国国际象棋乙级联赛",984568,chess-results-spielersuche,https://s3.chess-results.com/tnr984568.aspx?lan=1&art=9&snr=30,SpielerSuche FIDE 8610169 tnr984568 CJK name column
8610258,"陈奕如,",,,"陈奕如,|2025年中国国际象棋乙级联赛",1229905,chess-results-spielersuche,https://s3.chess-results.com/tnr1229905.aspx?lan=1&art=9&snr=17,SpielerSuche FIDE 8610258 tnr1229905 CJK name column
8610274,"董南西,",,,"董南西,|2018年全国国际象棋锦标赛（个人乙组）女子",366721,chess-results-spielersuche,https://s3.chess-results.com/tnr366721.aspx?lan=1&art=9&snr=24,SpielerSuche FIDE 8610274 tnr366721 CJK name column
8610282,"杜雨馨,",,,"杜雨馨,|2025年中国国际象棋甲级联赛常规赛（第二站）北京专场",1263712,chess-results-spielersuche,https://s3.chess-results.com/tnr1263712.aspx?lan=1&art=9&snr=12,SpielerSuche FIDE 8610282 tnr1263712 CJK name column
8610290,"顾小云,",,,"顾小云,|第四届全国智力运动会国际象棋比赛大学生团体预赛",486108,chess-results-spielersuche,https://s3.chess-results.com/tnr486108.aspx?lan=1&art=9&snr=16,SpielerSuche FIDE 8610290 tnr486108 CJK name column
8610312,"胡佳妮,",,,"胡佳妮,",1451862,chess-results-spielersuche,https://s3.chess-results.com/tnr1451862.aspx?lan=1&art=9&snr=18,SpielerSuche FIDE 8610312 tnr1451862 CJK name column
8610320,"胡瑛琳,",,,"胡瑛琳,|2017年全国国际象棋锦标赛（个人乙组）女子组",292210,chess-results-spielersuche,https://s3.chess-results.com/tnr292210.aspx?lan=1&art=9&snr=85,SpielerSuche FIDE 8610320 tnr292210 CJK name column
8610339,"胡月,",,,"胡月,|2019年全国国际象棋锦标赛（个人乙组）女子个人",453637,chess-results-spielersuche,https://s3.chess-results.com/tnr453637.aspx?lan=1&art=9&snr=9,SpielerSuche FIDE 8610339 tnr453637 CJK name column
8610380,"李明静,",,,"李明静,|2019年全国国际象棋锦标赛（个人乙组）女子个人",453637,chess-results-spielersuche,https://s3.chess-results.com/tnr453637.aspx?lan=1&art=9&snr=21,SpielerSuche FIDE 8610380 tnr453637 CJK name column
8610401,"李欣玙,",,,"李欣玙,|2022年中国国际象棋乙级联赛",725674,chess-results-spielersuche,https://s3.chess-results.com/tnr725674.aspx?lan=1&art=9&snr=65,SpielerSuche FIDE 8610401 tnr725674 CJK name column
8610436,"李泽楷,",,,"李泽楷,|2019年中国国际象棋乙级联赛",457254,chess-results-spielersuche,https://s3.chess-results.com/tnr457254.aspx?lan=1&art=9&snr=184,SpielerSuche FIDE 8610436 tnr457254 CJK name column
8610444,"LIN, Juntong 林俊彤",,,"LIN, Juntong 林俊彤",81164,chess-results-spielersuche,https://s3.chess-results.com/tnr81164.aspx?lan=1&art=9&snr=38,SpielerSuche FIDE 8610444 tnr81164 CJK name column
8610487,"刘羽桐,",,,"刘羽桐,|2019年全国国际象棋锦标赛（团体）男子组",450220,chess-results-spielersuche,https://s3.chess-results.com/tnr450220.aspx?lan=1&art=9&snr=84,SpielerSuche FIDE 8610487 tnr450220 CJK name column
8610495,"陆开言,",,,"陆开言,|2018年全国国际象棋锦标赛（个人乙组）男子",366717,chess-results-spielersuche,https://s3.chess-results.com/tnr366717.aspx?lan=1&art=9&snr=91,SpielerSuche FIDE 8610495 tnr366717 CJK name column
8610509,"吕净恩,",,,"吕净恩,|2017年全国国际象棋锦标赛（个人乙组）女子组",292210,chess-results-spielersuche,https://s3.chess-results.com/tnr292210.aspx?lan=1&art=9&snr=28,SpielerSuche FIDE 8610509 tnr292210 CJK name column
8610517,"吕勤浩,",,,"吕勤浩,|2017年全国国际象棋锦标赛（团体）男子组",285586,chess-results-spielersuche,https://s3.chess-results.com/tnr285586.aspx?lan=1&art=9&snr=37,SpielerSuche FIDE 8610517 tnr285586 CJK name column
8610533,马麟,,,"马麟,|2026年中国国际象棋甲级联赛 百叶龙杯”常规赛第一站长兴专",1443995,chess-results-spielersuche,https://s3.chess-results.com/tnr1443995.aspx?lan=1&art=9&snr=89,SpielerSuche FIDE 8610533 tnr1443995 CJK name column
8610550,彭雄健,,,"彭雄健,|2026年中国国际象棋甲级联赛 百叶龙杯”常规赛第一站长兴专",1443995,chess-results-spielersuche,https://s3.chess-results.com/tnr1443995.aspx?lan=1&art=9&snr=35,SpielerSuche FIDE 8610550 tnr1443995 CJK name column
8610576,"乔宽,",,,"乔宽,|2015年全国国际象棋锦标赛（个人乙组）女子组",180799,chess-results-spielersuche,https://s3.chess-results.com/tnr180799.aspx?lan=1&art=9&snr=55,SpielerSuche FIDE 8610576 tnr180799 CJK name column
8610592,"茹佳萍,",,,"茹佳萍,|2013年全国国际象棋锦标赛（个人乙组）女子组",108726,chess-results-spielersuche,https://s3.chess-results.com/tnr108726.aspx?lan=1&art=9&snr=50,SpielerSuche FIDE 8610592 tnr108726 CJK name column
8610606,"沈予帆,",,,"沈予帆,|第十五届全国运动会群众比赛国际象棋项目决赛混合团体业余组循环",1245066,chess-results-spielersuche,https://s3.chess-results.com/tnr1245066.aspx?lan=1&art=9&snr=15,SpielerSuche FIDE 8610606 tnr1245066 CJK name column
8610622,"王朝,",,,"王朝,|2013年全国国际象棋锦标赛（个人乙组）女子组",108726,chess-results-spielersuche,https://s3.chess-results.com/tnr108726.aspx?lan=1&art=9&snr=49,SpielerSuche FIDE 8610622 tnr108726 CJK name column
8610665,王仕戌,,,"王仕戌,|2026年中国国际象棋甲级联赛 百叶龙杯”常规赛第一站长兴专",1443995,chess-results-spielersuche,https://s3.chess-results.com/tnr1443995.aspx?lan=1&art=9&snr=28,SpielerSuche FIDE 8610665 tnr1443995 CJK name column
8610681,"王宇翔,",,,"王宇翔,|2015年全国国际象棋锦标赛（个人乙组）男子组",180798,chess-results-spielersuche,https://s3.chess-results.com/tnr180798.aspx?lan=1&art=9&snr=151,SpielerSuche FIDE 8610681 tnr180798 CJK name column
8610690,"王政烨,",,,"王政烨,|2018中国国际象棋乙级联赛",365441,chess-results-spielersuche,https://s3.chess-results.com/tnr365441.aspx?lan=1&art=9&snr=62,SpielerSuche FIDE 8610690 tnr365441 CJK name column
8610703,"韦青平,",,,"韦青平,|2015年全国国际象棋锦标赛（个人乙组）男子组",180798,chess-results-spielersuche,https://s3.chess-results.com/tnr180798.aspx?lan=1&art=9&snr=43,SpielerSuche FIDE 8610703 tnr180798 CJK name column
8610754,"武相宇,",,,"武相宇,|2016 年全国国际象棋锦标赛（个人乙组）男子组",230769,chess-results-spielersuche,https://s3.chess-results.com/tnr230769.aspx?lan=1&art=9&snr=45,SpielerSuche FIDE 8610754 tnr230769 CJK name column
8610762,"谢李贝蕾,",,,"谢李贝蕾,|2017年全国国际象棋锦标赛（个人乙组）女子组",292210,chess-results-spielersuche,https://s3.chess-results.com/tnr292210.aspx?lan=1&art=9&snr=52,SpielerSuche FIDE 8610762 tnr292210 CJK name column
8610800,"徐知行,",,,"徐知行,|2026第一届“和平杯”国际象棋公开赛",1379421,chess-results-spielersuche,https://s3.chess-results.com/tnr1379421.aspx?lan=1&art=9&snr=67,SpielerSuche FIDE 8610800 tnr1379421 CJK name column
8610819,"杨辰叶,",,,"杨辰叶,|2018年全国国际象棋锦标赛（个人乙组）女子",366721,chess-results-spielersuche,https://s3.chess-results.com/tnr366721.aspx?lan=1&art=9&snr=91,SpielerSuche FIDE 8610819 tnr366721 CJK name column
8610894,张潇,,,"张潇,|2026年中国国际象棋甲级联赛 百叶龙杯”常规赛第一站长兴专",1443995,chess-results-spielersuche,https://s3.chess-results.com/tnr1443995.aspx?lan=1&art=9&snr=69,SpielerSuche FIDE 8610894 tnr1443995 CJK name column
8610908,"张妤铉,",,,"张妤铉,|2019年全国国际象棋锦标赛（团体）女子组",450225,chess-results-spielersuche,https://s3.chess-results.com/tnr450225.aspx?lan=1&art=9&snr=36,SpielerSuche FIDE 8610908 tnr450225 CJK name column
8610959,"邹晨,",,,"邹晨,|2025年全国国际象棋公开赛（聊城站）",1200704,chess-results-spielersuche,https://s3.chess-results.com/tnr1200704.aspx?lan=1&art=9&snr=1,SpielerSuche FIDE 8610959 tnr1200704 CJK name column
8610967,"周依波,",,,"周依波,|2019年全国国际象棋锦标赛（个人乙组）男子个人",453632,chess-results-spielersuche,https://s3.chess-results.com/tnr453632.aspx?lan=1&art=9&snr=40,SpielerSuche FIDE 8610967 tnr453632 CJK name column
8610975,"周子润,",,,"周子润,|机器人谷杯第一届中国城市国际象棋联赛1/4决赛",542841,chess-results-spielersuche,https://s3.chess-results.com/tnr542841.aspx?lan=1&art=9&snr=44,SpielerSuche FIDE 8610975 tnr542841 CJK name column
8610983,"朱棣文,",,,"朱棣文,|2025年全国国际象棋棋协大师赛（绍兴站）棋协大师组",1214030,chess-results-spielersuche,https://s3.chess-results.com/tnr1214030.aspx?lan=1&art=9&snr=73,SpielerSuche FIDE 8610983 tnr1214030 CJK name column
8610991,"祝一滢,",,,"祝一滢,|2017年全国国际象棋锦标赛（个人乙组）女子组",292210,chess-results-spielersuche,https://s3.chess-results.com/tnr292210.aspx?lan=1&art=9&snr=36,SpielerSuche FIDE 8610991 tnr292210 CJK name column
8611017,"曹煜祺,",,,"曹煜祺,|2019年中国国际象棋乙级联赛",457254,chess-results-spielersuche,https://s3.chess-results.com/tnr457254.aspx?lan=1&art=9&snr=58,SpielerSuche FIDE 8611017 tnr457254 CJK name column
8611050,"姜昭伊,",,,"姜昭伊,",1451862,chess-results-spielersuche,https://s3.chess-results.com/tnr1451862.aspx?lan=1&art=9&snr=35,SpielerSuche FIDE 8611050 tnr1451862 CJK name column
8611068,"薛诗璇,",,,"薛诗璇,|2025年中国国际象棋甲级联赛常规赛（第二站）北京专场",1263712,chess-results-spielersuche,https://s3.chess-results.com/tnr1263712.aspx?lan=1&art=9&snr=23,SpielerSuche FIDE 8611068 tnr1263712 CJK name column
8611076,"周欣仪,",,,"周欣仪,|2023 年全国国际象棋锦标赛（个人乙组）女子组",757169,chess-results-spielersuche,https://s3.chess-results.com/tnr757169.aspx?lan=1&art=9&snr=33,SpielerSuche FIDE 8611076 tnr757169 CJK name column
8611092,"邵文彬,",,,"邵文彬,|2025年中国国际象棋乙级联赛",1229905,chess-results-spielersuche,https://s3.chess-results.com/tnr1229905.aspx?lan=1&art=9&snr=63,SpielerSuche FIDE 8611092 tnr1229905 CJK name column
8611106,"孙岳鹏,",,,"孙岳鹏,|2013年全国国际象棋锦标赛（个人乙组）男子组",108725,chess-results-spielersuche,https://s3.chess-results.com/tnr108725.aspx?lan=1&art=9&snr=73,SpielerSuche FIDE 8611106 tnr108725 CJK name column
8611122,"吴漾,",,,"吴漾,|国际象棋比赛 男子团体",922080,chess-results-spielersuche,https://s3.chess-results.com/tnr922080.aspx?lan=1&art=9&snr=8,SpielerSuche FIDE 8611122 tnr922080 CJK name column
8611130,徐浚玮,,,"徐浚玮,|2026年中国国际象棋甲级联赛 百叶龙杯”常规赛第一站长兴专",1443995,chess-results-spielersuche,https://s3.chess-results.com/tnr1443995.aspx?lan=1&art=9&snr=76,SpielerSuche FIDE 8611130 tnr1443995 CJK name column
8611149,"杨颜箐,",,,"杨颜箐,|第四届全国智力运动会国际象棋比赛大学生团体预赛",486108,chess-results-spielersuche,https://s3.chess-results.com/tnr486108.aspx?lan=1&art=9&snr=9,SpielerSuche FIDE 8611149 tnr486108 CJK name column
8611157,"姚远,",,,"姚远,|""众弈杯""2019年中国国际象棋甲级联赛沈阳站（19-22轮",430465,chess-results-spielersuche,https://s3.chess-results.com/tnr430465.aspx?lan=1&art=9&snr=74,SpielerSuche FIDE 8611157 tnr430465 CJK name column
8611203,"曹鹿鸣,",,,"曹鹿鸣,|2013年全国国际象棋联赛(乙级团体)",108316,chess-results-spielersuche,https://s3.chess-results.com/tnr108316.aspx?lan=1&art=9&snr=23,SpielerSuche FIDE 8611203 tnr108316 CJK name column
8611211,"朱恒佚,",,,"朱恒佚,|2025年中国国际象棋甲级联赛常规赛（第二站）北京专场",1263712,chess-results-spielersuche,https://s3.chess-results.com/tnr1263712.aspx?lan=1&art=9&snr=13,SpielerSuche FIDE 8611211 tnr1263712 CJK name column
8611289,"王子翼,",,,"王子翼,|2013年全国国际象棋联赛(乙级团体)",108316,chess-results-spielersuche,https://s3.chess-results.com/tnr108316.aspx?lan=1&art=9&snr=67,SpielerSuche FIDE 8611289 tnr108316 CJK name column
8611491,"姜添添,",,,"姜添添,|2023年全国国际象棋青少年锦标赛(个人)暨第28届“李成智",798386,chess-results-spielersuche,https://s3.chess-results.com/tnr798386.aspx?lan=1&art=9&snr=8,SpielerSuche FIDE 8611491 tnr798386 CJK name column
8611505,"林培森,",,,"林培森,|“机器人谷杯”二届中国城市国际象棋联赛复选赛",591874,chess-results-spielersuche,https://s3.chess-results.com/tnr591874.aspx?lan=1&art=9&snr=45,SpielerSuche FIDE 8611505 tnr591874 CJK name column
8611513,"赵晨曦,",,,"赵晨曦,|第十五届全国运动会群众比赛国际象棋项目决赛混合团体公开组循环",1245065,chess-results-spielersuche,https://s3.chess-results.com/tnr1245065.aspx?lan=1&art=9&snr=41,SpielerSuche FIDE 8611513 tnr1245065 CJK name column
8611530,"杨宇航,",,,"杨宇航,|2017年全国国际象棋锦标赛（个人乙组）男子组",292211,chess-results-spielersuche,https://s3.chess-results.com/tnr292211.aspx?lan=1&art=9&snr=59,SpielerSuche FIDE 8611530 tnr292211 CJK name column
8611548,"张卓然,",,,"张卓然,|2016 年全国国际象棋锦标赛（个人乙组）男子组",230769,chess-results-spielersuche,https://s3.chess-results.com/tnr230769.aspx?lan=1&art=9&snr=81,SpielerSuche FIDE 8611548 tnr230769 CJK name column
8611556,"叶佳旭,",,,"叶佳旭,|2019年中国国际象棋乙级联赛",457254,chess-results-spielersuche,https://s3.chess-results.com/tnr457254.aspx?lan=1&art=9&snr=130,SpielerSuche FIDE 8611556 tnr457254 CJK name column
8611572,"徐志行,",,,"徐志行,|""金融创新杯""2023年中国国际象棋甲级联赛总决赛",857849,chess-results-spielersuche,https://s3.chess-results.com/tnr857849.aspx?lan=1&art=9&snr=74,SpielerSuche FIDE 8611572 tnr857849 CJK name column
8611580,"马麟,",,,"马麟,|2013年全国国际象棋锦标赛（个人乙组）男子组",108725,chess-results-spielersuche,https://s3.chess-results.com/tnr108725.aspx?lan=1&art=9&snr=103,SpielerSuche FIDE 8611580 tnr108725 CJK name column
8611840,"宋然,",,,"宋然,|第十五届全国运动会群众比赛国际象棋项目决赛混合团体业余组循环",1245066,chess-results-spielersuche,https://s3.chess-results.com/tnr1245066.aspx?lan=1&art=9&snr=8,SpielerSuche FIDE 8611840 tnr1245066 CJK name column
8611947,"陆肸,",,,"陆肸,|2016“晨阳水漆杯”国际象棋公开赛",219374,chess-results-spielersuche,https://s3.chess-results.com/tnr219374.aspx?lan=1&art=9&snr=55,SpielerSuche FIDE 8611947 tnr219374 CJK name column
8612404,"杨光,",,,"杨光,|2019年中国国际象棋乙级联赛",457254,chess-results-spielersuche,https://s3.chess-results.com/tnr457254.aspx?lan=1&art=9&snr=120,SpielerSuche FIDE 8612404 tnr457254 CJK name column
8612676,"文奕力,",,,"文奕力,|第四届全国智力运动会国际象棋比赛少年女子团体快棋预赛",486112,chess-results-spielersuche,https://s3.chess-results.com/tnr486112.aspx?lan=1&art=9&snr=49,SpielerSuche FIDE 8612676 tnr486112 CJK name column
8612706,"蔡松良,",,,"蔡松良,|2024年中国国际象棋乙级联赛",984568,chess-results-spielersuche,https://s3.chess-results.com/tnr984568.aspx?lan=1&art=9&snr=50,SpielerSuche FIDE 8612706 tnr984568 CJK name column
8612722,"陈虹蓓,",,,"陈虹蓓,|2023 年全国国际象棋锦标赛（个人乙组）女子组",757169,chess-results-spielersuche,https://s3.chess-results.com/tnr757169.aspx?lan=1&art=9&snr=31,SpielerSuche FIDE 8612722 tnr757169 CJK name column
8612765,"陈宜,",,,"陈宜,|第四届全国智力运动会国际象棋比赛大学生团体预赛",486108,chess-results-spielersuche,https://s3.chess-results.com/tnr486108.aspx?lan=1&art=9&snr=33,SpielerSuche FIDE 8612765 tnr486108 CJK name column
8612846,"何泓宇,",,,"何泓宇,|2015年全国国际象棋锦标赛（个人乙组）男子组",180798,chess-results-spielersuche,https://s3.chess-results.com/tnr180798.aspx?lan=1&art=9&snr=96,SpielerSuche FIDE 8612846 tnr180798 CJK name column
8612897,"黄浩彭,",,,"黄浩彭,|2018年全国国际象棋锦标赛（个人乙组）男子",366717,chess-results-spielersuche,https://s3.chess-results.com/tnr366717.aspx?lan=1&art=9&snr=88,SpielerSuche FIDE 8612897 tnr366717 CJK name column
8612927,"蒋沁宇,",,,"蒋沁宇,|2025年中国国际象棋甲级联赛常规赛（第二站）北京专场",1263712,chess-results-spielersuche,https://s3.chess-results.com/tnr1263712.aspx?lan=1&art=9&snr=90,SpielerSuche FIDE 8612927 tnr1263712 CJK name column
8613036,"廖星航,",,,"廖星航,|第四届全国智力运动会国际象棋比赛大学生团体预赛",486108,chess-results-spielersuche,https://s3.chess-results.com/tnr486108.aspx?lan=1&art=9&snr=32,SpielerSuche FIDE 8613036 tnr486108 CJK name column
8613125,龙思羽,,,"龙思羽,|2026年中国国际象棋甲级联赛 百叶龙杯”常规赛第一站长兴专",1443995,chess-results-spielersuche,https://s3.chess-results.com/tnr1443995.aspx?lan=1&art=9&snr=42,SpielerSuche FIDE 8613125 tnr1443995 CJK name column
8613141,"罗梓维,",,,"罗梓维,|2015年全国国际象棋锦标赛（个人乙组）男子组",180798,chess-results-spielersuche,https://s3.chess-results.com/tnr180798.aspx?lan=1&art=9&snr=155,SpielerSuche FIDE 8613141 tnr180798 CJK name column
8613192,"盛钰轩,",,,"盛钰轩,|2018中国国际象棋乙级联赛",365441,chess-results-spielersuche,https://s3.chess-results.com/tnr365441.aspx?lan=1&art=9&snr=8,SpielerSuche FIDE 8613192 tnr365441 CJK name column
8613265,"王弘毅,",,,"王弘毅,|2015年全国国际象棋锦标赛（个人乙组）男子组",180798,chess-results-spielersuche,https://s3.chess-results.com/tnr180798.aspx?lan=1&art=9&snr=65,SpielerSuche FIDE 8613265 tnr180798 CJK name column
8613303,"王仕戌,",,,"王仕戌,|“机器人谷杯”二届中国城市国际象棋联赛复选赛",598618,chess-results-spielersuche,https://s3.chess-results.com/tnr598618.aspx?lan=1&art=9&snr=62,SpielerSuche FIDE 8613303 tnr598618 CJK name column
8613338,"王萧钧皓,",,,"王萧钧皓,|2015年全国国际象棋锦标赛（个人乙组）男子组",180798,chess-results-spielersuche,https://s3.chess-results.com/tnr180798.aspx?lan=1&art=9&snr=152,SpielerSuche FIDE 8613338 tnr180798 CJK name column
8613362,"王梓旭,",,,"王梓旭,|2014年全国国际象棋锦标赛（个人乙组）男子组",142555,chess-results-spielersuche,https://s3.chess-results.com/tnr142555.aspx?lan=1&art=9&snr=45,SpielerSuche FIDE 8613362 tnr142555 CJK name column
8613400,"吴浩闻,",,,"吴浩闻,|2015年全国国际象棋锦标赛（个人乙组）男子组",180798,chess-results-spielersuche,https://s3.chess-results.com/tnr180798.aspx?lan=1&art=9&snr=111,SpielerSuche FIDE 8613400 tnr180798 CJK name column
8613478,"熊依念,",,,"熊依念,|2018年全国国际象棋锦标赛（个人乙组）女子",366721,chess-results-spielersuche,https://s3.chess-results.com/tnr366721.aspx?lan=1&art=9&snr=51,SpielerSuche FIDE 8613478 tnr366721 CJK name column
8613524,"严紫菡,",,,"严紫菡,|2015年全国国际象棋锦标赛（个人乙组）女子组",180799,chess-results-spielersuche,https://s3.chess-results.com/tnr180799.aspx?lan=1&art=9&snr=58,SpielerSuche FIDE 8613524 tnr180799 CJK name column
8613567,"杨文翼,",,,"杨文翼,|2017年全国国际象棋锦标赛（个人乙组）男子组",292211,chess-results-spielersuche,https://s3.chess-results.com/tnr292211.aspx?lan=1&art=9&snr=211,SpielerSuche FIDE 8613567 tnr292211 CJK name column
8613575,"杨颜箐,",,,"杨颜箐,|""瑞贝卡杯“2022 全国国际象棋锦标赛（团体）男子组",729712,chess-results-spielersuche,https://s3.chess-results.com/tnr729712.aspx?lan=1&art=9&snr=13,SpielerSuche FIDE 8613575 tnr729712 CJK name column
8613613,"余沛龙,",,,"余沛龙,|2015年全国国际象棋锦标赛（个人乙组）男子组",180798,chess-results-spielersuche,https://s3.chess-results.com/tnr180798.aspx?lan=1&art=9&snr=97,SpielerSuche FIDE 8613613 tnr180798 CJK name column
8613842,"李海伦,",,,"李海伦,|2015年全国国际象棋锦标赛(团体乙级)",180240,chess-results-spielersuche,https://s3.chess-results.com/tnr180240.aspx?lan=1&art=9&snr=152,SpielerSuche FIDE 8613842 tnr180240 CJK name column
8613869,"刘苏慧,",,,"刘苏慧,|2015年全国国际象棋锦标赛（个人乙组）女子组",180799,chess-results-spielersuche,https://s3.chess-results.com/tnr180799.aspx?lan=1&art=9&snr=51,SpielerSuche FIDE 8613869 tnr180799 CJK name column
8613893,"吴晓欣,",,,"吴晓欣,|2015年全国国际象棋锦标赛(团体乙级)",180240,chess-results-spielersuche,https://s3.chess-results.com/tnr180240.aspx?lan=1&art=9&snr=153,SpielerSuche FIDE 8613893 tnr180240 CJK name column
8613931,"陈俊宏,",,,"陈俊宏,|2018中国国际象棋乙级联赛",365441,chess-results-spielersuche,https://s3.chess-results.com/tnr365441.aspx?lan=1&art=9&snr=191,SpielerSuche FIDE 8613931 tnr365441 CJK name column
8613974,"何毅宸,",,,"何毅宸,|第四届全国智力运动会国际象棋比赛少年混合团体预赛",486109,chess-results-spielersuche,https://s3.chess-results.com/tnr486109.aspx?lan=1&art=9&snr=59,SpielerSuche FIDE 8613974 tnr486109 CJK name column
8614008,"黄政耀,",,,"黄政耀,|2015年全国国际象棋锦标赛（个人乙组）男子组",180798,chess-results-spielersuche,https://s3.chess-results.com/tnr180798.aspx?lan=1&art=9&snr=91,SpielerSuche FIDE 8614008 tnr180798 CJK name column
8614091,"吴宇杭,",,,"吴宇杭,|2015年全国国际象棋锦标赛（个人乙组）男子组",180798,chess-results-spielersuche,https://s3.chess-results.com/tnr180798.aspx?lan=1&art=9&snr=84,SpielerSuche FIDE 8614091 tnr180798 CJK name column
8614180,"陈林铃,",,,"陈林铃,|2015年全国国际象棋锦标赛（个人乙组）女子组",180799,chess-results-spielersuche,https://s3.chess-results.com/tnr180799.aspx?lan=1&art=9&snr=89,SpielerSuche FIDE 8614180 tnr180799 CJK name column
8614270,"王灏,",,,"王灏,|2018年谢侠逊棋王文化高峰论坛暨全国国际象棋快棋公开赛",385014,chess-results-spielersuche,https://s3.chess-results.com/tnr385014.aspx?lan=1&art=9&snr=50,SpielerSuche FIDE 8614270 tnr385014 CJK name column
8614288,张谦益,,,"张谦益,|2024年全国国际象棋锦标赛（个人乙组）男子组",927196,chess-results-spielersuche,https://s3.chess-results.com/tnr927196.aspx?lan=1&art=9&snr=55,SpielerSuche FIDE 8614288 tnr927196 CJK name column
8614296,"万芊,",,,"万芊,|2023年全国国际象棋青少年锦标赛(个人)暨第28届“李成智",798386,chess-results-spielersuche,https://s3.chess-results.com/tnr798386.aspx?lan=1&art=9&snr=4,SpielerSuche FIDE 8614296 tnr798386 CJK name column
8614300,宋宇新,,,"宋宇新,|2026年中国国际象棋甲级联赛 百叶龙杯”常规赛第一站长兴专",1443995,chess-results-spielersuche,https://s3.chess-results.com/tnr1443995.aspx?lan=1&art=9&snr=13,SpielerSuche FIDE 8614300 tnr1443995 CJK name column
8614318,蔡博珩,,,"蔡博珩,|“瑞贝卡杯”2024年第四届中国国际象棋新锐赛",1064087,chess-results-spielersuche,https://s3.chess-results.com/tnr1064087.aspx?lan=1&art=9&snr=14,SpielerSuche FIDE 8614318 tnr1064087 CJK name column
8614334,"白旭辉,",,,"白旭辉,|2016 年全国国际象棋锦标赛（个人乙组）男子组",230769,chess-results-spielersuche,https://s3.chess-results.com/tnr230769.aspx?lan=1&art=9&snr=68,SpielerSuche FIDE 8614334 tnr230769 CJK name column
8614342,"蔡宇豪,",,,"蔡宇豪,|第四届全国智力运动会国际象棋比赛少年男子团体快棋预赛",486111,chess-results-spielersuche,https://s3.chess-results.com/tnr486111.aspx?lan=1&art=9&snr=70,SpielerSuche FIDE 8614342 tnr486111 CJK name column
8614350,"王子登,",,,"王子登,|第四届全国智力运动会国际象棋比赛少年混合团体冠亚军决赛和三四",488487,chess-results-spielersuche,https://s3.chess-results.com/tnr488487.aspx?lan=1&art=9&snr=15,SpielerSuche FIDE 8614350 tnr488487 CJK name column
8614369,"邓天乐,",,,"邓天乐,|2017年全国国际象棋锦标赛（个人乙组）男子组",292211,chess-results-spielersuche,https://s3.chess-results.com/tnr292211.aspx?lan=1&art=9&snr=37,SpielerSuche FIDE 8614369 tnr292211 CJK name column
8614377,"路佳翰,",,,"路佳翰,|2024年内蒙古国际象棋公开赛公开组",931673,chess-results-spielersuche,https://s3.chess-results.com/tnr931673.aspx?lan=1&art=9&snr=2,SpielerSuche FIDE 8614377 tnr931673 CJK name column
8614385,"王梓豪,",,,"王梓豪,|“机器人谷杯”第一届中国城市国际象棋联赛复活赛",542472,chess-results-spielersuche,https://s3.chess-results.com/tnr542472.aspx?lan=1&art=9&snr=73,SpielerSuche FIDE 8614385 tnr542472 CJK name column
8614393,"张祺皓,",,,"张祺皓,|2014年全国国际象棋联赛(乙级团体)",142183,chess-results-spielersuche,https://s3.chess-results.com/tnr142183.aspx?lan=1&art=9&snr=48,SpielerSuche FIDE 8614393 tnr142183 CJK name column
8614423,"刘奕宁,",,,"刘奕宁,|2014年全国国际象棋联赛(乙级团体)",142183,chess-results-spielersuche,https://s3.chess-results.com/tnr142183.aspx?lan=1&art=9&snr=89,SpielerSuche FIDE 8614423 tnr142183 CJK name column
8614466,"徐瑜泽,",,,"徐瑜泽,|2025年中国国际象棋乙级联赛",1229905,chess-results-spielersuche,https://s3.chess-results.com/tnr1229905.aspx?lan=1&art=9&snr=159,SpielerSuche FIDE 8614466 tnr1229905 CJK name column
8614490,"金灏楠,",,,"金灏楠,|2022年全国国际象棋锦标赛（个人乙组）男子组",724039,chess-results-spielersuche,https://s3.chess-results.com/tnr724039.aspx?lan=1&art=9&snr=72,SpielerSuche FIDE 8614490 tnr724039 CJK name column
8614555,"鲁俊成,",,,"鲁俊成,|2018年全国国际象棋锦标赛（个人乙组）男子",366717,chess-results-spielersuche,https://s3.chess-results.com/tnr366717.aspx?lan=1&art=9&snr=61,SpielerSuche FIDE 8614555 tnr366717 CJK name column
8614580,"罗敖杰,",,,"罗敖杰,|2017年全国国际象棋锦标赛（个人乙组）男子组",292211,chess-results-spielersuche,https://s3.chess-results.com/tnr292211.aspx?lan=1&art=9&snr=74,SpielerSuche FIDE 8614580 tnr292211 CJK name column
8614610,"左一帆,",,,"左一帆,|“瑞贝卡杯”2024年第四届中国国际象棋新锐赛",1064087,chess-results-spielersuche,https://s3.chess-results.com/tnr1064087.aspx?lan=1&art=9&snr=19,SpielerSuche FIDE 8614610 tnr1064087 CJK name column
8614644,"栾陈源泰,",,,"栾陈源泰,|2018年全国国际象棋锦标赛（个人乙组）男子",366717,chess-results-spielersuche,https://s3.chess-results.com/tnr366717.aspx?lan=1&art=9&snr=71,SpielerSuche FIDE 8614644 tnr366717 CJK name column
8614679,"钟秭缘,",,,"钟秭缘,|2023年全国国际象棋青少年锦标赛(个人)暨第28届“李成智",798386,chess-results-spielersuche,https://s3.chess-results.com/tnr798386.aspx?lan=1&art=9&snr=19,SpielerSuche FIDE 8614679 tnr798386 CJK name column
8614687,"吴子阳,",,,"吴子阳,|2023年全国国际象棋青少年锦标赛(个人)暨第28届“李成智",798390,chess-results-spielersuche,https://s3.chess-results.com/tnr798390.aspx?lan=1&art=9&snr=23,SpielerSuche FIDE 8614687 tnr798390 CJK name column
8614695,"封懿芸,",,,"封懿芸,|2015年全国国际象棋锦标赛(团体乙级)",180240,chess-results-spielersuche,https://s3.chess-results.com/tnr180240.aspx?lan=1&art=9&snr=141,SpielerSuche FIDE 8614695 tnr180240 CJK name column
8614733,陈琪,,,"陈琪,|2026年中国国际象棋甲级联赛 百叶龙杯”常规赛第一站长兴专",1443995,chess-results-spielersuche,https://s3.chess-results.com/tnr1443995.aspx?lan=1&art=9&snr=63,SpielerSuche FIDE 8614733 tnr1443995 CJK name column
8614750,"宁凯玉,",,,"宁凯玉,|""瑞贝卡杯“2022 全国国际象棋锦标赛（团体）女子组",729716,chess-results-spielersuche,https://s3.chess-results.com/tnr729716.aspx?lan=1&art=9&snr=12,SpielerSuche FIDE 8614750 tnr729716 CJK name column
8614768,"迟皓元,",,,"迟皓元,|2018年全国国际象棋锦标赛（团体）女子组",360560,chess-results-spielersuche,https://s3.chess-results.com/tnr360560.aspx?lan=1&art=9&snr=16,SpielerSuche FIDE 8614768 tnr360560 CJK name column
8614776,孙翌迪,,,"孙翌迪,|2025年中国国际象棋乙级联赛",1229905,chess-results-spielersuche,https://s3.chess-results.com/tnr1229905.aspx?lan=1&art=9&snr=112,SpielerSuche FIDE 8614776 tnr1229905 CJK name column
8614822,"史锦润,",,,"史锦润,|2016 年全国国际象棋锦标赛（个人乙组）男子组",230769,chess-results-spielersuche,https://s3.chess-results.com/tnr230769.aspx?lan=1&art=9&snr=153,SpielerSuche FIDE 8614822 tnr230769 CJK name column
8614830,"邱翰文,",,,"邱翰文,|2017年白雪杯国际象棋公开赛",277401,chess-results-spielersuche,https://s3.chess-results.com/tnr277401.aspx?lan=1&art=9&snr=40,SpielerSuche FIDE 8614830 tnr277401 CJK name column
8614857,"蔡韵洁,",,,"蔡韵洁,|2016年全国国际象棋乙级联赛",230079,chess-results-spielersuche,https://s3.chess-results.com/tnr230079.aspx?lan=1&art=9&snr=128,SpielerSuche FIDE 8614857 tnr230079 CJK name column
8614903,"范蘅仪,",,,"范蘅仪,|第四届全国智力运动会国际象棋比赛少年混合团体预赛",486109,chess-results-spielersuche,https://s3.chess-results.com/tnr486109.aspx?lan=1&art=9&snr=61,SpielerSuche FIDE 8614903 tnr486109 CJK name column
8614911,"冯萱,",,,"冯萱,|2019年全国国际象棋锦标赛（个人乙组）男子个人",453632,chess-results-spielersuche,https://s3.chess-results.com/tnr453632.aspx?lan=1&art=9&snr=62,SpielerSuche FIDE 8614911 tnr453632 CJK name column
8614938,"高立波,",,,"高立波,|2015年全国国际象棋锦标赛（个人乙组）男子组",180798,chess-results-spielersuche,https://s3.chess-results.com/tnr180798.aspx?lan=1&art=9&snr=54,SpielerSuche FIDE 8614938 tnr180798 CJK name column
8614954,顾嘉祯,,,"顾嘉祯,|2025年中国国际象棋乙级联赛",1229905,chess-results-spielersuche,https://s3.chess-results.com/tnr1229905.aspx?lan=1&art=9&snr=19,SpielerSuche FIDE 8614954 tnr1229905 CJK name column
8614962,test赛,,"Guo, Yuhan",test赛,672620,chess-results-spielersuche,https://s3.chess-results.com/tnr672620.aspx?lan=1&art=9&snr=5,SpielerSuche FIDE 8614962 tnr672620 CJK name column
8614970,"何怡璇,",,,"何怡璇,|2024年全国国际象棋锦标赛（个人乙组）女子组",927195,chess-results-spielersuche,https://s3.chess-results.com/tnr927195.aspx?lan=1&art=9&snr=20,SpielerSuche FIDE 8614970 tnr927195 CJK name column
8614997,"李乐薇,",,,"李乐薇,|第四届全国智力运动会国际象棋比赛少年混合团体冠亚军决赛和三四",488487,chess-results-spielersuche,https://s3.chess-results.com/tnr488487.aspx?lan=1&art=9&snr=3,SpielerSuche FIDE 8614997 tnr488487 CJK name column
8615012,"梁雅琪,",,,"梁雅琪,|2018中国国际象棋乙级联赛",365441,chess-results-spielersuche,https://s3.chess-results.com/tnr365441.aspx?lan=1&art=9&snr=12,SpielerSuche FIDE 8615012 tnr365441 CJK name column
8615020,"梁正邦,",,,"梁正邦,|2015年全国国际象棋锦标赛（个人乙组）男子组",180798,chess-results-spielersuche,https://s3.chess-results.com/tnr180798.aspx?lan=1&art=9&snr=79,SpielerSuche FIDE 8615020 tnr180798 CJK name column
8615039,"廖家培,",,,"廖家培,|2018中国国际象棋乙级联赛",365441,chess-results-spielersuche,https://s3.chess-results.com/tnr365441.aspx?lan=1&art=9&snr=203,SpielerSuche FIDE 8615039 tnr365441 CJK name column
8615055,"刘又银,",,,"刘又银,|2024年中国国际象棋乙级联赛",984568,chess-results-spielersuche,https://s3.chess-results.com/tnr984568.aspx?lan=1&art=9&snr=53,SpielerSuche FIDE 8615055 tnr984568 CJK name column
8615071,"吕昕彤,",,,"吕昕彤,|2017年全国国际象棋锦标赛（个人乙组）女子组",292210,chess-results-spielersuche,https://s3.chess-results.com/tnr292210.aspx?lan=1&art=9&snr=23,SpielerSuche FIDE 8615071 tnr292210 CJK name column
8615101,"钱蕴春,",,,"钱蕴春,|2025年中国国际象棋乙级联赛",1229905,chess-results-spielersuche,https://s3.chess-results.com/tnr1229905.aspx?lan=1&art=9&snr=141,SpielerSuche FIDE 8615101 tnr1229905 CJK name column
8615110,"石辰昊,",,,"石辰昊,|2015年全国国际象棋锦标赛（个人乙组）男子组",180798,chess-results-spielersuche,https://s3.chess-results.com/tnr180798.aspx?lan=1&art=9&snr=56,SpielerSuche FIDE 8615110 tnr180798 CJK name column
8615128,"史乐琴,",,,"史乐琴,|2015年全国国际象棋锦标赛（个人乙组）女子组",180799,chess-results-spielersuche,https://s3.chess-results.com/tnr180799.aspx?lan=1&art=9&snr=31,SpielerSuche FIDE 8615128 tnr180799 CJK name column
8615152,"王忻圆,",,,"王忻圆,|2019年全国国际象棋锦标赛（个人乙组）男子个人",453632,chess-results-spielersuche,https://s3.chess-results.com/tnr453632.aspx?lan=1&art=9&snr=20,SpielerSuche FIDE 8615152 tnr453632 CJK name column
8615160,"王寅龙,",,,"王寅龙,|2018中国国际象棋乙级联赛",365441,chess-results-spielersuche,https://s3.chess-results.com/tnr365441.aspx?lan=1&art=9&snr=170,SpielerSuche FIDE 8615160 tnr365441 CJK name column
8615195,"温作凯,",,,"温作凯,|2016 年全国国际象棋锦标赛（个人乙组）男子组",230769,chess-results-spielersuche,https://s3.chess-results.com/tnr230769.aspx?lan=1&art=9&snr=32,SpielerSuche FIDE 8615195 tnr230769 CJK name column
8615209,"吴凯涛,",,,"吴凯涛,|2024年全国国际象棋锦标赛(团体)男子组",917611,chess-results-spielersuche,https://s3.chess-results.com/tnr917611.aspx?lan=1&art=9&snr=36,SpielerSuche FIDE 8615209 tnr917611 CJK name column
8615217,"谢苏婉,",,,"谢苏婉,|2016年全国国际象棋乙级联赛",230079,chess-results-spielersuche,https://s3.chess-results.com/tnr230079.aspx?lan=1&art=9&snr=46,SpielerSuche FIDE 8615217 tnr230079 CJK name column
8615225,"谢李贝蕾,",,,"谢李贝蕾,|2023年全国国际象棋青少年锦标赛(个人)暨第28届“李成智",798386,chess-results-spielersuche,https://s3.chess-results.com/tnr798386.aspx?lan=1&art=9&snr=9,SpielerSuche FIDE 8615225 tnr798386 CJK name column
8615250,颜天琪,,,"颜天琪,|2026年中国国际象棋甲级联赛 百叶龙杯”常规赛第一站长兴专",1443995,chess-results-spielersuche,https://s3.chess-results.com/tnr1443995.aspx?lan=1&art=9&snr=5,SpielerSuche FIDE 8615250 tnr1443995 CJK name column
8615284,"张鑫紫,",,,"张鑫紫,|第十五届全国运动会群众比赛国际象棋项目决赛混合团体业余组循环",1245066,chess-results-spielersuche,https://s3.chess-results.com/tnr1245066.aspx?lan=1&art=9&snr=6,SpielerSuche FIDE 8615284 tnr1245066 CJK name column
8615306,"郑心尔,",,,"郑心尔,|2025年全国国际象棋锦标赛（团体）女子组",1163657,chess-results-spielersuche,https://s3.chess-results.com/tnr1163657.aspx?lan=1&art=9&snr=26,SpielerSuche FIDE 8615306 tnr1163657 CJK name column
8615322,周婧怡,,,"周婧怡,|2024年中国国际象棋乙级联赛",984568,chess-results-spielersuche,https://s3.chess-results.com/tnr984568.aspx?lan=1&art=9&snr=54,SpielerSuche FIDE 8615322 tnr984568 CJK name column
8615330,"周骏丰,",,,"周骏丰,|2016年全国国际象棋锦标赛（团体）男子组",231990,chess-results-spielersuche,https://s3.chess-results.com/tnr231990.aspx?lan=1&art=9&snr=29,SpielerSuche FIDE 8615330 tnr231990 CJK name column
8615365,"陈俊兴,",,,"陈俊兴,|2025年中国国际象棋乙级联赛",1229905,chess-results-spielersuche,https://s3.chess-results.com/tnr1229905.aspx?lan=1&art=9&snr=28,SpielerSuche FIDE 8615365 tnr1229905 CJK name column
8615373,"池弋,",,,"池弋,|2017年白雪杯国际象棋公开赛",277401,chess-results-spielersuche,https://s3.chess-results.com/tnr277401.aspx?lan=1&art=9&snr=12,SpielerSuche FIDE 8615373 tnr277401 CJK name column
8615411,"高林昊,",,,"高林昊,|2025年全国国际象棋成人业余棋王挑战赛总决赛",1303568,chess-results-spielersuche,https://s3.chess-results.com/tnr1303568.aspx?lan=1&art=9&snr=7,SpielerSuche FIDE 8615411 tnr1303568 CJK name column
8615420,"韩珺阳,",,,"韩珺阳,|2023年中国国际象棋乙级联赛",754014,chess-results-spielersuche,https://s3.chess-results.com/tnr754014.aspx?lan=1&art=9&snr=8,SpielerSuche FIDE 8615420 tnr754014 CJK name column
8615446,"胡志恒,",,,"胡志恒,|2018年全国国际象棋锦标赛（个人乙组）男子",366717,chess-results-spielersuche,https://s3.chess-results.com/tnr366717.aspx?lan=1&art=9&snr=44,SpielerSuche FIDE 8615446 tnr366717 CJK name column
8615454,"江之晗,",,,"江之晗,|2019年全国国际象棋锦标赛（个人乙组）男子个人",453632,chess-results-spielersuche,https://s3.chess-results.com/tnr453632.aspx?lan=1&art=9&snr=45,SpielerSuche FIDE 8615454 tnr453632 CJK name column
8615470,"林京忠,",,,"林京忠,|2015年全国国际象棋锦标赛（个人乙组）男子组",180798,chess-results-spielersuche,https://s3.chess-results.com/tnr180798.aspx?lan=1&art=9&snr=140,SpielerSuche FIDE 8615470 tnr180798 CJK name column
8615543,"朱唯伊,",,,"朱唯伊,|2015年全国国际象棋锦标赛（个人乙组）女子组",180799,chess-results-spielersuche,https://s3.chess-results.com/tnr180799.aspx?lan=1&art=9&snr=69,SpielerSuche FIDE 8615543 tnr180799 CJK name column
8615551,"赵雨轩,",,,"赵雨轩,|第四届全国智力运动会国际象棋比赛女子团体快棋预赛",486110,chess-results-spielersuche,https://s3.chess-results.com/tnr486110.aspx?lan=1&art=9&snr=9,SpielerSuche FIDE 8615551 tnr486110 CJK name column
8615560,"徐夕捷,",,,"徐夕捷,|2019年中国国际象棋乙级联赛",457254,chess-results-spielersuche,https://s3.chess-results.com/tnr457254.aspx?lan=1&art=9&snr=39,SpielerSuche FIDE 8615560 tnr457254 CJK name column
8615586,"陈月坤,",,,"陈月坤,|2016 年全国国际象棋锦标赛（个人乙组）女子组",230764,chess-results-spielersuche,https://s3.chess-results.com/tnr230764.aspx?lan=1&art=9&snr=47,SpielerSuche FIDE 8615586 tnr230764 CJK name column
8615616,"王一帆,",,,"王一帆,|2019年全国国际象棋锦标赛（个人乙组）男子个人",453632,chess-results-spielersuche,https://s3.chess-results.com/tnr453632.aspx?lan=1&art=9&snr=72,SpielerSuche FIDE 8615616 tnr453632 CJK name column
8615624,"杨子程,",,,"杨子程,|2019年全国国际象棋锦标赛（个人乙组）男子个人",453632,chess-results-spielersuche,https://s3.chess-results.com/tnr453632.aspx?lan=1&art=9&snr=93,SpielerSuche FIDE 8615624 tnr453632 CJK name column
8615632,"王心竹,",,,"王心竹,|2017年全国国际象棋锦标赛（个人乙组）女子组",292210,chess-results-spielersuche,https://s3.chess-results.com/tnr292210.aspx?lan=1&art=9&snr=33,SpielerSuche FIDE 8615632 tnr292210 CJK name column
8615675,"安燕龙,",,,"安燕龙,|2021年全国国际象棋锦标赛（团体）男子组",585262,chess-results-spielersuche,https://s3.chess-results.com/tnr585262.aspx?lan=1&art=9&snr=47,SpielerSuche FIDE 8615675 tnr585262 CJK name column
8615748,"师淑华,",,,"师淑华,|第十五届全国运动会群众比赛国际象棋项目预赛女子个人业余组",1184157,chess-results-spielersuche,https://s3.chess-results.com/tnr1184157.aspx?lan=1&art=9&snr=10,SpielerSuche FIDE 8615748 tnr1184157 CJK name column
8616094,"王青伟,",,,"王青伟,|2024年中国国际象棋乙级联赛",984568,chess-results-spielersuche,https://s3.chess-results.com/tnr984568.aspx?lan=1&art=9&snr=63,SpielerSuche FIDE 8616094 tnr984568 CJK name column
8616299,"李亿豪,",,,"李亿豪,|机器人谷杯第一届中国城市国际象棋联赛1/4决赛",542841,chess-results-spielersuche,https://s3.chess-results.com/tnr542841.aspx?lan=1&art=9&snr=60,SpielerSuche FIDE 8616299 tnr542841 CJK name column
8616329,"陈欣玥,",,,"陈欣玥,|2015年全国国际象棋锦标赛(团体乙级)",180240,chess-results-spielersuche,https://s3.chess-results.com/tnr180240.aspx?lan=1&art=9&snr=131,SpielerSuche FIDE 8616329 tnr180240 CJK name column
8616337,冯晨,,,"冯晨,|2024年全国国际象棋青少年锦标赛（个人）暨第29 届""李成",892941,chess-results-spielersuche,https://s3.chess-results.com/tnr892941.aspx?lan=1&art=9&snr=16,SpielerSuche FIDE 8616337 tnr892941 CJK name column
8616400,"谢铖浚,",,,"谢铖浚,|2017年全国国际象棋锦标赛（个人乙组）男子组",292211,chess-results-spielersuche,https://s3.chess-results.com/tnr292211.aspx?lan=1&art=9&snr=204,SpielerSuche FIDE 8616400 tnr292211 CJK name column
8616418,"张齐钰,",,,"张齐钰,|2019年全国国际象棋锦标赛（个人乙组）男子个人",453632,chess-results-spielersuche,https://s3.chess-results.com/tnr453632.aspx?lan=1&art=9&snr=81,SpielerSuche FIDE 8616418 tnr453632 CJK name column
8616426,"陈籽杭,",,,"陈籽杭,|2023年全国国际象棋青少年锦标赛(个人)暨第28届“李成智",798389,chess-results-spielersuche,https://s3.chess-results.com/tnr798389.aspx?lan=1&art=9&snr=23,SpielerSuche FIDE 8616426 tnr798389 CJK name column
8616450,吴皓,,,"吴皓,|2024全国国际象棋青少年锦标赛（个人）暨第29届“李成智杯",892909,chess-results-spielersuche,https://s3.chess-results.com/tnr892909.aspx?lan=1&art=9&snr=7,SpielerSuche FIDE 8616450 tnr892909 CJK name column
8616469,"杨博凯,",,,"杨博凯,|2023年全国国际象棋青少年锦标赛(个人)暨第28届“李成智",798390,chess-results-spielersuche,https://s3.chess-results.com/tnr798390.aspx?lan=1&art=9&snr=15,SpielerSuche FIDE 8616469 tnr798390 CJK name column
8616477,"刘楚鸣,",,,"刘楚鸣,|2023年全国国际象棋青少年锦标赛(个人)暨第28届“李成智",798390,chess-results-spielersuche,https://s3.chess-results.com/tnr798390.aspx?lan=1&art=9&snr=26,SpielerSuche FIDE 8616477 tnr798390 CJK name column
8616493,张富涵,,,"张富涵,|2025年全国国际象棋公开赛（聊城站）",1200704,chess-results-spielersuche,https://s3.chess-results.com/tnr1200704.aspx?lan=1&art=9&snr=14,SpielerSuche FIDE 8616493 tnr1200704 CJK name column
8616574,"侯蕴琦,",,,"侯蕴琦,|“映美杯”2015年中国国际象棋甲级联赛",165078,chess-results-spielersuche,https://s3.chess-results.com/tnr165078.aspx?lan=1&art=9&snr=13,SpielerSuche FIDE 8616574 tnr165078 CJK name column
8616590,张帝,,,"张帝,|2026年中国国际象棋甲级联赛 百叶龙杯”常规赛第一站长兴专",1443995,chess-results-spielersuche,https://s3.chess-results.com/tnr1443995.aspx?lan=1&art=9&snr=57,SpielerSuche FIDE 8616590 tnr1443995 CJK name column
8616779,"白长林,",,,"白长林,|2025年全国国际象棋成人业余棋王挑战赛总决赛",1303568,chess-results-spielersuche,https://s3.chess-results.com/tnr1303568.aspx?lan=1&art=9&snr=18,SpielerSuche FIDE 8616779 tnr1303568 CJK name column
8616787,"韦雅卿,",,,"韦雅卿,|第四届全国智力运动会国际象棋比赛少年女子团体快棋预赛",486112,chess-results-spielersuche,https://s3.chess-results.com/tnr486112.aspx?lan=1&art=9&snr=63,SpielerSuche FIDE 8616787 tnr486112 CJK name column
8616850,"黄邦博,",,,"黄邦博,|2023年全国国际象棋青少年锦标赛(个人)暨第28届“李成智",798390,chess-results-spielersuche,https://s3.chess-results.com/tnr798390.aspx?lan=1&art=9&snr=14,SpielerSuche FIDE 8616850 tnr798390 CJK name column
8616868,金悦恒,,,"金悦恒,|2025年中国国际象棋甲级联赛常规赛（第二站）北京专场",1263712,chess-results-spielersuche,https://s3.chess-results.com/tnr1263712.aspx?lan=1&art=9&snr=10,SpielerSuche FIDE 8616868 tnr1263712 CJK name column
8616876,"王乐知,",,,"王乐知,|第十五届全国运动会群众比赛国际象棋项目预赛女子个人公开组",1184156,chess-results-spielersuche,https://s3.chess-results.com/tnr1184156.aspx?lan=1&art=9&snr=16,SpielerSuche FIDE 8616876 tnr1184156 CJK name column
8616892,"蔡扬,",,,"蔡扬,|第四届全国智力运动会国际象棋比赛少年混合团体预赛",486109,chess-results-spielersuche,https://s3.chess-results.com/tnr486109.aspx?lan=1&art=9&snr=25,SpielerSuche FIDE 8616892 tnr486109 CJK name column
8616906,"王俊,",,,"王俊,|第四届全国智力运动会国际象棋比赛大学生团体预赛",486108,chess-results-spielersuche,https://s3.chess-results.com/tnr486108.aspx?lan=1&art=9&snr=36,SpielerSuche FIDE 8616906 tnr486108 CJK name column
8616914,"王翟,",,,"王翟,|2019年全国国际象棋锦标赛（个人乙组）男子个人",453632,chess-results-spielersuche,https://s3.chess-results.com/tnr453632.aspx?lan=1&art=9&snr=90,SpielerSuche FIDE 8616914 tnr453632 CJK name column
8616922,"吴屹伟,",,,"吴屹伟,|2015年全国国际象棋锦标赛（个人乙组）男子组",180798,chess-results-spielersuche,https://s3.chess-results.com/tnr180798.aspx?lan=1&art=9&snr=110,SpielerSuche FIDE 8616922 tnr180798 CJK name column
8616930,"蔡悠扬,",,,"蔡悠扬,",1451862,chess-results-spielersuche,https://s3.chess-results.com/tnr1451862.aspx?lan=1&art=9&snr=30,SpielerSuche FIDE 8616930 tnr1451862 CJK name column
8616949,"周菡瑀,",,,"周菡瑀,|2015年全国国际象棋锦标赛（个人乙组）女子组",180799,chess-results-spielersuche,https://s3.chess-results.com/tnr180799.aspx?lan=1&art=9&snr=63,SpielerSuche FIDE 8616949 tnr180799 CJK name column
8616957,"陈怡婷,",,,"陈怡婷,|2015年全国国际象棋锦标赛（个人乙组）女子组",180799,chess-results-spielersuche,https://s3.chess-results.com/tnr180799.aspx?lan=1&art=9&snr=87,SpielerSuche FIDE 8616957 tnr180799 CJK name column
8616965,"吴宇轩,",,,"吴宇轩,|2015年全国国际象棋锦标赛（个人乙组）男子组",180798,chess-results-spielersuche,https://s3.chess-results.com/tnr180798.aspx?lan=1&art=9&snr=109,SpielerSuche FIDE 8616965 tnr180798 CJK name column
8616973,"陈俊良,",,,"陈俊良,|2015年全国国际象棋锦标赛（个人乙组）男子组",180798,chess-results-spielersuche,https://s3.chess-results.com/tnr180798.aspx?lan=1&art=9&snr=170,SpielerSuche FIDE 8616973 tnr180798 CJK name column
8616981,"蔡恒毅,",,,"蔡恒毅,|2015年全国国际象棋锦标赛（个人乙组）男子组",180798,chess-results-spielersuche,https://s3.chess-results.com/tnr180798.aspx?lan=1&art=9&snr=158,SpielerSuche FIDE 8616981 tnr180798 CJK name column
8616990,"林兆辰,",,,"林兆辰,|第十五届全国运动会群众比赛国际象棋项目预赛男子个人业余组",1184155,chess-results-spielersuche,https://s3.chess-results.com/tnr1184155.aspx?lan=1&art=9&snr=5,SpielerSuche FIDE 8616990 tnr1184155 CJK name column
8617007,"崔韬,",,,"崔韬,|2018年全国国际象棋锦标赛（个人乙组）男子",366717,chess-results-spielersuche,https://s3.chess-results.com/tnr366717.aspx?lan=1&art=9&snr=66,SpielerSuche FIDE 8617007 tnr366717 CJK name column
8617015,"王博元,",,,"王博元,|2022年全国国际象棋锦标赛（个人乙组）男子组",724039,chess-results-spielersuche,https://s3.chess-results.com/tnr724039.aspx?lan=1&art=9&snr=43,SpielerSuche FIDE 8617015 tnr724039 CJK name column
8617023,"咸赫,",,,"咸赫,|2015年全国国际象棋锦标赛（个人乙组）女子组",180799,chess-results-spielersuche,https://s3.chess-results.com/tnr180799.aspx?lan=1&art=9&snr=64,SpielerSuche FIDE 8617023 tnr180799 CJK name column
8617031,"杜怡,",,,"杜怡,|第四届全国智力运动会国际象棋比赛少年女子团体快棋冠亚军决赛和",490255,chess-results-spielersuche,https://s3.chess-results.com/tnr490255.aspx?lan=1&art=9&snr=3,SpielerSuche FIDE 8617031 tnr490255 CJK name column
8617040,"慕文瀚,",,,"慕文瀚,|2017年全国国际象棋锦标赛（个人乙组）男子组",292211,chess-results-spielersuche,https://s3.chess-results.com/tnr292211.aspx?lan=1&art=9&snr=101,SpielerSuche FIDE 8617040 tnr292211 CJK name column
8617058,"姚建州,",,,"姚建州,|2015年全国国际象棋锦标赛（个人乙组）男子组",180798,chess-results-spielersuche,https://s3.chess-results.com/tnr180798.aspx?lan=1&art=9&snr=113,SpielerSuche FIDE 8617058 tnr180798 CJK name column
8617066,周姝君,,,"周姝君,|2024年全国国际象棋青少年锦标赛（个人）暨第29 届""李成",892941,chess-results-spielersuche,https://s3.chess-results.com/tnr892941.aspx?lan=1&art=9&snr=3,SpielerSuche FIDE 8617066 tnr892941 CJK name column
8617074,"文思敏,",,,"文思敏,|2015年全国国际象棋锦标赛(团体乙级)",180240,chess-results-spielersuche,https://s3.chess-results.com/tnr180240.aspx?lan=1&art=9&snr=61,SpielerSuche FIDE 8617074 tnr180240 CJK name column
8617082,"张晓欣,",,,"张晓欣,|2015年全国国际象棋锦标赛(团体乙级)",180240,chess-results-spielersuche,https://s3.chess-results.com/tnr180240.aspx?lan=1&art=9&snr=62,SpielerSuche FIDE 8617082 tnr180240 CJK name column
8617090,"邝洛谊,",,,"邝洛谊,|2015年全国国际象棋锦标赛（个人乙组）女子组",180799,chess-results-spielersuche,https://s3.chess-results.com/tnr180799.aspx?lan=1&art=9&snr=83,SpielerSuche FIDE 8617090 tnr180799 CJK name column
8617104,"程艾林壮,",,,"程艾林壮,|2015年全国国际象棋锦标赛（个人乙组）男子组",180798,chess-results-spielersuche,https://s3.chess-results.com/tnr180798.aspx?lan=1&art=9&snr=153,SpielerSuche FIDE 8617104 tnr180798 CJK name column
8617112,"马渝洲,",,,"马渝洲,|2015年全国国际象棋锦标赛（个人乙组）女子组",180799,chess-results-spielersuche,https://s3.chess-results.com/tnr180799.aspx?lan=1&art=9&snr=93,SpielerSuche FIDE 8617112 tnr180799 CJK name column
8617120,哈易含,,,"哈易含,|2025年中国国际象棋甲级联赛常规赛（第二站）北京专场",1263712,chess-results-spielersuche,https://s3.chess-results.com/tnr1263712.aspx?lan=1&art=9&snr=14,SpielerSuche FIDE 8617120 tnr1263712 CJK name column
8617139,"牟宸琛,",,,"牟宸琛,|2018年全国国际象棋锦标赛（个人乙组）女子",366721,chess-results-spielersuche,https://s3.chess-results.com/tnr366721.aspx?lan=1&art=9&snr=43,SpielerSuche FIDE 8617139 tnr366721 CJK name column
8617147,"王天润,",,,"王天润,|2015年全国国际象棋锦标赛（个人乙组）男子组",180798,chess-results-spielersuche,https://s3.chess-results.com/tnr180798.aspx?lan=1&art=9&snr=150,SpielerSuche FIDE 8617147 tnr180798 CJK name column
8617155,"蒲雨晨,",,,"蒲雨晨,|2015年全国国际象棋锦标赛（个人乙组）女子组",180799,chess-results-spielersuche,https://s3.chess-results.com/tnr180799.aspx?lan=1&art=9&snr=80,SpielerSuche FIDE 8617155 tnr180799 CJK name column
8617163,"文世宏,",,,"文世宏,|2015年全国国际象棋锦标赛（个人乙组）男子组",180798,chess-results-spielersuche,https://s3.chess-results.com/tnr180798.aspx?lan=1&art=9&snr=127,SpielerSuche FIDE 8617163 tnr180798 CJK name column
8617171,刘一逸,,,"刘一逸,|2025年全国国际象棋棋协大师赛（绍兴站）棋协大师组",1214030,chess-results-spielersuche,https://s3.chess-results.com/tnr1214030.aspx?lan=1&art=9&snr=9,SpielerSuche FIDE 8617171 tnr1214030 CJK name column
8617180,"陈永韬,",,,"陈永韬,|2015年全国国际象棋锦标赛（个人乙组）男子组",180798,chess-results-spielersuche,https://s3.chess-results.com/tnr180798.aspx?lan=1&art=9&snr=172,SpielerSuche FIDE 8617180 tnr180798 CJK name column
8617198,"杜俊峰,",,,"杜俊峰,|2015年全国国际象棋锦标赛(团体乙级)",180240,chess-results-spielersuche,https://s3.chess-results.com/tnr180240.aspx?lan=1&art=9&snr=139,SpielerSuche FIDE 8617198 tnr180240 CJK name column
8617201,"傅居泰,",,,"傅居泰,|2015年全国国际象棋锦标赛(团体乙级)",180240,chess-results-spielersuche,https://s3.chess-results.com/tnr180240.aspx?lan=1&art=9&snr=146,SpielerSuche FIDE 8617201 tnr180240 CJK name column
8617210,"黄滢霏,",,,"黄滢霏,|2015年全国国际象棋锦标赛(团体乙级)",180240,chess-results-spielersuche,https://s3.chess-results.com/tnr180240.aspx?lan=1&art=9&snr=162,SpielerSuche FIDE 8617210 tnr180240 CJK name column
8617244,"李彦瑶,",,,"李彦瑶,|2015年全国国际象棋锦标赛(团体乙级)",180240,chess-results-spielersuche,https://s3.chess-results.com/tnr180240.aspx?lan=1&art=9&snr=158,SpielerSuche FIDE 8617244 tnr180240 CJK name column
8617252,"刘若语,",,,"刘若语,|2015年全国国际象棋锦标赛(团体乙级)",180240,chess-results-spielersuche,https://s3.chess-results.com/tnr180240.aspx?lan=1&art=9&snr=140,SpielerSuche FIDE 8617252 tnr180240 CJK name column
8617260,"谢同德,",,,"谢同德,|2015年全国国际象棋锦标赛（个人乙组）男子组",180798,chess-results-spielersuche,https://s3.chess-results.com/tnr180798.aspx?lan=1&art=9&snr=160,SpielerSuche FIDE 8617260 tnr180798 CJK name column
8617279,"谢同心,",,,"谢同心,|2015年全国国际象棋锦标赛（个人乙组）男子组",180798,chess-results-spielersuche,https://s3.chess-results.com/tnr180798.aspx?lan=1&art=9&snr=161,SpielerSuche FIDE 8617279 tnr180798 CJK name column
8617287,"徐宸彬,",,,"徐宸彬,|2015年全国国际象棋锦标赛(团体乙级)",180240,chess-results-spielersuche,https://s3.chess-results.com/tnr180240.aspx?lan=1&art=9&snr=138,SpielerSuche FIDE 8617287 tnr180240 CJK name column
8617295,"赵业勤,",,,"赵业勤,|2015年全国国际象棋锦标赛（个人乙组）男子组",180798,chess-results-spielersuche,https://s3.chess-results.com/tnr180798.aspx?lan=1&art=9&snr=162,SpielerSuche FIDE 8617295 tnr180798 CJK name column
8617309,"刘一士,",,,"刘一士,|2018年全国国际象棋锦标赛（个人乙组）男子",366717,chess-results-spielersuche,https://s3.chess-results.com/tnr366717.aspx?lan=1&art=9&snr=68,SpielerSuche FIDE 8617309 tnr366717 CJK name column
8617317,高铭泽,,,"高铭泽,|2024全国国际象棋青少年锦标赛（个人）暨第29届“李成智杯",892909,chess-results-spielersuche,https://s3.chess-results.com/tnr892909.aspx?lan=1&art=9&snr=4,SpielerSuche FIDE 8617317 tnr892909 CJK name column
8617325,"杨奕非,",,,"杨奕非,|2018年全国国际象棋锦标赛（个人乙组）男子",366717,chess-results-spielersuche,https://s3.chess-results.com/tnr366717.aspx?lan=1&art=9&snr=84,SpielerSuche FIDE 8617325 tnr366717 CJK name column
8617333,"杨奕凡,",,,"杨奕凡,|2018年全国国际象棋锦标赛（个人乙组）男子",366717,chess-results-spielersuche,https://s3.chess-results.com/tnr366717.aspx?lan=1&art=9&snr=96,SpielerSuche FIDE 8617333 tnr366717 CJK name column
8617341,"曹籽楠,",,,"曹籽楠,|2015年全国国际象棋锦标赛（个人乙组）男子组",180798,chess-results-spielersuche,https://s3.chess-results.com/tnr180798.aspx?lan=1&art=9&snr=128,SpielerSuche FIDE 8617341 tnr180798 CJK name column
8617350,"张若水,",,,"张若水,|2019年中国国际象棋乙级联赛",457254,chess-results-spielersuche,https://s3.chess-results.com/tnr457254.aspx?lan=1&art=9&snr=139,SpielerSuche FIDE 8617350 tnr457254 CJK name column
8617368,"曾晨旭,",,,"曾晨旭,|2015年全国国际象棋锦标赛（个人乙组）男子组",180798,chess-results-spielersuche,https://s3.chess-results.com/tnr180798.aspx?lan=1&art=9&snr=130,SpielerSuche FIDE 8617368 tnr180798 CJK name column
8617376,"曾晨皓,",,,"曾晨皓,|2015年全国国际象棋锦标赛（个人乙组）男子组",180798,chess-results-spielersuche,https://s3.chess-results.com/tnr180798.aspx?lan=1&art=9&snr=131,SpielerSuche FIDE 8617376 tnr180798 CJK name column
8617384,"李浚哲,",,,"李浚哲,|2015年全国国际象棋锦标赛（个人乙组）男子组",180798,chess-results-spielersuche,https://s3.chess-results.com/tnr180798.aspx?lan=1&art=9&snr=135,SpielerSuche FIDE 8617384 tnr180798 CJK name column
8617392,"郭真宇,",,,"郭真宇,|2015年全国国际象棋锦标赛（个人乙组）男子组",180798,chess-results-spielersuche,https://s3.chess-results.com/tnr180798.aspx?lan=1&art=9&snr=166,SpielerSuche FIDE 8617392 tnr180798 CJK name column
8617406,"孙鹏程,",,,"孙鹏程,|2015年全国国际象棋锦标赛（个人乙组）男子组",180798,chess-results-spielersuche,https://s3.chess-results.com/tnr180798.aspx?lan=1&art=9&snr=117,SpielerSuche FIDE 8617406 tnr180798 CJK name column
8617414,"殷睿贤,",,,"殷睿贤,|2015年全国国际象棋锦标赛（个人乙组）男子组",180798,chess-results-spielersuche,https://s3.chess-results.com/tnr180798.aspx?lan=1&art=9&snr=144,SpielerSuche FIDE 8617414 tnr180798 CJK name column
8617422,"唐其印,",,,"唐其印,|2015年全国国际象棋锦标赛（个人乙组）男子组",180798,chess-results-spielersuche,https://s3.chess-results.com/tnr180798.aspx?lan=1&art=9&snr=112,SpielerSuche FIDE 8617422 tnr180798 CJK name column
8617430,"严禹博,",,,"严禹博,|2015年全国国际象棋锦标赛（个人乙组）男子组",180798,chess-results-spielersuche,https://s3.chess-results.com/tnr180798.aspx?lan=1&art=9&snr=92,SpielerSuche FIDE 8617430 tnr180798 CJK name column
8617449,"李安正,",,,"李安正,|2015年全国国际象棋锦标赛（个人乙组）男子组",180798,chess-results-spielersuche,https://s3.chess-results.com/tnr180798.aspx?lan=1&art=9&snr=133,SpielerSuche FIDE 8617449 tnr180798 CJK name column
8617457,"李林瀚,",,,"李林瀚,|2015年全国国际象棋锦标赛（个人乙组）男子组",180798,chess-results-spielersuche,https://s3.chess-results.com/tnr180798.aspx?lan=1&art=9&snr=134,SpielerSuche FIDE 8617457 tnr180798 CJK name column
8617465,"陈思远,",,,"陈思远,|2015年全国国际象棋锦标赛（个人乙组）男子组",180798,chess-results-spielersuche,https://s3.chess-results.com/tnr180798.aspx?lan=1&art=9&snr=171,SpielerSuche FIDE 8617465 tnr180798 CJK name column
8617473,"魏博洋,",,,"魏博洋,|2025年全国国际象棋公开赛（苏州站）",1250403,chess-results-spielersuche,https://s3.chess-results.com/tnr1250403.aspx?lan=1&art=9&snr=32,SpielerSuche FIDE 8617473 tnr1250403 CJK name column
8617481,"孙昊天,",,,"孙昊天,|2015年全国国际象棋锦标赛（个人乙组）男子组",180798,chess-results-spielersuche,https://s3.chess-results.com/tnr180798.aspx?lan=1&art=9&snr=116,SpielerSuche FIDE 8617481 tnr180798 CJK name column
8617490,"黄铸尧,",,,"黄铸尧,|2018年全国国际象棋锦标赛（个人乙组）男子",366717,chess-results-spielersuche,https://s3.chess-results.com/tnr366717.aspx?lan=1&art=9&snr=157,SpielerSuche FIDE 8617490 tnr366717 CJK name column
8617503,"黄靖云,",,,"黄靖云,|2015年全国国际象棋锦标赛（个人乙组）女子组",180799,chess-results-spielersuche,https://s3.chess-results.com/tnr180799.aspx?lan=1&art=9&snr=96,SpielerSuche FIDE 8617503 tnr180799 CJK name column
8617511,"冯宇樊,",,,"冯宇樊,|2017年全国国际象棋锦标赛（个人乙组）男子组",292211,chess-results-spielersuche,https://s3.chess-results.com/tnr292211.aspx?lan=1&art=9&snr=119,SpielerSuche FIDE 8617511 tnr292211 CJK name column
8617520,"袁莫闲,",,,"袁莫闲,|2015年全国国际象棋锦标赛（个人乙组）女子组",180799,chess-results-spielersuche,https://s3.chess-results.com/tnr180799.aspx?lan=1&art=9&snr=82,SpielerSuche FIDE 8617520 tnr180799 CJK name column
8617538,"顾子涵,",,,"顾子涵,|2023 年全国国际象棋锦标赛（个人乙组）女子组",757169,chess-results-spielersuche,https://s3.chess-results.com/tnr757169.aspx?lan=1&art=9&snr=56,SpielerSuche FIDE 8617538 tnr757169 CJK name column
8617546,"张钊可,",,,"张钊可,|2015年全国国际象棋锦标赛（个人乙组）男子组",180798,chess-results-spielersuche,https://s3.chess-results.com/tnr180798.aspx?lan=1&art=9&snr=124,SpielerSuche FIDE 8617546 tnr180798 CJK name column
8617554,"左临轩,",,,"左临轩,|2018年全国国际象棋锦标赛（个人乙组）男子",366717,chess-results-spielersuche,https://s3.chess-results.com/tnr366717.aspx?lan=1&art=9&snr=104,SpielerSuche FIDE 8617554 tnr366717 CJK name column
8617562,"鲍晨,",,,"鲍晨,|2018年国际象棋男子世界冠军分区赛（中国区）",371475,chess-results-spielersuche,https://s3.chess-results.com/tnr371475.aspx?lan=1&art=9&snr=41,SpielerSuche FIDE 8617562 tnr371475 CJK name column
8617570,"刘加森,",,,"刘加森,|2018年全国国际象棋锦标赛（个人乙组）男子",366717,chess-results-spielersuche,https://s3.chess-results.com/tnr366717.aspx?lan=1&art=9&snr=82,SpielerSuche FIDE 8617570 tnr366717 CJK name column
8617589,"邵子扬,",,,"邵子扬,|2018年全国国际象棋锦标赛（个人乙组）男子",366717,chess-results-spielersuche,https://s3.chess-results.com/tnr366717.aspx?lan=1&art=9&snr=119,SpielerSuche FIDE 8617589 tnr366717 CJK name column
8617597,"王一帆,",,,"王一帆,|2018年全国国际象棋锦标赛（个人乙组）男子",366717,chess-results-spielersuche,https://s3.chess-results.com/tnr366717.aspx?lan=1&art=9&snr=89,SpielerSuche FIDE 8617597 tnr366717 CJK name column
8617600,"张睿翔,",,,"张睿翔,|2017年全国国际象棋锦标赛（个人乙组）男子组",292211,chess-results-spielersuche,https://s3.chess-results.com/tnr292211.aspx?lan=1&art=9&snr=43,SpielerSuche FIDE 8617600 tnr292211 CJK name column
8617619,"潘诗美,",,,"潘诗美,|2015年全国国际象棋锦标赛（个人乙组）女子组",180799,chess-results-spielersuche,https://s3.chess-results.com/tnr180799.aspx?lan=1&art=9&snr=73,SpielerSuche FIDE 8617619 tnr180799 CJK name column
8617627,"潘凌云,",,,"潘凌云,|2015年全国国际象棋锦标赛（个人乙组）男子组",180798,chess-results-spielersuche,https://s3.chess-results.com/tnr180798.aspx?lan=1&art=9&snr=146,SpielerSuche FIDE 8617627 tnr180798 CJK name column
8617635,"林津宇,",,,"林津宇,|2019年全国国际象棋锦标赛（个人乙组）男子个人",453632,chess-results-spielersuche,https://s3.chess-results.com/tnr453632.aspx?lan=1&art=9&snr=18,SpielerSuche FIDE 8617635 tnr453632 CJK name column
8617643,"彭鸿博,",,,"彭鸿博,|2015年全国国际象棋锦标赛（个人乙组）男子组",180798,chess-results-spielersuche,https://s3.chess-results.com/tnr180798.aspx?lan=1&art=9&snr=125,SpielerSuche FIDE 8617643 tnr180798 CJK name column
8617651,"项博成,",,,"项博成,|2015年全国国际象棋锦标赛（个人乙组）男子组",180798,chess-results-spielersuche,https://s3.chess-results.com/tnr180798.aspx?lan=1&art=9&snr=176,SpielerSuche FIDE 8617651 tnr180798 CJK name column
8617660,"陈若芃,",,,"陈若芃,|2018年全国国际象棋锦标赛（个人乙组）男子",366717,chess-results-spielersuche,https://s3.chess-results.com/tnr366717.aspx?lan=1&art=9&snr=90,SpielerSuche FIDE 8617660 tnr366717 CJK name column
8617678,"项世军,",,,"项世军,|2015年全国国际象棋锦标赛（个人乙组）男子组",180798,chess-results-spielersuche,https://s3.chess-results.com/tnr180798.aspx?lan=1&art=9&snr=175,SpielerSuche FIDE 8617678 tnr180798 CJK name column
8617686,"周恩铭,",,,"周恩铭,|2018年全国国际象棋锦标赛（个人乙组）女子",366721,chess-results-spielersuche,https://s3.chess-results.com/tnr366721.aspx?lan=1&art=9&snr=59,SpielerSuche FIDE 8617686 tnr366721 CJK name column
8617694,"龚汇瑜,",,,"龚汇瑜,|2016“晨阳水漆杯”国际象棋公开赛",219374,chess-results-spielersuche,https://s3.chess-results.com/tnr219374.aspx?lan=1&art=9&snr=61,SpielerSuche FIDE 8617694 tnr219374 CJK name column
8617708,"林煜儒,",,,"林煜儒,|2015年全国国际象棋锦标赛（个人乙组）男子组",180798,chess-results-spielersuche,https://s3.chess-results.com/tnr180798.aspx?lan=1&art=9&snr=143,SpielerSuche FIDE 8617708 tnr180798 CJK name column
8617716,"陈仕恒,",,,"陈仕恒,|2015年全国国际象棋锦标赛（个人乙组）男子组",180798,chess-results-spielersuche,https://s3.chess-results.com/tnr180798.aspx?lan=1&art=9&snr=169,SpielerSuche FIDE 8617716 tnr180798 CJK name column
8617724,"郑浩霖,",,,"郑浩霖,|2015年全国国际象棋锦标赛（个人乙组）男子组",180798,chess-results-spielersuche,https://s3.chess-results.com/tnr180798.aspx?lan=1&art=9&snr=165,SpielerSuche FIDE 8617724 tnr180798 CJK name column
8617732,"伦梓皓,",,,"伦梓皓,|2015年全国国际象棋锦标赛（个人乙组）男子组",180798,chess-results-spielersuche,https://s3.chess-results.com/tnr180798.aspx?lan=1&art=9&snr=93,SpielerSuche FIDE 8617732 tnr180798 CJK name column
8617740,"张一凡,",,,"张一凡,|2023年全国国际象棋青少年锦标赛(个人)暨第28届“李成智",798390,chess-results-spielersuche,https://s3.chess-results.com/tnr798390.aspx?lan=1&art=9&snr=9,SpielerSuche FIDE 8617740 tnr798390 CJK name column
8617759,"阚隆,",,,"阚隆,|2017年全国国际象棋锦标赛（个人乙组）男子组",292211,chess-results-spielersuche,https://s3.chess-results.com/tnr292211.aspx?lan=1&art=9&snr=155,SpielerSuche FIDE 8617759 tnr292211 CJK name column
8617767,"叶奕辰,",,,"叶奕辰,|2016 年全国国际象棋锦标赛（个人乙组）男子组",230769,chess-results-spielersuche,https://s3.chess-results.com/tnr230769.aspx?lan=1&art=9&snr=55,SpielerSuche FIDE 8617767 tnr230769 CJK name column
8617775,"曾嘉桐,",,,"曾嘉桐,|2015年全国国际象棋锦标赛（个人乙组）男子组",180798,chess-results-spielersuche,https://s3.chess-results.com/tnr180798.aspx?lan=1&art=9&snr=129,SpielerSuche FIDE 8617775 tnr180798 CJK name column
8617783,"徐沐恩,",,,"徐沐恩,|2015年全国国际象棋锦标赛（个人乙组）男子组",180798,chess-results-spielersuche,https://s3.chess-results.com/tnr180798.aspx?lan=1&art=9&snr=126,SpielerSuche FIDE 8617783 tnr180798 CJK name column
8617791,"姜颖菁,",,,"姜颖菁,|2017年全国国际象棋锦标赛（个人乙组）女子组",292210,chess-results-spielersuche,https://s3.chess-results.com/tnr292210.aspx?lan=1&art=9&snr=54,SpielerSuche FIDE 8617791 tnr292210 CJK name column
8617805,"陈远（深圳）,",,,"陈远（深圳）,|2018年全国国际象棋锦标赛（个人乙组）男子",366717,chess-results-spielersuche,https://s3.chess-results.com/tnr366717.aspx?lan=1&art=9&snr=118,SpielerSuche FIDE 8617805 tnr366717 CJK name column
8617813,"温逍,",,,"温逍,|2015年全国国际象棋锦标赛（个人乙组）女子组",180799,chess-results-spielersuche,https://s3.chess-results.com/tnr180799.aspx?lan=1&art=9&snr=72,SpielerSuche FIDE 8617813 tnr180799 CJK name column
8617821,"王祉毓,",,,"王祉毓,|2018年全国国际象棋锦标赛（团体）女子组",360560,chess-results-spielersuche,https://s3.chess-results.com/tnr360560.aspx?lan=1&art=9&snr=27,SpielerSuche FIDE 8617821 tnr360560 CJK name column
8617830,"刘昱辰,",,,"刘昱辰,|2017年白雪杯国际象棋公开赛",277401,chess-results-spielersuche,https://s3.chess-results.com/tnr277401.aspx?lan=1&art=9&snr=37,SpielerSuche FIDE 8617830 tnr277401 CJK name column
8617848,"王诩雯,",,,"王诩雯,|第四届全国智力运动会国际象棋比赛少年女子团体快棋预赛",486112,chess-results-spielersuche,https://s3.chess-results.com/tnr486112.aspx?lan=1&art=9&snr=18,SpielerSuche FIDE 8617848 tnr486112 CJK name column
8617856,"吴昱,",,,"吴昱,|2016年全国国际象棋锦标赛（团体）女子组",231989,chess-results-spielersuche,https://s3.chess-results.com/tnr231989.aspx?lan=1&art=9&snr=41,SpielerSuche FIDE 8617856 tnr231989 CJK name column
8617864,"刘欣然,",,,"刘欣然,|2015年全国国际象棋锦标赛（个人乙组）女子组",180799,chess-results-spielersuche,https://s3.chess-results.com/tnr180799.aspx?lan=1&art=9&snr=60,SpielerSuche FIDE 8617864 tnr180799 CJK name column
8617872,"胡亦钧,",,,"胡亦钧,|2015年全国国际象棋锦标赛（个人乙组）男子组",180798,chess-results-spielersuche,https://s3.chess-results.com/tnr180798.aspx?lan=1&art=9&snr=156,SpielerSuche FIDE 8617872 tnr180798 CJK name column
8617880,"王一凡,",,,"王一凡,|机器人谷杯第一届中国城市国际象棋联赛(团体)种子排位赛",537728,chess-results-spielersuche,https://s3.chess-results.com/tnr537728.aspx?lan=1&art=9&snr=84,SpielerSuche FIDE 8617880 tnr537728 CJK name column
8617953,"许吉瀚,",,,"许吉瀚,|2016 年全国国际象棋锦标赛（个人乙组）男子组",230769,chess-results-spielersuche,https://s3.chess-results.com/tnr230769.aspx?lan=1&art=9&snr=87,SpielerSuche FIDE 8617953 tnr230769 CJK name column
8617961,"沈仕彦,",,,"沈仕彦,|2019年全国国际象棋锦标赛（个人乙组）男子个人",453632,chess-results-spielersuche,https://s3.chess-results.com/tnr453632.aspx?lan=1&art=9&snr=15,SpielerSuche FIDE 8617961 tnr453632 CJK name column
8617970,"熊宥丞,",,,"熊宥丞,|2018年全国国际象棋锦标赛（个人乙组）男子",366717,chess-results-spielersuche,https://s3.chess-results.com/tnr366717.aspx?lan=1&art=9&snr=103,SpielerSuche FIDE 8617970 tnr366717 CJK name column
8617996,王衍斌,,,"王衍斌,|2026年中国国际象棋甲级联赛 百叶龙杯”常规赛第一站长兴专",1443995,chess-results-spielersuche,https://s3.chess-results.com/tnr1443995.aspx?lan=1&art=9&snr=72,SpielerSuche FIDE 8617996 tnr1443995 CJK name column
8618011,"芮悦悦,",,,"芮悦悦,|2018年全国国际象棋锦标赛（团体）女子组",360560,chess-results-spielersuche,https://s3.chess-results.com/tnr360560.aspx?lan=1&art=9&snr=48,SpielerSuche FIDE 8618011 tnr360560 CJK name column
8618020,鹿妙夷,,,"鹿妙夷,|2026年中国国际象棋甲级联赛 百叶龙杯”常规赛第一站长兴专",1443995,chess-results-spielersuche,https://s3.chess-results.com/tnr1443995.aspx?lan=1&art=9&snr=4,SpielerSuche FIDE 8618020 tnr1443995 CJK name column
8618160,"柴拉干,",,,"柴拉干,|第四届全国智力运动会国际象棋比赛女子团体快棋预赛",486110,chess-results-spielersuche,https://s3.chess-results.com/tnr486110.aspx?lan=1&art=9&snr=12,SpielerSuche FIDE 8618160 tnr486110 CJK name column
8618178,"钢套嘎,",,,"钢套嘎,|2018年国际象棋男子世界冠军分区赛（中国区）",371475,chess-results-spielersuche,https://s3.chess-results.com/tnr371475.aspx?lan=1&art=9&snr=39,SpielerSuche FIDE 8618178 tnr371475 CJK name column
8618186,"刘米德,",,,"刘米德,|""泰来杯""2022年中国国际象棋甲级联赛总决赛(循环赛)",725785,chess-results-spielersuche,https://s3.chess-results.com/tnr725785.aspx?lan=1&art=9&snr=18,SpielerSuche FIDE 8618186 tnr725785 CJK name column
8618364,蔡雨伦,,,"蔡雨伦,|2024全国国际象棋青少年锦标赛（个人）暨第29届“李成智杯",892909,chess-results-spielersuche,https://s3.chess-results.com/tnr892909.aspx?lan=1&art=9&snr=25,SpielerSuche FIDE 8618364 tnr892909 CJK name column
8618399,"张志,",,,"张志,|2026第一届“和平杯”国际象棋公开赛",1379421,chess-results-spielersuche,https://s3.chess-results.com/tnr1379421.aspx?lan=1&art=9&snr=4,SpielerSuche FIDE 8618399 tnr1379421 CJK name column
8618402,"蔡超若,",,,"蔡超若,|第十五届全国运动会群众比赛国际象棋项目预赛混合团体公开组",1184152,chess-results-spielersuche,https://s3.chess-results.com/tnr1184152.aspx?lan=1&art=9&snr=33,SpielerSuche FIDE 8618402 tnr1184152 CJK name column
8618410,"陈菁华,",,,"陈菁华,|2023年中国国际象棋乙级联赛",754014,chess-results-spielersuche,https://s3.chess-results.com/tnr754014.aspx?lan=1&art=9&snr=69,SpielerSuche FIDE 8618410 tnr754014 CJK name column
8618429,"陈思宇,",,,"陈思宇,|2016“晨阳水漆杯”国际象棋公开赛",219374,chess-results-spielersuche,https://s3.chess-results.com/tnr219374.aspx?lan=1&art=9&snr=57,SpielerSuche FIDE 8618429 tnr219374 CJK name column
8618437,"陈彦青,",,,"陈彦青,|2016“晨阳水漆杯”国际象棋公开赛",219374,chess-results-spielersuche,https://s3.chess-results.com/tnr219374.aspx?lan=1&art=9&snr=56,SpielerSuche FIDE 8618437 tnr219374 CJK name column
8618445,丁诗睿,,,"丁诗睿,|2025年全国国际象棋锦标赛（个人）女子组",1200590,chess-results-spielersuche,https://s3.chess-results.com/tnr1200590.aspx?lan=1&art=9&snr=25,SpielerSuche FIDE 8618445 tnr1200590 CJK name column
8618453,"鄂永凯,",,,"鄂永凯,|2016“晨阳水漆杯”国际象棋公开赛",219374,chess-results-spielersuche,https://s3.chess-results.com/tnr219374.aspx?lan=1&art=9&snr=54,SpielerSuche FIDE 8618453 tnr219374 CJK name column
8618461,"李子昂,",,,"李子昂,|2025年全国国际象棋公开赛（苏州站）",1250403,chess-results-spielersuche,https://s3.chess-results.com/tnr1250403.aspx?lan=1&art=9&snr=9,SpielerSuche FIDE 8618461 tnr1250403 CJK name column
8618470,"梁晨辰,",,,"梁晨辰,|2018年全国国际象棋锦标赛（个人乙组）男子",366717,chess-results-spielersuche,https://s3.chess-results.com/tnr366717.aspx?lan=1&art=9&snr=77,SpielerSuche FIDE 8618470 tnr366717 CJK name column
8618488,"柳凯译,",,,"柳凯译,|第四届全国智力运动会国际象棋比赛少年男子团体快棋冠亚军决赛和",490254,chess-results-spielersuche,https://s3.chess-results.com/tnr490254.aspx?lan=1&art=9&snr=13,SpielerSuche FIDE 8618488 tnr490254 CJK name column
8618496,"苗准,",,,"苗准,|2017年白雪杯国际象棋公开赛",277401,chess-results-spielersuche,https://s3.chess-results.com/tnr277401.aspx?lan=1&art=9&snr=38,SpielerSuche FIDE 8618496 tnr277401 CJK name column
8618500,"潘涛,",,,"潘涛,|2025年全国国际象棋公开赛（聊城站）",1200704,chess-results-spielersuche,https://s3.chess-results.com/tnr1200704.aspx?lan=1&art=9&snr=19,SpielerSuche FIDE 8618500 tnr1200704 CJK name column
8618518,"秦朗,",,,"秦朗,|2016“晨阳水漆杯”国际象棋公开赛",219374,chess-results-spielersuche,https://s3.chess-results.com/tnr219374.aspx?lan=1&art=9&snr=47,SpielerSuche FIDE 8618518 tnr219374 CJK name column
8618526,"沈泓,",,,"沈泓,|2023年全国国际象棋锦标赛(个人乙组)男子组",757168,chess-results-spielersuche,https://s3.chess-results.com/tnr757168.aspx?lan=1&art=9&snr=125,SpielerSuche FIDE 8618526 tnr757168 CJK name column
8618534,"沈芊妤,",,,"沈芊妤,|2023年全国国际象棋青少年锦标赛(个人)暨第28届“李成智",798386,chess-results-spielersuche,https://s3.chess-results.com/tnr798386.aspx?lan=1&art=9&snr=15,SpielerSuche FIDE 8618534 tnr798386 CJK name column
8618542,"舒逸民,",,,"舒逸民,|2016“晨阳水漆杯”国际象棋公开赛",219374,chess-results-spielersuche,https://s3.chess-results.com/tnr219374.aspx?lan=1&art=9&snr=49,SpielerSuche FIDE 8618542 tnr219374 CJK name column
8618550,"孙翊翔,",,,"孙翊翔,|2016“晨阳水漆杯”国际象棋公开赛",219374,chess-results-spielersuche,https://s3.chess-results.com/tnr219374.aspx?lan=1&art=9&snr=32,SpielerSuche FIDE 8618550 tnr219374 CJK name column
8618569,"唐家俊,",,,"唐家俊,|2017年全国国际象棋锦标赛（个人乙组）男子组",292211,chess-results-spielersuche,https://s3.chess-results.com/tnr292211.aspx?lan=1&art=9&snr=80,SpielerSuche FIDE 8618569 tnr292211 CJK name column
8618577,"万明翰,",,,"万明翰,|2019年全国国际象棋锦标赛（团体）男子组",450220,chess-results-spielersuche,https://s3.chess-results.com/tnr450220.aspx?lan=1&art=9&snr=47,SpielerSuche FIDE 8618577 tnr450220 CJK name column
8618593,"王悠戌,",,,"王悠戌,|2022年全国国际象棋锦标赛（个人乙组）男子组",724039,chess-results-spielersuche,https://s3.chess-results.com/tnr724039.aspx?lan=1&art=9&snr=61,SpielerSuche FIDE 8618593 tnr724039 CJK name column
8618607,翁碹宇,,,"翁碹宇,|2024全国国际象棋青少年锦标赛（个人）暨第29届“李成智杯",892909,chess-results-spielersuche,https://s3.chess-results.com/tnr892909.aspx?lan=1&art=9&snr=16,SpielerSuche FIDE 8618607 tnr892909 CJK name column
8618615,"吴文达,",,,"吴文达,|2024年全国国际象棋锦标赛(团体)男子组",917611,chess-results-spielersuche,https://s3.chess-results.com/tnr917611.aspx?lan=1&art=9&snr=75,SpielerSuche FIDE 8618615 tnr917611 CJK name column
8618623,奚奇,,,"奚奇,|2026年中国国际象棋甲级联赛 百叶龙杯”常规赛第一站长兴专",1443995,chess-results-spielersuche,https://s3.chess-results.com/tnr1443995.aspx?lan=1&art=9&snr=32,SpielerSuche FIDE 8618623 tnr1443995 CJK name column
8618631,"徐凯辰,",,,"徐凯辰,|2023年全国国际象棋锦标赛(团体)男子组",765929,chess-results-spielersuche,https://s3.chess-results.com/tnr765929.aspx?lan=1&art=9&snr=38,SpielerSuche FIDE 8618631 tnr765929 CJK name column
8618640,"徐立,",,,"徐立,|2016“晨阳水漆杯”国际象棋公开赛",219374,chess-results-spielersuche,https://s3.chess-results.com/tnr219374.aspx?lan=1&art=9&snr=35,SpielerSuche FIDE 8618640 tnr219374 CJK name column
8618658,"严兮乐,",,,"严兮乐,|2019年全国国际象棋锦标赛（个人乙组）男子个人",453632,chess-results-spielersuche,https://s3.chess-results.com/tnr453632.aspx?lan=1&art=9&snr=82,SpielerSuche FIDE 8618658 tnr453632 CJK name column
8618666,"严晓炀,",,,"严晓炀,|2016“晨阳水漆杯”国际象棋公开赛",219374,chess-results-spielersuche,https://s3.chess-results.com/tnr219374.aspx?lan=1&art=9&snr=27,SpielerSuche FIDE 8618666 tnr219374 CJK name column
8618674,"张宸鸣,",,,"张宸鸣,|2016“晨阳水漆杯”国际象棋公开赛",219374,chess-results-spielersuche,https://s3.chess-results.com/tnr219374.aspx?lan=1&art=9&snr=33,SpielerSuche FIDE 8618674 tnr219374 CJK name column
8618682,"吴思棠,",,,"吴思棠,|2017年全国国际象棋锦标赛（个人乙组）男子组",292211,chess-results-spielersuche,https://s3.chess-results.com/tnr292211.aspx?lan=1&art=9&snr=203,SpielerSuche FIDE 8618682 tnr292211 CJK name column
8618690,"术欣玥,",,,"术欣玥,|2018年全国国际象棋锦标赛（个人乙组）女子",366721,chess-results-spielersuche,https://s3.chess-results.com/tnr366721.aspx?lan=1&art=9&snr=56,SpielerSuche FIDE 8618690 tnr366721 CJK name column
8618704,"杜心奇,",,,"杜心奇,|2018年全国国际象棋锦标赛（个人乙组）男子",366717,chess-results-spielersuche,https://s3.chess-results.com/tnr366717.aspx?lan=1&art=9&snr=146,SpielerSuche FIDE 8618704 tnr366717 CJK name column
8618712,"李尚霖,",,,"李尚霖,|2023年全国国际象棋青少年锦标赛(个人)暨第28届“李成智",798389,chess-results-spielersuche,https://s3.chess-results.com/tnr798389.aspx?lan=1&art=9&snr=2,SpielerSuche FIDE 8618712 tnr798389 CJK name column
8618720,"郭潇,",,,"郭潇,|2019年全国国际象棋锦标赛（个人乙组）男子个人",453632,chess-results-spielersuche,https://s3.chess-results.com/tnr453632.aspx?lan=1&art=9&snr=59,SpielerSuche FIDE 8618720 tnr453632 CJK name column
8618798,"刘昊洋,",,,"刘昊洋,|2017年全国国际象棋锦标赛（个人乙组）男子组",292211,chess-results-spielersuche,https://s3.chess-results.com/tnr292211.aspx?lan=1&art=9&snr=168,SpielerSuche FIDE 8618798 tnr292211 CJK name column
8618828,"周子博,",,,"周子博,|2017年全国国际象棋锦标赛（个人乙组）男子组",292211,chess-results-spielersuche,https://s3.chess-results.com/tnr292211.aspx?lan=1&art=9&snr=225,SpielerSuche FIDE 8618828 tnr292211 CJK name column
8618836,"陈楷昊,",,,"陈楷昊,|“机器人谷杯”第一届中国城市国际象棋联赛复活赛",542472,chess-results-spielersuche,https://s3.chess-results.com/tnr542472.aspx?lan=1&art=9&snr=78,SpielerSuche FIDE 8618836 tnr542472 CJK name column
8618844,"朱正楷,",,,"朱正楷,|2016年全国国际象棋乙级联赛",230079,chess-results-spielersuche,https://s3.chess-results.com/tnr230079.aspx?lan=1&art=9&snr=121,SpielerSuche FIDE 8618844 tnr230079 CJK name column
8618852,"陈鸣则,",,,"陈鸣则,|2019年中国国际象棋乙级联赛",457254,chess-results-spielersuche,https://s3.chess-results.com/tnr457254.aspx?lan=1&art=9&snr=160,SpielerSuche FIDE 8618852 tnr457254 CJK name column
8618860,陈远,,,"陈远,|2026年中国国际象棋甲级联赛 百叶龙杯”常规赛第一站长兴专",1443995,chess-results-spielersuche,https://s3.chess-results.com/tnr1443995.aspx?lan=1&art=9&snr=83,SpielerSuche FIDE 8618860 tnr1443995 CJK name column
8618879,"陈楷文,",,,"陈楷文,|2018年全国国际象棋锦标赛（个人乙组）男子",366717,chess-results-spielersuche,https://s3.chess-results.com/tnr366717.aspx?lan=1&art=9&snr=86,SpielerSuche FIDE 8618879 tnr366717 CJK name column
8618887,钟康民,,,"钟康民,|2025年中国国际象棋甲级联赛常规赛（第二站）北京专场",1263712,chess-results-spielersuche,https://s3.chess-results.com/tnr1263712.aspx?lan=1&art=9&snr=89,SpielerSuche FIDE 8618887 tnr1263712 CJK name column
8618895,"郑良飞,",,,"郑良飞,|2016 年全国国际象棋锦标赛（个人乙组）男子组",230769,chess-results-spielersuche,https://s3.chess-results.com/tnr230769.aspx?lan=1&art=9&snr=186,SpielerSuche FIDE 8618895 tnr230769 CJK name column
8618909,"孙左一,",,,"孙左一,|2016 年全国国际象棋锦标赛（个人乙组）男子组",230769,chess-results-spielersuche,https://s3.chess-results.com/tnr230769.aspx?lan=1&art=9&snr=158,SpielerSuche FIDE 8618909 tnr230769 CJK name column
8618917,"唐嘉锴,",,,"唐嘉锴,|2016 年全国国际象棋锦标赛（个人乙组）男子组",230769,chess-results-spielersuche,https://s3.chess-results.com/tnr230769.aspx?lan=1&art=9&snr=161,SpielerSuche FIDE 8618917 tnr230769 CJK name column
8618925,"唐亦含,",,,"唐亦含,|2016 年全国国际象棋锦标赛（个人乙组）女子组",230764,chess-results-spielersuche,https://s3.chess-results.com/tnr230764.aspx?lan=1&art=9&snr=83,SpielerSuche FIDE 8618925 tnr230764 CJK name column
8618933,"孙若尧,",,,"孙若尧,|2016 年全国国际象棋锦标赛（个人乙组）男子组",230769,chess-results-spielersuche,https://s3.chess-results.com/tnr230769.aspx?lan=1&art=9&snr=157,SpielerSuche FIDE 8618933 tnr230769 CJK name column
8618941,"孙铭泽,",,,"孙铭泽,|2016 年全国国际象棋锦标赛（个人乙组）男子组",230769,chess-results-spielersuche,https://s3.chess-results.com/tnr230769.aspx?lan=1&art=9&snr=156,SpielerSuche FIDE 8618941 tnr230769 CJK name column
8618950,"王思颖,",,,"王思颖,|2016年全国国际象棋乙级联赛",230079,chess-results-spielersuche,https://s3.chess-results.com/tnr230079.aspx?lan=1&art=9&snr=31,SpielerSuche FIDE 8618950 tnr230079 CJK name column
8618968,"王博文,",,,"王博文,|第四届全国智力运动会国际象棋比赛少年男子个人预赛",486105,chess-results-spielersuche,https://s3.chess-results.com/tnr486105.aspx?lan=1&art=9&snr=42,SpielerSuche FIDE 8618968 tnr486105 CJK name column
8618976,"万葳蕤,",,,"万葳蕤,|2016 年全国国际象棋锦标赛（个人乙组）男子组",230769,chess-results-spielersuche,https://s3.chess-results.com/tnr230769.aspx?lan=1&art=9&snr=162,SpielerSuche FIDE 8618976 tnr230769 CJK name column
8618984,"万一乂,",,,"万一乂,|2016 年全国国际象棋锦标赛（个人乙组）男子组",230769,chess-results-spielersuche,https://s3.chess-results.com/tnr230769.aspx?lan=1&art=9&snr=163,SpielerSuche FIDE 8618984 tnr230769 CJK name column
8618992,孙际涵,,,"孙际涵,|2026年中国国际象棋甲级联赛 百叶龙杯”常规赛第一站长兴专",1443995,chess-results-spielersuche,https://s3.chess-results.com/tnr1443995.aspx?lan=1&art=9&snr=91,SpielerSuche FIDE 8618992 tnr1443995 CJK name column
8619000,"王新然,",,,"王新然,|2017年全国国际象棋锦标赛（个人乙组）女子组",292210,chess-results-spielersuche,https://s3.chess-results.com/tnr292210.aspx?lan=1&art=9&snr=103,SpielerSuche FIDE 8619000 tnr292210 CJK name column
8619018,"宋垚浩,",,,"宋垚浩,|2016 年全国国际象棋锦标赛（个人乙组）男子组",230769,chess-results-spielersuche,https://s3.chess-results.com/tnr230769.aspx?lan=1&art=9&snr=154,SpielerSuche FIDE 8619018 tnr230769 CJK name column
8619026,"王辰一,",,,"王辰一,|2016 年全国国际象棋锦标赛（个人乙组）男子组",230769,chess-results-spielersuche,https://s3.chess-results.com/tnr230769.aspx?lan=1&art=9&snr=165,SpielerSuche FIDE 8619026 tnr230769 CJK name column
8619034,"王梓鉴,",,,"王梓鉴,|【北京】第二届和平杯国际象棋公开赛",1405363,chess-results-spielersuche,https://s3.chess-results.com/tnr1405363.aspx?lan=1&art=9&snr=6,SpielerSuche FIDE 8619034 tnr1405363 CJK name column
8619042,"吴建勋,",,,"吴建勋,|2016 年全国国际象棋锦标赛（个人乙组）男子组",230769,chess-results-spielersuche,https://s3.chess-results.com/tnr230769.aspx?lan=1&art=9&snr=170,SpielerSuche FIDE 8619042 tnr230769 CJK name column
8619050,"吴桐,",,,"吴桐,|2016 年全国国际象棋锦标赛（个人乙组）女子组",230764,chess-results-spielersuche,https://s3.chess-results.com/tnr230764.aspx?lan=1&art=9&snr=90,SpielerSuche FIDE 8619050 tnr230764 CJK name column
8619069,"王甄睿,",,,"王甄睿,|2016 年全国国际象棋锦标赛（个人乙组）女子组",230764,chess-results-spielersuche,https://s3.chess-results.com/tnr230764.aspx?lan=1&art=9&snr=89,SpielerSuche FIDE 8619069 tnr230764 CJK name column
8619077,"吴佳芮,",,,"吴佳芮,|2016年全国国际象棋乙级联赛",230079,chess-results-spielersuche,https://s3.chess-results.com/tnr230079.aspx?lan=1&art=9&snr=102,SpielerSuche FIDE 8619077 tnr230079 CJK name column
8619085,"王卓群,",,,"王卓群,|2016 年全国国际象棋锦标赛（个人乙组）男子组",230769,chess-results-spielersuche,https://s3.chess-results.com/tnr230769.aspx?lan=1&art=9&snr=166,SpielerSuche FIDE 8619085 tnr230769 CJK name column
8619093,"王雅慧,",,,"王雅慧,|2016 年全国国际象棋锦标赛（个人乙组）女子组",230764,chess-results-spielersuche,https://s3.chess-results.com/tnr230764.aspx?lan=1&art=9&snr=88,SpielerSuche FIDE 8619093 tnr230764 CJK name column
8619107,谢铠帆,,,"谢铠帆,|2026年中国国际象棋甲级联赛 百叶龙杯”常规赛第一站长兴专",1443995,chess-results-spielersuche,https://s3.chess-results.com/tnr1443995.aspx?lan=1&art=9&snr=94,SpielerSuche FIDE 8619107 tnr1443995 CJK name column
8619131,"闫子清,",,,"闫子清,|2016 年全国国际象棋锦标赛（个人乙组）男子组",230769,chess-results-spielersuche,https://s3.chess-results.com/tnr230769.aspx?lan=1&art=9&snr=173,SpielerSuche FIDE 8619131 tnr230769 CJK name column
8619140,"杨琮葳,",,,"杨琮葳,|2016 年全国国际象棋锦标赛（个人乙组）男子组",230769,chess-results-spielersuche,https://s3.chess-results.com/tnr230769.aspx?lan=1&art=9&snr=175,SpielerSuche FIDE 8619140 tnr230769 CJK name column
8619158,"殷嘉麒,",,,"殷嘉麒,|2016 年全国国际象棋锦标赛（个人乙组）男子组",230769,chess-results-spielersuche,https://s3.chess-results.com/tnr230769.aspx?lan=1&art=9&snr=176,SpielerSuche FIDE 8619158 tnr230769 CJK name column
8619166,"叶凡,",,,"叶凡,|2023年全国国际象棋锦标赛(个人乙组)男子组",757168,chess-results-spielersuche,https://s3.chess-results.com/tnr757168.aspx?lan=1&art=9&snr=50,SpielerSuche FIDE 8619166 tnr757168 CJK name column
8619174,"余东奇,",,,"余东奇,|2016 年全国国际象棋锦标赛（个人乙组）男子组",230769,chess-results-spielersuche,https://s3.chess-results.com/tnr230769.aspx?lan=1&art=9&snr=177,SpielerSuche FIDE 8619174 tnr230769 CJK name column
8619182,"游佳磊,",,,"游佳磊,|2017年全国国际象棋锦标赛（个人乙组）男子组",292211,chess-results-spielersuche,https://s3.chess-results.com/tnr292211.aspx?lan=1&art=9&snr=62,SpielerSuche FIDE 8619182 tnr292211 CJK name column
8619190,"岳炅辰,",,,"岳炅辰,|第四届全国智力运动会国际象棋比赛少年男子团体快棋预赛",486111,chess-results-spielersuche,https://s3.chess-results.com/tnr486111.aspx?lan=1&art=9&snr=44,SpielerSuche FIDE 8619190 tnr486111 CJK name column
8619212,"张家齐,",,,"张家齐,|2016 年全国国际象棋锦标赛（个人乙组）男子组",230769,chess-results-spielersuche,https://s3.chess-results.com/tnr230769.aspx?lan=1&art=9&snr=180,SpielerSuche FIDE 8619212 tnr230769 CJK name column
8619220,"张震东,",,,"张震东,|2016 年全国国际象棋锦标赛（个人乙组）男子组",230769,chess-results-spielersuche,https://s3.chess-results.com/tnr230769.aspx?lan=1&art=9&snr=183,SpielerSuche FIDE 8619220 tnr230769 CJK name column
8619239,"张馨月,",,,"张馨月,|2017年全国国际象棋锦标赛（个人乙组）女子组",292210,chess-results-spielersuche,https://s3.chess-results.com/tnr292210.aspx?lan=1&art=9&snr=46,SpielerSuche FIDE 8619239 tnr292210 CJK name column
8619247,"赵凡瑀,",,,"赵凡瑀,|2016 年全国国际象棋锦标赛（个人乙组）女子组",230764,chess-results-spielersuche,https://s3.chess-results.com/tnr230764.aspx?lan=1&art=9&snr=94,SpielerSuche FIDE 8619247 tnr230764 CJK name column
8619255,"赵楷文,",,,"赵楷文,|2016年全国国际象棋乙级联赛",230079,chess-results-spielersuche,https://s3.chess-results.com/tnr230079.aspx?lan=1&art=9&snr=100,SpielerSuche FIDE 8619255 tnr230079 CJK name column
8619263,"钟志学,",,,"钟志学,|2016 年全国国际象棋锦标赛（个人乙组）男子组",230769,chess-results-spielersuche,https://s3.chess-results.com/tnr230769.aspx?lan=1&art=9&snr=188,SpielerSuche FIDE 8619263 tnr230769 CJK name column
8619271,"祁毅晗,",,,"祁毅晗,|2017年全国国际象棋锦标赛（个人乙组）男子组",292211,chess-results-spielersuche,https://s3.chess-results.com/tnr292211.aspx?lan=1&art=9&snr=94,SpielerSuche FIDE 8619271 tnr292211 CJK name column
8619280,"齐致权,",,,"齐致权,|2016年全国国际象棋乙级联赛",230079,chess-results-spielersuche,https://s3.chess-results.com/tnr230079.aspx?lan=1&art=9&snr=105,SpielerSuche FIDE 8619280 tnr230079 CJK name column
8619298,"彭钰淇,",,,"彭钰淇,|2016 年全国国际象棋锦标赛（个人乙组）女子组",230764,chess-results-spielersuche,https://s3.chess-results.com/tnr230764.aspx?lan=1&art=9&snr=76,SpielerSuche FIDE 8619298 tnr230764 CJK name column
8619301,"邵喆,",,,"邵喆,|2016 年全国国际象棋锦标赛（个人乙组）男子组",230769,chess-results-spielersuche,https://s3.chess-results.com/tnr230769.aspx?lan=1&art=9&snr=151,SpielerSuche FIDE 8619301 tnr230769 CJK name column
8619310,"钱楚蘅,",,,"钱楚蘅,|2018年全国国际象棋锦标赛（个人乙组）女子",366721,chess-results-spielersuche,https://s3.chess-results.com/tnr366721.aspx?lan=1&art=9&snr=39,SpielerSuche FIDE 8619310 tnr366721 CJK name column
8619328,"苏昱恺,",,,"苏昱恺,|2016 年全国国际象棋锦标赛（个人乙组）男子组",230769,chess-results-spielersuche,https://s3.chess-results.com/tnr230769.aspx?lan=1&art=9&snr=155,SpielerSuche FIDE 8619328 tnr230769 CJK name column
8619336,"龙傲雪,",,,"龙傲雪,|2018年全国国际象棋锦标赛（个人乙组）女子",366721,chess-results-spielersuche,https://s3.chess-results.com/tnr366721.aspx?lan=1&art=9&snr=60,SpielerSuche FIDE 8619336 tnr366721 CJK name column
8619344,"刘沅鑫,",,,"刘沅鑫,|2016 年全国国际象棋锦标赛（个人乙组）女子组",230764,chess-results-spielersuche,https://s3.chess-results.com/tnr230764.aspx?lan=1&art=9&snr=74,SpielerSuche FIDE 8619344 tnr230764 CJK name column
8619352,"刘卓成,",,,"刘卓成,|2016 年全国国际象棋锦标赛（个人乙组）男子组",230769,chess-results-spielersuche,https://s3.chess-results.com/tnr230769.aspx?lan=1&art=9&snr=144,SpielerSuche FIDE 8619352 tnr230769 CJK name column
8619379,"马彬赫,",,,"马彬赫,|2023年全国国际象棋青少年锦标赛(个人)暨第28届“李成智",798389,chess-results-spielersuche,https://s3.chess-results.com/tnr798389.aspx?lan=1&art=9&snr=14,SpielerSuche FIDE 8619379 tnr798389 CJK name column
8619387,"彭康睿,",,,"彭康睿,|2016 年全国国际象棋锦标赛（个人乙组）男子组",230769,chess-results-spielersuche,https://s3.chess-results.com/tnr230769.aspx?lan=1&art=9&snr=148,SpielerSuche FIDE 8619387 tnr230769 CJK name column
8619409,"刘倩昱,",,,"刘倩昱,|2016年全国国际象棋乙级联赛",230079,chess-results-spielersuche,https://s3.chess-results.com/tnr230079.aspx?lan=1&art=9&snr=154,SpielerSuche FIDE 8619409 tnr230079 CJK name column
8619417,"刘宇森,",,,"刘宇森,|2019年中国国际象棋乙级联赛",457254,chess-results-spielersuche,https://s3.chess-results.com/tnr457254.aspx?lan=1&art=9&snr=140,SpielerSuche FIDE 8619417 tnr457254 CJK name column
8619425,"金南宇,",,,"金南宇,|2016 年全国国际象棋锦标赛（个人乙组）男子组",230769,chess-results-spielersuche,https://s3.chess-results.com/tnr230769.aspx?lan=1&art=9&snr=129,SpielerSuche FIDE 8619425 tnr230769 CJK name column
8619433,"刘翔,",,,"刘翔,|2016 年全国国际象棋锦标赛（个人乙组）男子组",230769,chess-results-spielersuche,https://s3.chess-results.com/tnr230769.aspx?lan=1&art=9&snr=142,SpielerSuche FIDE 8619433 tnr230769 CJK name column
8619441,"李志众,",,,"李志众,|2016 年全国国际象棋锦标赛（个人乙组）男子组",230769,chess-results-spielersuche,https://s3.chess-results.com/tnr230769.aspx?lan=1&art=9&snr=139,SpielerSuche FIDE 8619441 tnr230769 CJK name column
8619450,"刘宇轩,",,,"刘宇轩,|第四届全国智力运动会国际象棋比赛少年女子团体快棋预赛",486112,chess-results-spielersuche,https://s3.chess-results.com/tnr486112.aspx?lan=1&art=9&snr=2,SpielerSuche FIDE 8619450 tnr486112 CJK name column
8619468,"郭子嘉,",,,"郭子嘉,|2018年全国国际象棋锦标赛（个人乙组）女子",366721,chess-results-spielersuche,https://s3.chess-results.com/tnr366721.aspx?lan=1&art=9&snr=76,SpielerSuche FIDE 8619468 tnr366721 CJK name column
8619476,"郝思佳,",,,"郝思佳,|2016年全国国际象棋乙级联赛",230079,chess-results-spielersuche,https://s3.chess-results.com/tnr230079.aspx?lan=1&art=9&snr=106,SpielerSuche FIDE 8619476 tnr230079 CJK name column
8619484,"黄彦诺,",,,"黄彦诺,|2016 年全国国际象棋锦标赛（个人乙组）男子组",230769,chess-results-spielersuche,https://s3.chess-results.com/tnr230769.aspx?lan=1&art=9&snr=126,SpielerSuche FIDE 8619484 tnr230769 CJK name column
8619492,"侯羿帆,",,,"侯羿帆,|第十五届全国运动会群众比赛国际象棋项目决赛混合团体公开组循环",1245065,chess-results-spielersuche,https://s3.chess-results.com/tnr1245065.aspx?lan=1&art=9&snr=6,SpielerSuche FIDE 8619492 tnr1245065 CJK name column
8619506,"何俊宏,",,,"何俊宏,|2016 年全国国际象棋锦标赛（个人乙组）男子组",230769,chess-results-spielersuche,https://s3.chess-results.com/tnr230769.aspx?lan=1&art=9&snr=121,SpielerSuche FIDE 8619506 tnr230769 CJK name column
8619514,"敬雯行,",,,"敬雯行,|2018年全国国际象棋锦标赛（个人乙组）男子",366717,chess-results-spielersuche,https://s3.chess-results.com/tnr366717.aspx?lan=1&art=9&snr=79,SpielerSuche FIDE 8619514 tnr366717 CJK name column
8619522,"蔡金汝,",,,"蔡金汝,|""瑞贝卡杯“2022 全国国际象棋锦标赛（团体）女子组",729716,chess-results-spielersuche,https://s3.chess-results.com/tnr729716.aspx?lan=1&art=9&snr=22,SpielerSuche FIDE 8619522 tnr729716 CJK name column
8619530,"曹若水,",,,"曹若水,|2018中国国际象棋乙级联赛",365441,chess-results-spielersuche,https://s3.chess-results.com/tnr365441.aspx?lan=1&art=9&snr=61,SpielerSuche FIDE 8619530 tnr365441 CJK name column
8619549,陈致,,,"陈致,|2026年中国国际象棋甲级联赛 百叶龙杯”常规赛第一站长兴专",1443995,chess-results-spielersuche,https://s3.chess-results.com/tnr1443995.aspx?lan=1&art=9&snr=84,SpielerSuche FIDE 8619549 tnr1443995 CJK name column
8619557,"丛源泉,",,,"丛源泉,|2019年中国国际象棋乙级联赛",457254,chess-results-spielersuche,https://s3.chess-results.com/tnr457254.aspx?lan=1&art=9&snr=134,SpielerSuche FIDE 8619557 tnr457254 CJK name column
8619565,"崔心,",,,"崔心,|2025年全国国际象棋成人业余棋王挑战赛总决赛",1303568,chess-results-spielersuche,https://s3.chess-results.com/tnr1303568.aspx?lan=1&art=9&snr=13,SpielerSuche FIDE 8619565 tnr1303568 CJK name column
8619573,"董妍贝,",,,"董妍贝,|2016 年全国国际象棋锦标赛（个人乙组）女子组",230764,chess-results-spielersuche,https://s3.chess-results.com/tnr230764.aspx?lan=1&art=9&snr=62,SpielerSuche FIDE 8619573 tnr230764 CJK name column
8619581,"邓婷月,",,,"邓婷月,|2017年全国国际象棋锦标赛（个人乙组）女子组",292210,chess-results-spielersuche,https://s3.chess-results.com/tnr292210.aspx?lan=1&art=9&snr=76,SpielerSuche FIDE 8619581 tnr292210 CJK name column
8619590,"樊芷铭,",,,"樊芷铭,|2016 年全国国际象棋锦标赛（个人乙组）男子组",230769,chess-results-spielersuche,https://s3.chess-results.com/tnr230769.aspx?lan=1&art=9&snr=113,SpielerSuche FIDE 8619590 tnr230769 CJK name column
8619603,"范哲城,",,,"范哲城,|2017年全国国际象棋锦标赛（个人乙组）男子组",292211,chess-results-spielersuche,https://s3.chess-results.com/tnr292211.aspx?lan=1&art=9&snr=54,SpielerSuche FIDE 8619603 tnr292211 CJK name column
8619611,"冯沐琢,",,,"冯沐琢,|2016 年全国国际象棋锦标赛（个人乙组）女子组",230764,chess-results-spielersuche,https://s3.chess-results.com/tnr230764.aspx?lan=1&art=9&snr=65,SpielerSuche FIDE 8619611 tnr230764 CJK name column
8619620,"冯佳禾,",,,"冯佳禾,|第四届全国智力运动会国际象棋比赛少年女子团体快棋预赛",486112,chess-results-spielersuche,https://s3.chess-results.com/tnr486112.aspx?lan=1&art=9&snr=40,SpielerSuche FIDE 8619620 tnr486112 CJK name column
8619646,"高菲澳,",,,"高菲澳,|2016 年全国国际象棋锦标赛（个人乙组）女子组",230764,chess-results-spielersuche,https://s3.chess-results.com/tnr230764.aspx?lan=1&art=9&snr=67,SpielerSuche FIDE 8619646 tnr230764 CJK name column
8619654,"高丙辛,",,,"高丙辛,|2016 年全国国际象棋锦标赛（个人乙组）男子组",230769,chess-results-spielersuche,https://s3.chess-results.com/tnr230769.aspx?lan=1&art=9&snr=115,SpielerSuche FIDE 8619654 tnr230769 CJK name column
8619662,"李炳杉,",,,"李炳杉,|2016 年全国国际象棋锦标赛（个人乙组）男子组",230769,chess-results-spielersuche,https://s3.chess-results.com/tnr230769.aspx?lan=1&art=9&snr=134,SpielerSuche FIDE 8619662 tnr230769 CJK name column
8619670,"霍润声,",,,"霍润声,|2016年全国国际象棋乙级联赛",230079,chess-results-spielersuche,https://s3.chess-results.com/tnr230079.aspx?lan=1&art=9&snr=120,SpielerSuche FIDE 8619670 tnr230079 CJK name column
8619689,李思瑶,,,"李思瑶,|2024年全国国际象棋青少年锦标赛（个人）暨第29 届""李成",892943,chess-results-spielersuche,https://s3.chess-results.com/tnr892943.aspx?lan=1&art=9&snr=8,SpielerSuche FIDE 8619689 tnr892943 CJK name column
8619697,"李劲标,",,,"李劲标,|2017年全国国际象棋锦标赛（个人乙组）男子组",292211,chess-results-spielersuche,https://s3.chess-results.com/tnr292211.aspx?lan=1&art=9&snr=159,SpielerSuche FIDE 8619697 tnr292211 CJK name column
8619700,"李妙辰,",,,"李妙辰,|2017年全国国际象棋锦标赛（个人乙组）女子组",292210,chess-results-spielersuche,https://s3.chess-results.com/tnr292210.aspx?lan=1&art=9&snr=39,SpielerSuche FIDE 8619700 tnr292210 CJK name column
8619719,"雷蕾,",,,"雷蕾,|2022年全国国际象棋锦标赛（个人乙组）女子组",724041,chess-results-spielersuche,https://s3.chess-results.com/tnr724041.aspx?lan=1&art=9&snr=57,SpielerSuche FIDE 8619719 tnr724041 CJK name column
8619727,"李子宁,",,,"李子宁,|2016 年全国国际象棋锦标赛（个人乙组）男子组",230769,chess-results-spielersuche,https://s3.chess-results.com/tnr230769.aspx?lan=1&art=9&snr=140,SpielerSuche FIDE 8619727 tnr230769 CJK name column
8619735,"李佰桐,",,,"李佰桐,|2016 年全国国际象棋锦标赛（个人乙组）男子组",230769,chess-results-spielersuche,https://s3.chess-results.com/tnr230769.aspx?lan=1&art=9&snr=133,SpielerSuche FIDE 8619735 tnr230769 CJK name column
8619743,"季征,",,,"季征,|2016 年全国国际象棋锦标赛（个人乙组）男子组",230769,chess-results-spielersuche,https://s3.chess-results.com/tnr230769.aspx?lan=1&art=9&snr=128,SpielerSuche FIDE 8619743 tnr230769 CJK name column
8619751,"韩琦,",,,"韩琦,|2016 年全国国际象棋锦标赛（个人乙组）男子组",230769,chess-results-spielersuche,https://s3.chess-results.com/tnr230769.aspx?lan=1&art=9&snr=120,SpielerSuche FIDE 8619751 tnr230769 CJK name column
8619778,"董靖岩,",,,"董靖岩,|2018年全国国际象棋锦标赛（个人乙组）女子",366721,chess-results-spielersuche,https://s3.chess-results.com/tnr366721.aspx?lan=1&art=9&snr=35,SpielerSuche FIDE 8619778 tnr366721 CJK name column
8619786,"陈远航,",,,"陈远航,|2016 年全国国际象棋锦标赛（个人乙组）男子组",230769,chess-results-spielersuche,https://s3.chess-results.com/tnr230769.aspx?lan=1&art=9&snr=102,SpielerSuche FIDE 8619786 tnr230769 CJK name column
8619794,"郭士博,",,,"郭士博,|2016 年全国国际象棋锦标赛（个人乙组）男子组",230769,chess-results-spielersuche,https://s3.chess-results.com/tnr230769.aspx?lan=1&art=9&snr=118,SpielerSuche FIDE 8619794 tnr230769 CJK name column
8619808,"高孟琛,",,,"高孟琛,|2016 年全国国际象棋锦标赛（个人乙组）男子组",230769,chess-results-spielersuche,https://s3.chess-results.com/tnr230769.aspx?lan=1&art=9&snr=116,SpielerSuche FIDE 8619808 tnr230769 CJK name column
8619816,"吕锴辰,",,,"吕锴辰,|2025年全国国际象棋成人业余棋王挑战赛总决赛",1303568,chess-results-spielersuche,https://s3.chess-results.com/tnr1303568.aspx?lan=1&art=9&snr=27,SpielerSuche FIDE 8619816 tnr1303568 CJK name column
8619824,"刘恒越,",,,"刘恒越,|2025年全国国际象棋棋协大师赛（绍兴站）棋协大师组",1214030,chess-results-spielersuche,https://s3.chess-results.com/tnr1214030.aspx?lan=1&art=9&snr=59,SpielerSuche FIDE 8619824 tnr1214030 CJK name column
8619832,"左知博,",,,"左知博,|2018年国际象棋男子世界冠军分区赛（中国区）",371475,chess-results-spielersuche,https://s3.chess-results.com/tnr371475.aspx?lan=1&art=9&snr=40,SpielerSuche FIDE 8619832 tnr371475 CJK name column
8619840,陈俊桦,,,"陈俊桦,|第四届全国智力运动会国际象棋比赛少年女子团体快棋预赛",486112,chess-results-spielersuche,https://s3.chess-results.com/tnr486112.aspx?lan=1&art=9&snr=23,SpielerSuche FIDE 8619840 tnr486112 CJK name column
8619859,"陈孟瑶,",,,"陈孟瑶,|2016 年全国国际象棋锦标赛（个人乙组）女子组",230764,chess-results-spielersuche,https://s3.chess-results.com/tnr230764.aspx?lan=1&art=9&snr=57,SpielerSuche FIDE 8619859 tnr230764 CJK name column
8619875,"周雪阳,",,,"周雪阳,|2016年全国国际象棋乙级联赛",230079,chess-results-spielersuche,https://s3.chess-results.com/tnr230079.aspx?lan=1&art=9&snr=29,SpielerSuche FIDE 8619875 tnr230079 CJK name column
8619891,"宋冀轩,",,,"宋冀轩,|2016 年全国国际象棋锦标赛（个人乙组）女子组",230764,chess-results-spielersuche,https://s3.chess-results.com/tnr230764.aspx?lan=1&art=9&snr=79,SpielerSuche FIDE 8619891 tnr230764 CJK name column
8619905,"韦唐不凡,",,,"韦唐不凡,|2016 年全国国际象棋锦标赛（个人乙组）男子组",230769,chess-results-spielersuche,https://s3.chess-results.com/tnr230769.aspx?lan=1&art=9&snr=168,SpielerSuche FIDE 8619905 tnr230769 CJK name column
8619913,"张思林,",,,"张思林,|第九届秦皇岛全国国际象棋公开赛公开组",305482,chess-results-spielersuche,https://s3.chess-results.com/tnr305482.aspx?lan=1&art=9&snr=29,SpielerSuche FIDE 8619913 tnr305482 CJK name column
8619921,"张若川,",,,"张若川,|2016年全国国际象棋乙级联赛",230079,chess-results-spielersuche,https://s3.chess-results.com/tnr230079.aspx?lan=1&art=9&snr=103,SpielerSuche FIDE 8619921 tnr230079 CJK name column
8619948,"权衡,",,,"权衡,|2016 年全国国际象棋锦标赛（个人乙组）男子组",230769,chess-results-spielersuche,https://s3.chess-results.com/tnr230769.aspx?lan=1&art=9&snr=150,SpielerSuche FIDE 8619948 tnr230769 CJK name column
8619956,"秦旭彤,",,,"秦旭彤,|2016 年全国国际象棋锦标赛（个人乙组）女子组",230764,chess-results-spielersuche,https://s3.chess-results.com/tnr230764.aspx?lan=1&art=9&snr=78,SpielerSuche FIDE 8619956 tnr230764 CJK name column
8619964,"李昕桐,",,,"李昕桐,|2016 年全国国际象棋锦标赛（个人乙组）男子组",230769,chess-results-spielersuche,https://s3.chess-results.com/tnr230769.aspx?lan=1&art=9&snr=138,SpielerSuche FIDE 8619964 tnr230769 CJK name column
8619972,"曾祉黎,",,,"曾祉黎,|2018年全国国际象棋锦标赛（个人乙组）男子",366717,chess-results-spielersuche,https://s3.chess-results.com/tnr366717.aspx?lan=1&art=9&snr=228,SpielerSuche FIDE 8619972 tnr366717 CJK name column
8619999,李国豪,,,"李国豪,|2026年中国国际象棋甲级联赛 百叶龙杯”常规赛第一站长兴专",1443995,chess-results-spielersuche,https://s3.chess-results.com/tnr1443995.aspx?lan=1&art=9&snr=87,SpielerSuche FIDE 8619999 tnr1443995 CJK name column
8620008,"李之非,",,,"李之非,|2018年国际象棋男子世界冠军分区赛（中国区）",371475,chess-results-spielersuche,https://s3.chess-results.com/tnr371475.aspx?lan=1&art=9&snr=43,SpielerSuche FIDE 8620008 tnr371475 CJK name column
8620016,"刘椽,",,,"刘椽,|第四届全国智力运动会国际象棋比赛少年男子团体快棋冠亚军决赛和",490254,chess-results-spielersuche,https://s3.chess-results.com/tnr490254.aspx?lan=1&art=9&snr=5,SpielerSuche FIDE 8620016 tnr490254 CJK name column
8620024,"张婧,",,,"张婧,|2018中国国际象棋乙级联赛",365441,chess-results-spielersuche,https://s3.chess-results.com/tnr365441.aspx?lan=1&art=9&snr=81,SpielerSuche FIDE 8620024 tnr365441 CJK name column
8620032,邹政良,,,"邹政良,|2025年全国国际象棋青少年锦标赛（个人）暨第30届“李成智",1111361,chess-results-spielersuche,https://s3.chess-results.com/tnr1111361.aspx?lan=1&art=9&snr=30,SpielerSuche FIDE 8620032 tnr1111361 CJK name column
8620040,赵奕涵,,,"赵奕涵,|2024全国国际象棋青少年锦标赛（个人）暨第29届“李成智杯",892909,chess-results-spielersuche,https://s3.chess-results.com/tnr892909.aspx?lan=1&art=9&snr=13,SpielerSuche FIDE 8620040 tnr892909 CJK name column
8620059,"魏文锴,",,,"魏文锴,|2016年全国国际象棋乙级联赛",230079,chess-results-spielersuche,https://s3.chess-results.com/tnr230079.aspx?lan=1&art=9&snr=75,SpielerSuche FIDE 8620059 tnr230079 CJK name column
8620067,"罗奕翔,",,,"罗奕翔,|2016年全国国际象棋乙级联赛",230079,chess-results-spielersuche,https://s3.chess-results.com/tnr230079.aspx?lan=1&art=9&snr=27,SpielerSuche FIDE 8620067 tnr230079 CJK name column
8620075,"闫瑾,",,,"闫瑾,|2018年全国国际象棋锦标赛（个人乙组）男子",366717,chess-results-spielersuche,https://s3.chess-results.com/tnr366717.aspx?lan=1&art=9&snr=102,SpielerSuche FIDE 8620075 tnr366717 CJK name column
8620083,"温朗宁,",,,"温朗宁,|2016 年全国国际象棋锦标赛（个人乙组）男子组",230769,chess-results-spielersuche,https://s3.chess-results.com/tnr230769.aspx?lan=1&art=9&snr=169,SpielerSuche FIDE 8620083 tnr230769 CJK name column
8620091,"武晓刚,",,,"武晓刚,|2016 年全国国际象棋锦标赛（个人乙组）男子组",230769,chess-results-spielersuche,https://s3.chess-results.com/tnr230769.aspx?lan=1&art=9&snr=171,SpielerSuche FIDE 8620091 tnr230769 CJK name column
8620105,"王一茹,",,,"王一茹,|“机器人谷杯”二届中国城市国际象棋联赛复选赛",591874,chess-results-spielersuche,https://s3.chess-results.com/tnr591874.aspx?lan=1&art=9&snr=103,SpielerSuche FIDE 8620105 tnr591874 CJK name column
8620113,"王凤仪,",,,"王凤仪,|2017年全国国际象棋锦标赛（个人乙组）女子组",292210,chess-results-spielersuche,https://s3.chess-results.com/tnr292210.aspx?lan=1&art=9&snr=100,SpielerSuche FIDE 8620113 tnr292210 CJK name column
8620121,翟品然,,,"翟品然,|2023年全国国际象棋青少年锦标赛(个人)暨第28届“李成智",798385,chess-results-spielersuche,https://s3.chess-results.com/tnr798385.aspx?lan=1&art=9&snr=4,SpielerSuche FIDE 8620121 tnr798385 CJK name column
8620130,"王婧瑜,",,,"王婧瑜,|2018年全国国际象棋锦标赛（团体）女子组",360560,chess-results-spielersuche,https://s3.chess-results.com/tnr360560.aspx?lan=1&art=9&snr=17,SpielerSuche FIDE 8620130 tnr360560 CJK name column
8620148,王顺顺,,,"王顺顺,|2025年全国国际象棋青少年锦标赛（个人）暨第30届“李成智",1111357,chess-results-spielersuche,https://s3.chess-results.com/tnr1111357.aspx?lan=1&art=9&snr=4,SpielerSuche FIDE 8620148 tnr1111357 CJK name column
8620156,"阮之程,",,,"阮之程,|2025年全国国际象棋公开赛（聊城站）",1200704,chess-results-spielersuche,https://s3.chess-results.com/tnr1200704.aspx?lan=1&art=9&snr=20,SpielerSuche FIDE 8620156 tnr1200704 CJK name column
8620164,"孙宁邦,",,,"孙宁邦,|第四届全国智力运动会国际象棋比赛少年混合团体预赛",486109,chess-results-spielersuche,https://s3.chess-results.com/tnr486109.aspx?lan=1&art=9&snr=17,SpielerSuche FIDE 8620164 tnr486109 CJK name column
8620172,"道恩德格扎木苏荣,",,,"道恩德格扎木苏荣,|2025年全国国际象棋成人业余棋王挑战赛总决赛",1303568,chess-results-spielersuche,https://s3.chess-results.com/tnr1303568.aspx?lan=1&art=9&snr=25,SpielerSuche FIDE 8620172 tnr1303568 CJK name column
8620202,"布日勒敦,",,,"布日勒敦,|2016 年全国国际象棋锦标赛（个人乙组）男子组",230769,chess-results-spielersuche,https://s3.chess-results.com/tnr230769.aspx?lan=1&art=9&snr=95,SpielerSuche FIDE 8620202 tnr230769 CJK name column
8620210,"丁嘉莹,",,,"丁嘉莹,|2017年全国国际象棋锦标赛（个人乙组）女子组",292210,chess-results-spielersuche,https://s3.chess-results.com/tnr292210.aspx?lan=1&art=9&snr=78,SpielerSuche FIDE 8620210 tnr292210 CJK name column
8620229,龚孙乐,,,"龚孙乐,|2026年中国国际象棋甲级联赛 百叶龙杯”常规赛第一站长兴专",1443995,chess-results-spielersuche,https://s3.chess-results.com/tnr1443995.aspx?lan=1&art=9&snr=49,SpielerSuche FIDE 8620229 tnr1443995 CJK name column
8620245,"恩和,",,,"恩和,|2025年全国国际象棋成人业余棋王挑战赛总决赛",1303568,chess-results-spielersuche,https://s3.chess-results.com/tnr1303568.aspx?lan=1&art=9&snr=20,SpielerSuche FIDE 8620245 tnr1303568 CJK name column
8620253,"巴日古今高,",,,"巴日古今高,|2016 年全国国际象棋锦标赛（个人乙组）女子组",230764,chess-results-spielersuche,https://s3.chess-results.com/tnr230764.aspx?lan=1&art=9&snr=54,SpielerSuche FIDE 8620253 tnr230764 CJK name column
8620261,"居来提.塔依尔,",,,"居来提.塔依尔,|2016 年全国国际象棋锦标赛（个人乙组）男子组",230769,chess-results-spielersuche,https://s3.chess-results.com/tnr230769.aspx?lan=1&art=9&snr=131,SpielerSuche FIDE 8620261 tnr230769 CJK name column
8620270,"阿卜杜热合曼, · 纳麦提",,,"阿卜杜热合曼, · 纳麦提|第十五届全国运动会群众比赛国际象棋项目预赛男子个人公开组",1184154,chess-results-spielersuche,https://s3.chess-results.com/tnr1184154.aspx?lan=1&art=9&snr=21,SpielerSuche FIDE 8620270 tnr1184154 CJK name column
8620296,"刘一诺,",,,"刘一诺,|2024年中国国际象棋乙级联赛",984568,chess-results-spielersuche,https://s3.chess-results.com/tnr984568.aspx?lan=1&art=9&snr=62,SpielerSuche FIDE 8620296 tnr984568 CJK name column
8620300,"孔婧涵,",,,"孔婧涵,|2016年全国国际象棋乙级联赛",230079,chess-results-spielersuche,https://s3.chess-results.com/tnr230079.aspx?lan=1&art=9&snr=86,SpielerSuche FIDE 8620300 tnr230079 CJK name column
8620318,"卡德力丁·阿力木江,",,,"卡德力丁·阿力木江,|2018年全国国际象棋锦标赛（个人乙组）男子",366717,chess-results-spielersuche,https://s3.chess-results.com/tnr366717.aspx?lan=1&art=9&snr=110,SpielerSuche FIDE 8620318 tnr366717 CJK name column
8620342,"王梓帆,",,,"王梓帆,|2018年全国国际象棋锦标赛（个人乙组）男子",366717,chess-results-spielersuche,https://s3.chess-results.com/tnr366717.aspx?lan=1&art=9&snr=74,SpielerSuche FIDE 8620342 tnr366717 CJK name column
8620350,"陈芊如,",,,"陈芊如,|2019年全国国际象棋锦标赛（团体）女子组",450225,chess-results-spielersuche,https://s3.chess-results.com/tnr450225.aspx?lan=1&art=9&snr=38,SpielerSuche FIDE 8620350 tnr450225 CJK name column
8620377,"曲弘轩,",,,"曲弘轩,|第四届全国智力运动会国际象棋比赛少年混合团体预赛",486109,chess-results-spielersuche,https://s3.chess-results.com/tnr486109.aspx?lan=1&art=9&snr=16,SpielerSuche FIDE 8620377 tnr486109 CJK name column
8620407,"边强,",,,"边强,|2024年全国国际象棋锦标赛(团体)男子组",917611,chess-results-spielersuche,https://s3.chess-results.com/tnr917611.aspx?lan=1&art=9&snr=17,SpielerSuche FIDE 8620407 tnr917611 CJK name column
8620415,"卞海辰,",,,"卞海辰,|2017年全国国际象棋锦标赛（个人乙组）男子组",292211,chess-results-spielersuche,https://s3.chess-results.com/tnr292211.aspx?lan=1&art=9&snr=51,SpielerSuche FIDE 8620415 tnr292211 CJK name column
8620423,"陈逸轩,",,,"陈逸轩,|2016 年全国国际象棋锦标赛（个人乙组）男子组",230769,chess-results-spielersuche,https://s3.chess-results.com/tnr230769.aspx?lan=1&art=9&snr=100,SpielerSuche FIDE 8620423 tnr230769 CJK name column
8620431,"丁俊,",,,"丁俊,|2016年全国国际象棋乙级联赛",230079,chess-results-spielersuche,https://s3.chess-results.com/tnr230079.aspx?lan=1&art=9&snr=78,SpielerSuche FIDE 8620431 tnr230079 CJK name column
8620440,"何成路,",,,"何成路,|2018年谢侠逊棋王文化高峰论坛暨全国国际象棋快棋公开赛",385014,chess-results-spielersuche,https://s3.chess-results.com/tnr385014.aspx?lan=1&art=9&snr=6,SpielerSuche FIDE 8620440 tnr385014 CJK name column
8620458,"李明昊,",,,"李明昊,|2017年全国国际象棋锦标赛（个人乙组）男子组",292211,chess-results-spielersuche,https://s3.chess-results.com/tnr292211.aspx?lan=1&art=9&snr=100,SpielerSuche FIDE 8620458 tnr292211 CJK name column
8620466,"刘建童,",,,"刘建童,|2016年全国国际象棋乙级联赛",230079,chess-results-spielersuche,https://s3.chess-results.com/tnr230079.aspx?lan=1&art=9&snr=126,SpielerSuche FIDE 8620466 tnr230079 CJK name column
8620474,"孙尘,",,,"孙尘,|2021年全国国际象棋锦标赛（团体）女子组",585263,chess-results-spielersuche,https://s3.chess-results.com/tnr585263.aspx?lan=1&art=9&snr=22,SpielerSuche FIDE 8620474 tnr585263 CJK name column
8620482,"周云亮,",,,"周云亮,|2016 年全国国际象棋锦标赛（个人乙组）男子组",230769,chess-results-spielersuche,https://s3.chess-results.com/tnr230769.aspx?lan=1&art=9&snr=189,SpielerSuche FIDE 8620482 tnr230769 CJK name column
8620490,"左易名,",,,"左易名,|2016 年全国国际象棋锦标赛（个人乙组）女子组",230764,chess-results-spielersuche,https://s3.chess-results.com/tnr230764.aspx?lan=1&art=9&snr=97,SpielerSuche FIDE 8620490 tnr230764 CJK name column
8620504,"孙逸舟,",,,"孙逸舟,|2016 年全国国际象棋锦标赛（个人乙组）女子组",230764,chess-results-spielersuche,https://s3.chess-results.com/tnr230764.aspx?lan=1&art=9&snr=82,SpielerSuche FIDE 8620504 tnr230764 CJK name column
8620512,"刘思彤,",,,"刘思彤,|2016 年全国国际象棋锦标赛（个人乙组）女子组",230764,chess-results-spielersuche,https://s3.chess-results.com/tnr230764.aspx?lan=1&art=9&snr=73,SpielerSuche FIDE 8620512 tnr230764 CJK name column
8620520,"曹展宁,",,,"曹展宁,|2017年全国国际象棋锦标赛（个人乙组）男子组",292211,chess-results-spielersuche,https://s3.chess-results.com/tnr292211.aspx?lan=1&art=9&snr=76,SpielerSuche FIDE 8620520 tnr292211 CJK name column
8620539,"刘宜明,",,,"刘宜明,|2017年全国国际象棋锦标赛（个人乙组）男子组",292211,chess-results-spielersuche,https://s3.chess-results.com/tnr292211.aspx?lan=1&art=9&snr=97,SpielerSuche FIDE 8620539 tnr292211 CJK name column
8620547,"张家铭,",,,"张家铭,|2016 年全国国际象棋锦标赛（个人乙组）男子组",230769,chess-results-spielersuche,https://s3.chess-results.com/tnr230769.aspx?lan=1&art=9&snr=179,SpielerSuche FIDE 8620547 tnr230769 CJK name column
8620555,"张鑫磊,",,,"张鑫磊,|2017年全国国际象棋锦标赛（个人乙组）男子组",292211,chess-results-spielersuche,https://s3.chess-results.com/tnr292211.aspx?lan=1&art=9&snr=109,SpielerSuche FIDE 8620555 tnr292211 CJK name column
8620563,"赵敏君,",,,"赵敏君,|2017年全国国际象棋锦标赛（个人乙组）女子组",292210,chess-results-spielersuche,https://s3.chess-results.com/tnr292210.aspx?lan=1&art=9&snr=68,SpielerSuche FIDE 8620563 tnr292210 CJK name column
8620571,"胡泽涵,",,,"胡泽涵,|2024年全国国际象棋锦标赛（个人乙组）男子组",927196,chess-results-spielersuche,https://s3.chess-results.com/tnr927196.aspx?lan=1&art=9&snr=73,SpielerSuche FIDE 8620571 tnr927196 CJK name column
8620580,"刘宗欣,",,,"刘宗欣,|第四届全国智力运动会国际象棋比赛少年混合团体冠亚军决赛和三四",488487,chess-results-spielersuche,https://s3.chess-results.com/tnr488487.aspx?lan=1&art=9&snr=9,SpielerSuche FIDE 8620580 tnr488487 CJK name column
8620598,"杜昭睿,",,,"杜昭睿,|2017年全国国际象棋锦标赛（个人乙组）男子组",292211,chess-results-spielersuche,https://s3.chess-results.com/tnr292211.aspx?lan=1&art=9&snr=41,SpielerSuche FIDE 8620598 tnr292211 CJK name column
8620644,"刘猛,",,,"刘猛,|2024年中国国际象棋乙级联赛",984568,chess-results-spielersuche,https://s3.chess-results.com/tnr984568.aspx?lan=1&art=9&snr=41,SpielerSuche FIDE 8620644 tnr984568 CJK name column
8620679,"段旭阳,",,,"段旭阳,|2017年全国国际象棋锦标赛（个人乙组）男子组",292211,chess-results-spielersuche,https://s3.chess-results.com/tnr292211.aspx?lan=1&art=9&snr=78,SpielerSuche FIDE 8620679 tnr292211 CJK name column
8620695,"陶启兵,",,,"陶启兵,|2025年全国国际象棋锦标赛（个人）男子组",1200589,chess-results-spielersuche,https://s3.chess-results.com/tnr1200589.aspx?lan=1&art=9&snr=53,SpielerSuche FIDE 8620695 tnr1200589 CJK name column
8620709,"张思齐,",,,"张思齐,|2018年全国国际象棋锦标赛（个人乙组）男子",366717,chess-results-spielersuche,https://s3.chess-results.com/tnr366717.aspx?lan=1&art=9&snr=112,SpielerSuche FIDE 8620709 tnr366717 CJK name column
8620717,"欧洳希,",,,"欧洳希,|""瑞贝卡杯“2022 全国国际象棋锦标赛（团体）女子组",729716,chess-results-spielersuche,https://s3.chess-results.com/tnr729716.aspx?lan=1&art=9&snr=25,SpielerSuche FIDE 8620717 tnr729716 CJK name column
8620725,"李居辰,",,,"李居辰,|2023年全国国际象棋青少年锦标赛(个人)暨第28届“李成智",798389,chess-results-spielersuche,https://s3.chess-results.com/tnr798389.aspx?lan=1&art=9&snr=47,SpielerSuche FIDE 8620725 tnr798389 CJK name column
8620733,"俞磊,",,,"俞磊,|第十五届全国运动会群众比赛国际象棋项目决赛混合团体业余组循环",1245066,chess-results-spielersuche,https://s3.chess-results.com/tnr1245066.aspx?lan=1&art=9&snr=1,SpielerSuche FIDE 8620733 tnr1245066 CJK name column
8620750,"张睿,",,,"张睿,",544028,chess-results-spielersuche,https://s3.chess-results.com/tnr544028.aspx?lan=1&art=9&snr=9,SpielerSuche FIDE 8620750 tnr544028 CJK name column
8620776,"寇大华,",,,"寇大华,|2016年全国国际象棋锦标赛（团体）男子组",231990,chess-results-spielersuche,https://s3.chess-results.com/tnr231990.aspx?lan=1&art=9&snr=67,SpielerSuche FIDE 8620776 tnr231990 CJK name column
8620784,"张柯宇,",,,"张柯宇,|2018年全国国际象棋锦标赛（个人乙组）男子",366717,chess-results-spielersuche,https://s3.chess-results.com/tnr366717.aspx?lan=1&art=9&snr=120,SpielerSuche FIDE 8620784 tnr366717 CJK name column
8620814,"陈牧野,",,,"陈牧野,|2017年全国国际象棋锦标赛（个人乙组）男子组",292211,chess-results-spielersuche,https://s3.chess-results.com/tnr292211.aspx?lan=1&art=9&snr=104,SpielerSuche FIDE 8620814 tnr292211 CJK name column
8620822,"周欣,",,,"周欣,|2018年全国国际象棋锦标赛（个人乙组）男子",366717,chess-results-spielersuche,https://s3.chess-results.com/tnr366717.aspx?lan=1&art=9&snr=237,SpielerSuche FIDE 8620822 tnr366717 CJK name column
8620830,"唐可然,",,,"唐可然,|2025年全国国际象棋成人业余棋王挑战赛总决赛",1303568,chess-results-spielersuche,https://s3.chess-results.com/tnr1303568.aspx?lan=1&art=9&snr=42,SpielerSuche FIDE 8620830 tnr1303568 CJK name column
8620849,"孔婧涵,",,,"孔婧涵,|第四届全国智力运动会国际象棋比赛少年女子团体快棋冠亚军决赛和",490255,chess-results-spielersuche,https://s3.chess-results.com/tnr490255.aspx?lan=1&art=9&snr=2,SpielerSuche FIDE 8620849 tnr490255 CJK name column
8620865,"宋林轩,",,,"宋林轩,|第四届全国智力运动会国际象棋比赛少年男子团体快棋预赛",486111,chess-results-spielersuche,https://s3.chess-results.com/tnr486111.aspx?lan=1&art=9&snr=73,SpielerSuche FIDE 8620865 tnr486111 CJK name column
8620881,"戚黧兮,",,,"戚黧兮,|2018年全国国际象棋锦标赛（个人乙组）女子",366721,chess-results-spielersuche,https://s3.chess-results.com/tnr366721.aspx?lan=1&art=9&snr=64,SpielerSuche FIDE 8620881 tnr366721 CJK name column
8620911,"何璨舟,",,,"何璨舟,|2019年全国国际象棋锦标赛（个人乙组）男子个人",453632,chess-results-spielersuche,https://s3.chess-results.com/tnr453632.aspx?lan=1&art=9&snr=52,SpielerSuche FIDE 8620911 tnr453632 CJK name column
8620938,魏建州,,,"魏建州,|2024全国国际象棋青少年锦标赛（个人）暨第29届“李成智杯",892910,chess-results-spielersuche,https://s3.chess-results.com/tnr892910.aspx?lan=1&art=9&snr=9,SpielerSuche FIDE 8620938 tnr892910 CJK name column
8620946,陈一宁,,,"陈一宁,|2026年中国国际象棋甲级联赛 百叶龙杯”常规赛第一站长兴专",1443995,chess-results-spielersuche,https://s3.chess-results.com/tnr1443995.aspx?lan=1&art=9&snr=97,SpielerSuche FIDE 8620946 tnr1443995 CJK name column
8620954,"陈凯临,",,,"陈凯临,|“中国体育彩票杯”2025年第一届深圳市国际象棋新人王赛",1303559,chess-results-spielersuche,https://s3.chess-results.com/tnr1303559.aspx?lan=1&art=9&snr=3,SpielerSuche FIDE 8620954 tnr1303559 CJK name column
8620997,test赛,,"Li, Ande",test赛,672620,chess-results-spielersuche,https://s3.chess-results.com/tnr672620.aspx?lan=1&art=9&snr=6,SpielerSuche FIDE 8620997 tnr672620 CJK name column
8621055,何雨泽,,,"何雨泽,|2024全国国际象棋青少年锦标赛（个人）暨第29届“李成智杯",892910,chess-results-spielersuche,https://s3.chess-results.com/tnr892910.aspx?lan=1&art=9&snr=55,SpielerSuche FIDE 8621055 tnr892910 CJK name column
8621101,"王飞,",,,"王飞,|第十五届全国运动会群众比赛国际象棋项目预赛男子个人业余组",1184155,chess-results-spielersuche,https://s3.chess-results.com/tnr1184155.aspx?lan=1&art=9&snr=27,SpielerSuche FIDE 8621101 tnr1184155 CJK name column
8621187,丁星懿,,,"丁星懿,|2025年中国国际象棋乙级联赛",1229905,chess-results-spielersuche,https://s3.chess-results.com/tnr1229905.aspx?lan=1&art=9&snr=47,SpielerSuche FIDE 8621187 tnr1229905 CJK name column
8621195,李昊桐,,,"李昊桐,|2024年中国国际象棋乙级联赛",984568,chess-results-spielersuche,https://s3.chess-results.com/tnr984568.aspx?lan=1&art=9&snr=105,SpielerSuche FIDE 8621195 tnr984568 CJK name column
8621217,"索妮亚,",,,"索妮亚,|2024年内蒙古国际象棋公开赛公开组",931673,chess-results-spielersuche,https://s3.chess-results.com/tnr931673.aspx?lan=1&art=9&snr=6,SpielerSuche FIDE 8621217 tnr931673 CJK name column
8621225,"王心泊,",,,"王心泊,|第四届全国智力运动会国际象棋比赛少年男子团体快棋预赛",486111,chess-results-spielersuche,https://s3.chess-results.com/tnr486111.aspx?lan=1&art=9&snr=32,SpielerSuche FIDE 8621225 tnr486111 CJK name column
8621241,"廉适安,",,,"廉适安,|2018年国际象棋男子世界冠军分区赛（中国区）",371475,chess-results-spielersuche,https://s3.chess-results.com/tnr371475.aspx?lan=1&art=9&snr=42,SpielerSuche FIDE 8621241 tnr371475 CJK name column
8621268,"杜春晖,",,,"杜春晖,|2024年全国国际象棋快棋超快棋锦标赛超快棋赛 男子组",1058129,chess-results-spielersuche,https://s3.chess-results.com/tnr1058129.aspx?lan=1&art=9&snr=25,SpielerSuche FIDE 8621268 tnr1058129 CJK name column
8621284,"洪翊霖,",,,"洪翊霖,|2019年全国国际象棋锦标赛（个人乙组）男子个人",453632,chess-results-spielersuche,https://s3.chess-results.com/tnr453632.aspx?lan=1&art=9&snr=51,SpielerSuche FIDE 8621284 tnr453632 CJK name column
8621314,蔺浩天,,,"蔺浩天,|2025年全国国际象棋成人业余棋王挑战赛总决赛",1303568,chess-results-spielersuche,https://s3.chess-results.com/tnr1303568.aspx?lan=1&art=9&snr=23,SpielerSuche FIDE 8621314 tnr1303568 CJK name column
8621349,"吴尘,",,,"吴尘,|2019年中国国际象棋乙级联赛",457254,chess-results-spielersuche,https://s3.chess-results.com/tnr457254.aspx?lan=1&art=9&snr=132,SpielerSuche FIDE 8621349 tnr457254 CJK name column
8621357,"修翊瑄,",,,"修翊瑄,|第四届全国智力运动会国际象棋比赛少年男子团体快棋预赛",486111,chess-results-spielersuche,https://s3.chess-results.com/tnr486111.aspx?lan=1&art=9&snr=81,SpielerSuche FIDE 8621357 tnr486111 CJK name column
8621381,"崔瑄倞,",,,"崔瑄倞,|2017年全国国际象棋锦标赛（个人乙组）男子组",292211,chess-results-spielersuche,https://s3.chess-results.com/tnr292211.aspx?lan=1&art=9&snr=114,SpielerSuche FIDE 8621381 tnr292211 CJK name column
8621411,石湛然,,,"石湛然,|2024全国国际象棋青少年锦标赛（个人）暨第29届“李成智杯",892909,chess-results-spielersuche,https://s3.chess-results.com/tnr892909.aspx?lan=1&art=9&snr=36,SpielerSuche FIDE 8621411 tnr892909 CJK name column
8621420,"戴辰祎,",,,"戴辰祎,|2025年全国国际象棋棋协大师赛（绍兴站）棋协大师组",1214030,chess-results-spielersuche,https://s3.chess-results.com/tnr1214030.aspx?lan=1&art=9&snr=54,SpielerSuche FIDE 8621420 tnr1214030 CJK name column
8621446,"费添皓,",,,"费添皓,|2017年白雪杯国际象棋公开赛",277401,chess-results-spielersuche,https://s3.chess-results.com/tnr277401.aspx?lan=1&art=9&snr=26,SpielerSuche FIDE 8621446 tnr277401 CJK name column
8621454,何鑫宇,,,"何鑫宇,|2024全国国际象棋青少年锦标赛（个人）暨第29届“李成智杯",892910,chess-results-spielersuche,https://s3.chess-results.com/tnr892910.aspx?lan=1&art=9&snr=32,SpielerSuche FIDE 8621454 tnr892910 CJK name column
8621489,"刘宸宇,",,,"刘宸宇,|2023年全国国际象棋青少年锦标赛(个人)暨第28届“李成智",798389,chess-results-spielersuche,https://s3.chess-results.com/tnr798389.aspx?lan=1&art=9&snr=33,SpielerSuche FIDE 8621489 tnr798389 CJK name column
8621500,"龚孙嘉,",,,"龚孙嘉,|第九届秦皇岛全国国际象棋公开赛公开组",305482,chess-results-spielersuche,https://s3.chess-results.com/tnr305482.aspx?lan=1&art=9&snr=23,SpielerSuche FIDE 8621500 tnr305482 CJK name column
8621527,杨亿锋,,,"杨亿锋,|2024全国国际象棋青少年锦标赛（个人）暨第29届“李成智杯",892910,chess-results-spielersuche,https://s3.chess-results.com/tnr892910.aspx?lan=1&art=9&snr=72,SpielerSuche FIDE 8621527 tnr892910 CJK name column
8621543,"黄亦石,",,,"黄亦石,|2017年全国国际象棋锦标赛（个人乙组）男子组",292211,chess-results-spielersuche,https://s3.chess-results.com/tnr292211.aspx?lan=1&art=9&snr=124,SpielerSuche FIDE 8621543 tnr292211 CJK name column
8621560,"李昊一,",,,"李昊一,|第四届全国智力运动会国际象棋比赛少年男子团体快棋预赛",486111,chess-results-spielersuche,https://s3.chess-results.com/tnr486111.aspx?lan=1&art=9&snr=98,SpielerSuche FIDE 8621560 tnr486111 CJK name column
8621640,"崔一格,",,,"崔一格,|2026年深圳市国际象棋棋协大师公开赛",1333506,chess-results-spielersuche,https://s3.chess-results.com/tnr1333506.aspx?lan=1&art=9&snr=5,SpielerSuche FIDE 8621640 tnr1333506 CJK name column
8621748,刘歆蕊,,,"刘歆蕊,|2024年全国国际象棋青少年锦标赛（个人）暨第29 届""李成",892943,chess-results-spielersuche,https://s3.chess-results.com/tnr892943.aspx?lan=1&art=9&snr=13,SpielerSuche FIDE 8621748 tnr892943 CJK name column
8621845,"余景睿,",,,"余景睿,|2018年全国国际象棋锦标赛（个人乙组）男子",366717,chess-results-spielersuche,https://s3.chess-results.com/tnr366717.aspx?lan=1&art=9&snr=225,SpielerSuche FIDE 8621845 tnr366717 CJK name column
8621888,"周莘卜,",,,"周莘卜,|2018年全国国际象棋锦标赛（个人乙组）男子",366717,chess-results-spielersuche,https://s3.chess-results.com/tnr366717.aspx?lan=1&art=9&snr=238,SpielerSuche FIDE 8621888 tnr366717 CJK name column
8621896,"邹珺清,",,,"邹珺清,|2018年全国国际象棋锦标赛（个人乙组）男子",366717,chess-results-spielersuche,https://s3.chess-results.com/tnr366717.aspx?lan=1&art=9&snr=99,SpielerSuche FIDE 8621896 tnr366717 CJK name column
8621934,"雷云宝,",,,"雷云宝,|2019年全国国际象棋锦标赛（个人乙组）男子个人",453632,chess-results-spielersuche,https://s3.chess-results.com/tnr453632.aspx?lan=1&art=9&snr=88,SpielerSuche FIDE 8621934 tnr453632 CJK name column
8622035,"查驭涵,",,,"查驭涵,|2017年全国国际象棋锦标赛（个人乙组）男子组",292211,chess-results-spielersuche,https://s3.chess-results.com/tnr292211.aspx?lan=1&art=9&snr=213,SpielerSuche FIDE 8622035 tnr292211 CJK name column
8622043,"戴超鸿,",,,"戴超鸿,|2017年白雪杯国际象棋公开赛",277401,chess-results-spielersuche,https://s3.chess-results.com/tnr277401.aspx?lan=1&art=9&snr=25,SpielerSuche FIDE 8622043 tnr277401 CJK name column
8622051,"刘贵强,",,,"刘贵强,|2017年白雪杯国际象棋公开赛",277401,chess-results-spielersuche,https://s3.chess-results.com/tnr277401.aspx?lan=1&art=9&snr=36,SpielerSuche FIDE 8622051 tnr277401 CJK name column
8622060,"杨其明,",,,"杨其明,|2017年白雪杯国际象棋公开赛",277401,chess-results-spielersuche,https://s3.chess-results.com/tnr277401.aspx?lan=1&art=9&snr=50,SpielerSuche FIDE 8622060 tnr277401 CJK name column
8622078,"袁品琪,",,,"袁品琪,|2017年白雪杯国际象棋公开赛",277401,chess-results-spielersuche,https://s3.chess-results.com/tnr277401.aspx?lan=1&art=9&snr=51,SpielerSuche FIDE 8622078 tnr277401 CJK name column
8622086,"顾予皓,",,,"顾予皓,|2017年白雪杯国际象棋公开赛",277401,chess-results-spielersuche,https://s3.chess-results.com/tnr277401.aspx?lan=1&art=9&snr=28,SpielerSuche FIDE 8622086 tnr277401 CJK name column
8622094,"徐勤淑,",,,"徐勤淑,|2017年白雪杯国际象棋公开赛",277401,chess-results-spielersuche,https://s3.chess-results.com/tnr277401.aspx?lan=1&art=9&snr=49,SpielerSuche FIDE 8622094 tnr277401 CJK name column
8622108,"朱宸可,",,,"朱宸可,|2017年白雪杯国际象棋公开赛",277401,chess-results-spielersuche,https://s3.chess-results.com/tnr277401.aspx?lan=1&art=9&snr=56,SpielerSuche FIDE 8622108 tnr277401 CJK name column
8622116,周书萌,,"Zhou, Shumeng",单循环团体赛 测试赛,1445442,chess-results-spielersuche,https://s3.chess-results.com/tnr1445442.aspx?lan=1&art=9&snr=30,SpielerSuche FIDE 8622116 tnr1445442 CJK name column
8622124,"孙青全,",,,"孙青全,",1451862,chess-results-spielersuche,https://s3.chess-results.com/tnr1451862.aspx?lan=1&art=9&snr=38,SpielerSuche FIDE 8622124 tnr1451862 CJK name column
8622132,"黄亦伟,",,,"黄亦伟,|2023年全国国际象棋锦标赛(个人乙组)男子组",757168,chess-results-spielersuche,https://s3.chess-results.com/tnr757168.aspx?lan=1&art=9&snr=108,SpielerSuche FIDE 8622132 tnr757168 CJK name column
8622140,"纪钢,",,,"纪钢,|2017年白雪杯国际象棋公开赛",277401,chess-results-spielersuche,https://s3.chess-results.com/tnr277401.aspx?lan=1&art=9&snr=31,SpielerSuche FIDE 8622140 tnr277401 CJK name column
8622159,"蒋国民,",,,"蒋国民,|2017年白雪杯国际象棋公开赛",277401,chess-results-spielersuche,https://s3.chess-results.com/tnr277401.aspx?lan=1&art=9&snr=32,SpielerSuche FIDE 8622159 tnr277401 CJK name column
8622167,"孔维超,",,,"孔维超,|2017年白雪杯国际象棋公开赛",277401,chess-results-spielersuche,https://s3.chess-results.com/tnr277401.aspx?lan=1&art=9&snr=33,SpielerSuche FIDE 8622167 tnr277401 CJK name column
8622175,"孔维然,",,,"孔维然,|2017年白雪杯国际象棋公开赛",277401,chess-results-spielersuche,https://s3.chess-results.com/tnr277401.aspx?lan=1&art=9&snr=34,SpielerSuche FIDE 8622175 tnr277401 CJK name column
8622183,"林君骋,",,,"林君骋,|2019年全国国际象棋锦标赛（个人乙组）男子个人",453632,chess-results-spielersuche,https://s3.chess-results.com/tnr453632.aspx?lan=1&art=9&snr=61,SpielerSuche FIDE 8622183 tnr453632 CJK name column
8622191,"潘南至,",,,"潘南至,|2017年白雪杯国际象棋公开赛",277401,chess-results-spielersuche,https://s3.chess-results.com/tnr277401.aspx?lan=1&art=9&snr=39,SpielerSuche FIDE 8622191 tnr277401 CJK name column
8622205,"汪知然,",,,"汪知然,|2017年白雪杯国际象棋公开赛",277401,chess-results-spielersuche,https://s3.chess-results.com/tnr277401.aspx?lan=1&art=9&snr=46,SpielerSuche FIDE 8622205 tnr277401 CJK name column
8622213,"王冬,",,,"王冬,|2017年白雪杯国际象棋公开赛",277401,chess-results-spielersuche,https://s3.chess-results.com/tnr277401.aspx?lan=1&art=9&snr=43,SpielerSuche FIDE 8622213 tnr277401 CJK name column
8622221,"王天晟,",,,"王天晟,|2017年白雪杯国际象棋公开赛",277401,chess-results-spielersuche,https://s3.chess-results.com/tnr277401.aspx?lan=1&art=9&snr=44,SpielerSuche FIDE 8622221 tnr277401 CJK name column
8622230,"张敏,",,,"张敏,|2025年全国国际象棋公开赛（苏州站）",1250403,chess-results-spielersuche,https://s3.chess-results.com/tnr1250403.aspx?lan=1&art=9&snr=58,SpielerSuche FIDE 8622230 tnr1250403 CJK name column
8622272,李德扬,,,"李德扬,|2024全国国际象棋青少年锦标赛（个人）暨第29届“李成智杯",892909,chess-results-spielersuche,https://s3.chess-results.com/tnr892909.aspx?lan=1&art=9&snr=22,SpielerSuche FIDE 8622272 tnr892909 CJK name column
8622280,"张度,",,,"张度,|2017年全国国际象棋锦标赛（个人乙组）男子组",292211,chess-results-spielersuche,https://s3.chess-results.com/tnr292211.aspx?lan=1&art=9&snr=217,SpielerSuche FIDE 8622280 tnr292211 CJK name column
8622329,"黄钰杭,",,,"黄钰杭,|第四届全国智力运动会国际象棋比赛少年男子团体快棋预赛",486111,chess-results-spielersuche,https://s3.chess-results.com/tnr486111.aspx?lan=1&art=9&snr=3,SpielerSuche FIDE 8622329 tnr486111 CJK name column
8622337,"刘婧娴,",,,"刘婧娴,|2018年全国国际象棋锦标赛（个人乙组）女子",366721,chess-results-spielersuche,https://s3.chess-results.com/tnr366721.aspx?lan=1&art=9&snr=61,SpielerSuche FIDE 8622337 tnr366721 CJK name column
8622353,"孙鹏翔,",,,"孙鹏翔,|2025年全国国际象棋成人业余棋王挑战赛总决赛",1303568,chess-results-spielersuche,https://s3.chess-results.com/tnr1303568.aspx?lan=1&art=9&snr=32,SpielerSuche FIDE 8622353 tnr1303568 CJK name column
8622361,"周子钰,",,,"周子钰,|2023年全国国际象棋青少年锦标赛(个人)暨第28届“李成智",798390,chess-results-spielersuche,https://s3.chess-results.com/tnr798390.aspx?lan=1&art=9&snr=28,SpielerSuche FIDE 8622361 tnr798390 CJK name column
8622370,"梁敬承,",,,"梁敬承,|2019年全国国际象棋锦标赛（个人乙组）男子个人",453632,chess-results-spielersuche,https://s3.chess-results.com/tnr453632.aspx?lan=1&art=9&snr=96,SpielerSuche FIDE 8622370 tnr453632 CJK name column
8622388,肖同,,,"肖同,|2026年中国国际象棋甲级联赛 百叶龙杯”常规赛第一站长兴专",1443995,chess-results-spielersuche,https://s3.chess-results.com/tnr1443995.aspx?lan=1&art=9&snr=18,SpielerSuche FIDE 8622388 tnr1443995 CJK name column
8622396,"刘志鹏,",,,"刘志鹏,|2017年全国国际象棋锦标赛（个人乙组）男子组",292211,chess-results-spielersuche,https://s3.chess-results.com/tnr292211.aspx?lan=1&art=9&snr=172,SpielerSuche FIDE 8622396 tnr292211 CJK name column
8622400,"任飞,",,,"任飞,|2017年全国国际象棋锦标赛（个人乙组）男子组",292211,chess-results-spielersuche,https://s3.chess-results.com/tnr292211.aspx?lan=1&art=9&snr=177,SpielerSuche FIDE 8622400 tnr292211 CJK name column
8622418,"潘子健,",,,"潘子健,|2017年全国国际象棋锦标赛（个人乙组）男子组",292211,chess-results-spielersuche,https://s3.chess-results.com/tnr292211.aspx?lan=1&art=9&snr=175,SpielerSuche FIDE 8622418 tnr292211 CJK name column
8622426,任翔,,,"任翔,|2024全国国际象棋青少年锦标赛（个人）暨第29届“李成智杯",892909,chess-results-spielersuche,https://s3.chess-results.com/tnr892909.aspx?lan=1&art=9&snr=21,SpielerSuche FIDE 8622426 tnr892909 CJK name column
8622434,"何佩晓,",,,"何佩晓,|2017年全国国际象棋锦标赛（个人乙组）男子组",292211,chess-results-spielersuche,https://s3.chess-results.com/tnr292211.aspx?lan=1&art=9&snr=144,SpielerSuche FIDE 8622434 tnr292211 CJK name column
8622442,"林资原,",,,"林资原,|2017年全国国际象棋锦标赛（个人乙组）男子组",292211,chess-results-spielersuche,https://s3.chess-results.com/tnr292211.aspx?lan=1&art=9&snr=167,SpielerSuche FIDE 8622442 tnr292211 CJK name column
8622450,邵麒羽,,,"邵麒羽,",1451862,chess-results-spielersuche,https://s3.chess-results.com/tnr1451862.aspx?lan=1&art=9&snr=40,SpielerSuche FIDE 8622450 tnr1451862 CJK name column
8622469,"杨颖馨,",,,"杨颖馨,|第四届全国智力运动会国际象棋比赛少年混合团体预赛",486109,chess-results-spielersuche,https://s3.chess-results.com/tnr486109.aspx?lan=1&art=9&snr=19,SpielerSuche FIDE 8622469 tnr486109 CJK name column
8622477,"李欣阳,",,,"李欣阳,|2019年全国国际象棋锦标赛（团体）女子组",450225,chess-results-spielersuche,https://s3.chess-results.com/tnr450225.aspx?lan=1&art=9&snr=37,SpielerSuche FIDE 8622477 tnr450225 CJK name column
8622485,2017下半年中国国际象棋队二队选拔赛男子组,,"Jin, Luo",2017下半年中国国际象棋队二队选拔赛男子组,290477,chess-results-spielersuche,https://s3.chess-results.com/tnr290477.aspx?lan=1&art=9&snr=20,SpielerSuche FIDE 8622485 tnr290477 CJK name column
8622507,"唐润楠,",,,"唐润楠,|2019年全国国际象棋锦标赛（个人乙组）男子个人",453632,chess-results-spielersuche,https://s3.chess-results.com/tnr453632.aspx?lan=1&art=9&snr=67,SpielerSuche FIDE 8622507 tnr453632 CJK name column
8622515,"李天圣,",,,"李天圣,|2017年全国国际象棋锦标赛（个人乙组）男子组",292211,chess-results-spielersuche,https://s3.chess-results.com/tnr292211.aspx?lan=1&art=9&snr=163,SpielerSuche FIDE 8622515 tnr292211 CJK name column
8622523,"常怀月,",,,"常怀月,|2017年全国国际象棋锦标赛（个人乙组）女子组",292210,chess-results-spielersuche,https://s3.chess-results.com/tnr292210.aspx?lan=1&art=9&snr=73,SpielerSuche FIDE 8622523 tnr292210 CJK name column
8622531,"付靖雯,",,,"付靖雯,|2017年全国国际象棋锦标赛（个人乙组）女子组",292210,chess-results-spielersuche,https://s3.chess-results.com/tnr292210.aspx?lan=1&art=9&snr=79,SpielerSuche FIDE 8622531 tnr292210 CJK name column
8622540,"魏星晨,",,,"魏星晨,|第九届秦皇岛全国国际象棋公开赛公开组",305482,chess-results-spielersuche,https://s3.chess-results.com/tnr305482.aspx?lan=1&art=9&snr=37,SpielerSuche FIDE 8622540 tnr305482 CJK name column
8622558,"郑翔,",,,"郑翔,|2017年全国国际象棋锦标赛（个人乙组）男子组",292211,chess-results-spielersuche,https://s3.chess-results.com/tnr292211.aspx?lan=1&art=9&snr=222,SpielerSuche FIDE 8622558 tnr292211 CJK name column
8622566,"张航,",,,"张航,|第九届秦皇岛全国国际象棋公开赛公开组",305482,chess-results-spielersuche,https://s3.chess-results.com/tnr305482.aspx?lan=1&art=9&snr=18,SpielerSuche FIDE 8622566 tnr305482 CJK name column
8622574,"申羽霄,",,,"申羽霄,|2017年全国国际象棋锦标赛（个人乙组）男子组",292211,chess-results-spielersuche,https://s3.chess-results.com/tnr292211.aspx?lan=1&art=9&snr=180,SpielerSuche FIDE 8622574 tnr292211 CJK name column
8622582,"李行健,",,,"李行健,|2017年全国国际象棋锦标赛（个人乙组）男子组",292211,chess-results-spielersuche,https://s3.chess-results.com/tnr292211.aspx?lan=1&art=9&snr=164,SpielerSuche FIDE 8622582 tnr292211 CJK name column
8622590,"刘禹涵,",,,"刘禹涵,|第九届秦皇岛全国国际象棋公开赛公开组",305482,chess-results-spielersuche,https://s3.chess-results.com/tnr305482.aspx?lan=1&art=9&snr=28,SpielerSuche FIDE 8622590 tnr305482 CJK name column
8622604,"赵一诺,",,,"赵一诺,|2017年全国国际象棋锦标赛（个人乙组）女子组",292210,chess-results-spielersuche,https://s3.chess-results.com/tnr292210.aspx?lan=1&art=9&snr=110,SpielerSuche FIDE 8622604 tnr292210 CJK name column
8622612,"杨硕,",,,"杨硕,|2017年全国国际象棋锦标赛（个人乙组）男子组",292211,chess-results-spielersuche,https://s3.chess-results.com/tnr292211.aspx?lan=1&art=9&snr=210,SpielerSuche FIDE 8622612 tnr292211 CJK name column
8622620,"杨皓博,",,,"杨皓博,|2017年全国国际象棋锦标赛（个人乙组）男子组",292211,chess-results-spielersuche,https://s3.chess-results.com/tnr292211.aspx?lan=1&art=9&snr=208,SpielerSuche FIDE 8622620 tnr292211 CJK name column
8622639,"刘晨杨,",,,"刘晨杨,|第四届全国智力运动会国际象棋比赛少年女子团体快棋预赛",486112,chess-results-spielersuche,https://s3.chess-results.com/tnr486112.aspx?lan=1&art=9&snr=10,SpielerSuche FIDE 8622639 tnr486112 CJK name column
8622647,"金志开,",,,"金志开,|2017年全国国际象棋锦标赛（个人乙组）男子组",292211,chess-results-spielersuche,https://s3.chess-results.com/tnr292211.aspx?lan=1&art=9&snr=154,SpielerSuche FIDE 8622647 tnr292211 CJK name column
8622655,"邓家睿,",,,"邓家睿,|2017年全国国际象棋锦标赛（个人乙组）男子组",292211,chess-results-spielersuche,https://s3.chess-results.com/tnr292211.aspx?lan=1&art=9&snr=135,SpielerSuche FIDE 8622655 tnr292211 CJK name column
8622663,"余博,",,,"余博,|2017年全国国际象棋锦标赛（个人乙组）男子组",292211,chess-results-spielersuche,https://s3.chess-results.com/tnr292211.aspx?lan=1&art=9&snr=152,SpielerSuche FIDE 8622663 tnr292211 CJK name column
8622671,"蒋祺俞,",,,"蒋祺俞,|2018年全国国际象棋锦标赛（个人乙组）男子",366717,chess-results-spielersuche,https://s3.chess-results.com/tnr366717.aspx?lan=1&art=9&snr=98,SpielerSuche FIDE 8622671 tnr366717 CJK name column
8622680,顾祥瀚,,,"顾祥瀚,|2026年中国国际象棋甲级联赛 百叶龙杯”常规赛第一站长兴专",1443995,chess-results-spielersuche,https://s3.chess-results.com/tnr1443995.aspx?lan=1&art=9&snr=23,SpielerSuche FIDE 8622680 tnr1443995 CJK name column
8622698,"陈羽辰,",,,"陈羽辰,|2018年全国国际象棋锦标赛（个人乙组）男子",366717,chess-results-spielersuche,https://s3.chess-results.com/tnr366717.aspx?lan=1&art=9&snr=139,SpielerSuche FIDE 8622698 tnr366717 CJK name column
8622701,"彭镜一,",,,"彭镜一,|2017年全国国际象棋锦标赛（个人乙组）男子组",292211,chess-results-spielersuche,https://s3.chess-results.com/tnr292211.aspx?lan=1&art=9&snr=176,SpielerSuche FIDE 8622701 tnr292211 CJK name column
8622710,"刘尚轩,",,,"刘尚轩,|2017年全国国际象棋锦标赛（个人乙组）男子组",292211,chess-results-spielersuche,https://s3.chess-results.com/tnr292211.aspx?lan=1&art=9&snr=170,SpielerSuche FIDE 8622710 tnr292211 CJK name column
8622736,"吴晋豪,",,,"吴晋豪,|2017年全国国际象棋锦标赛（个人乙组）男子组",292211,chess-results-spielersuche,https://s3.chess-results.com/tnr292211.aspx?lan=1&art=9&snr=202,SpielerSuche FIDE 8622736 tnr292211 CJK name column
8622744,"李泊希,",,,"李泊希,|第四届全国智力运动会国际象棋比赛少年男子个人预赛",486105,chess-results-spielersuche,https://s3.chess-results.com/tnr486105.aspx?lan=1&art=9&snr=40,SpielerSuche FIDE 8622744 tnr486105 CJK name column
8622752,"蔡朵朵,",,,"蔡朵朵,|2017年全国国际象棋锦标赛（个人乙组）女子组",292210,chess-results-spielersuche,https://s3.chess-results.com/tnr292210.aspx?lan=1&art=9&snr=72,SpielerSuche FIDE 8622752 tnr292210 CJK name column
8622779,"陈吉,",,,"陈吉,|2017年全国国际象棋锦标赛（个人乙组）男子组",292211,chess-results-spielersuche,https://s3.chess-results.com/tnr292211.aspx?lan=1&art=9&snr=128,SpielerSuche FIDE 8622779 tnr292211 CJK name column
8622787,"陈一格,",,,"陈一格,|2017年全国国际象棋锦标赛（个人乙组）男子组",292211,chess-results-spielersuche,https://s3.chess-results.com/tnr292211.aspx?lan=1&art=9&snr=132,SpielerSuche FIDE 8622787 tnr292211 CJK name column
8622795,胡哲宁,,,"胡哲宁,|2024全国国际象棋青少年锦标赛（个人）暨第29届“李成智杯",892909,chess-results-spielersuche,https://s3.chess-results.com/tnr892909.aspx?lan=1&art=9&snr=27,SpielerSuche FIDE 8622795 tnr892909 CJK name column
8622809,"荆纪语,",,,"荆纪语,|2018中国国际象棋乙级联赛",365441,chess-results-spielersuche,https://s3.chess-results.com/tnr365441.aspx?lan=1&art=9&snr=44,SpielerSuche FIDE 8622809 tnr365441 CJK name column
8622817,"李初阳,",,,"李初阳,|2017年全国国际象棋锦标赛（个人乙组）男子组",292211,chess-results-spielersuche,https://s3.chess-results.com/tnr292211.aspx?lan=1&art=9&snr=157,SpielerSuche FIDE 8622817 tnr292211 CJK name column
8622825,"侯东宇,",,,"侯东宇,|2017年全国国际象棋锦标赛（个人乙组）男子组",292211,chess-results-spielersuche,https://s3.chess-results.com/tnr292211.aspx?lan=1&art=9&snr=145,SpielerSuche FIDE 8622825 tnr292211 CJK name column
8622914,"赵阳,",,,"赵阳,|第九届秦皇岛全国国际象棋公开赛公开组",305482,chess-results-spielersuche,https://s3.chess-results.com/tnr305482.aspx?lan=1&art=9&snr=21,SpielerSuche FIDE 8622914 tnr305482 CJK name column
8622922,"郑义,",,,"郑义,|""瑞贝卡杯“2022 全国国际象棋锦标赛（团体）男子组",729712,chess-results-spielersuche,https://s3.chess-results.com/tnr729712.aspx?lan=1&art=9&snr=16,SpielerSuche FIDE 8622922 tnr729712 CJK name column
8622949,"夏依买尔旦·阿帕尔,",,,"夏依买尔旦·阿帕尔,|2025年全国国际象棋成人业余棋王挑战赛总决赛",1303568,chess-results-spielersuche,https://s3.chess-results.com/tnr1303568.aspx?lan=1&art=9&snr=5,SpielerSuche FIDE 8622949 tnr1303568 CJK name column
8622965,"卢帅,",,,"卢帅,|2017年全国国际象棋锦标赛（个人乙组）女子组",292210,chess-results-spielersuche,https://s3.chess-results.com/tnr292210.aspx?lan=1&art=9&snr=93,SpielerSuche FIDE 8622965 tnr292210 CJK name column
8622973,李天博,,,"李天博,|2017年全国国际象棋锦标赛（个人乙组）男子组",292211,chess-results-spielersuche,https://s3.chess-results.com/tnr292211.aspx?lan=1&art=9&snr=162,SpielerSuche FIDE 8622973 tnr292211 CJK name column
8622981,"邹嘉晔,",,,"邹嘉晔,|2017年全国国际象棋锦标赛（个人乙组）男子组",292211,chess-results-spielersuche,https://s3.chess-results.com/tnr292211.aspx?lan=1&art=9&snr=228,SpielerSuche FIDE 8622981 tnr292211 CJK name column
8622990,孙超,,,"孙超,|2026年中国国际象棋甲级联赛 百叶龙杯”常规赛第一站长兴专",1443995,chess-results-spielersuche,https://s3.chess-results.com/tnr1443995.aspx?lan=1&art=9&snr=88,SpielerSuche FIDE 8622990 tnr1443995 CJK name column
8623007,"王邦成,",,,"王邦成,|2018年全国国际象棋锦标赛（个人乙组）男子",366717,chess-results-spielersuche,https://s3.chess-results.com/tnr366717.aspx?lan=1&art=9&snr=199,SpielerSuche FIDE 8623007 tnr366717 CJK name column
8623015,王笑颜,,,"王笑颜,|2025年全国国际象棋锦标赛（个人）女子组",1200590,chess-results-spielersuche,https://s3.chess-results.com/tnr1200590.aspx?lan=1&art=9&snr=16,SpielerSuche FIDE 8623015 tnr1200590 CJK name column
8623023,"吴景天,",,,"吴景天,|第四届全国智力运动会国际象棋比赛少年男子团体快棋预赛",486111,chess-results-spielersuche,https://s3.chess-results.com/tnr486111.aspx?lan=1&art=9&snr=33,SpielerSuche FIDE 8623023 tnr486111 CJK name column
8623031,"杨迦扬,",,,"杨迦扬,|2017年全国国际象棋锦标赛（个人乙组）女子组",292210,chess-results-spielersuche,https://s3.chess-results.com/tnr292210.aspx?lan=1&art=9&snr=106,SpielerSuche FIDE 8623031 tnr292210 CJK name column
8623066,"张楚婧,",,,"张楚婧,|2018年全国国际象棋锦标赛（个人乙组）女子",366721,chess-results-spielersuche,https://s3.chess-results.com/tnr366721.aspx?lan=1&art=9&snr=94,SpielerSuche FIDE 8623066 tnr366721 CJK name column
8623074,"林缨茵,",,,"林缨茵,|2017年全国国际象棋锦标赛（个人乙组）女子组",292210,chess-results-spielersuche,https://s3.chess-results.com/tnr292210.aspx?lan=1&art=9&snr=89,SpielerSuche FIDE 8623074 tnr292210 CJK name column
8623082,"黄懋睿,",,,"黄懋睿,|2018年全国国际象棋锦标赛（个人乙组）男子",366717,chess-results-spielersuche,https://s3.chess-results.com/tnr366717.aspx?lan=1&art=9&snr=92,SpielerSuche FIDE 8623082 tnr366717 CJK name column
8623090,"冷天一,",,,"冷天一,|2017年全国国际象棋锦标赛（个人乙组）女子组",292210,chess-results-spielersuche,https://s3.chess-results.com/tnr292210.aspx?lan=1&art=9&snr=87,SpielerSuche FIDE 8623090 tnr292210 CJK name column
8623104,"邱兰淇,",,,"邱兰淇,|2017年全国国际象棋锦标赛（个人乙组）女子组",292210,chess-results-spielersuche,https://s3.chess-results.com/tnr292210.aspx?lan=1&art=9&snr=97,SpielerSuche FIDE 8623104 tnr292210 CJK name column
8623112,"李羿婷,",,,"李羿婷,|第九届秦皇岛全国国际象棋公开赛公开组",305482,chess-results-spielersuche,https://s3.chess-results.com/tnr305482.aspx?lan=1&art=9&snr=31,SpielerSuche FIDE 8623112 tnr305482 CJK name column
8623120,"徐硕,",,,"徐硕,|2017年全国国际象棋锦标赛（个人乙组）男子组",292211,chess-results-spielersuche,https://s3.chess-results.com/tnr292211.aspx?lan=1&art=9&snr=206,SpielerSuche FIDE 8623120 tnr292211 CJK name column
8623139,"张大家,",,,"张大家,|2017年全国国际象棋锦标赛（个人乙组）男子组",292211,chess-results-spielersuche,https://s3.chess-results.com/tnr292211.aspx?lan=1&art=9&snr=215,SpielerSuche FIDE 8623139 tnr292211 CJK name column
8623147,"高滈,",,,"高滈,|2017年全国国际象棋锦标赛（个人乙组）女子组",292210,chess-results-spielersuche,https://s3.chess-results.com/tnr292210.aspx?lan=1&art=9&snr=80,SpielerSuche FIDE 8623147 tnr292210 CJK name column
8623155,"杨兮茗,",,,"杨兮茗,|第九届秦皇岛全国国际象棋公开赛公开组",305482,chess-results-spielersuche,https://s3.chess-results.com/tnr305482.aspx?lan=1&art=9&snr=24,SpielerSuche FIDE 8623155 tnr305482 CJK name column
8623163,"宋自厚,",,,"宋自厚,|2017年全国国际象棋锦标赛（个人乙组）男子组",292211,chess-results-spielersuche,https://s3.chess-results.com/tnr292211.aspx?lan=1&art=9&snr=182,SpielerSuche FIDE 8623163 tnr292211 CJK name column
8623180,"唐箐池,",,,"唐箐池,|2023年全国国际象棋青少年锦标赛(个人)暨第28届“李成智",798386,chess-results-spielersuche,https://s3.chess-results.com/tnr798386.aspx?lan=1&art=9&snr=12,SpielerSuche FIDE 8623180 tnr798386 CJK name column
8623198,"桂羽佳,",,,"桂羽佳,|2017年全国国际象棋锦标赛（个人乙组）女子组",292210,chess-results-spielersuche,https://s3.chess-results.com/tnr292210.aspx?lan=1&art=9&snr=84,SpielerSuche FIDE 8623198 tnr292210 CJK name column
8623210,"朱星宇,",,,"朱星宇,|2017年全国国际象棋锦标赛（个人乙组）男子组",292211,chess-results-spielersuche,https://s3.chess-results.com/tnr292211.aspx?lan=1&art=9&snr=227,SpielerSuche FIDE 8623210 tnr292211 CJK name column
8623228,"魏嘉诚,",,,"魏嘉诚,|2017年全国国际象棋锦标赛（个人乙组）男子组",292211,chess-results-spielersuche,https://s3.chess-results.com/tnr292211.aspx?lan=1&art=9&snr=198,SpielerSuche FIDE 8623228 tnr292211 CJK name column
8623236,"张董子仝,",,,"张董子仝,|2017年全国国际象棋锦标赛（个人乙组）男子组",292211,chess-results-spielersuche,https://s3.chess-results.com/tnr292211.aspx?lan=1&art=9&snr=216,SpielerSuche FIDE 8623236 tnr292211 CJK name column
8623244,"张靖雯,",,,"张靖雯,|2017年全国国际象棋锦标赛（个人乙组）女子组",292210,chess-results-spielersuche,https://s3.chess-results.com/tnr292210.aspx?lan=1&art=9&snr=109,SpielerSuche FIDE 8623244 tnr292210 CJK name column
8623252,"董云昊,",,,"董云昊,|2017年全国国际象棋锦标赛（个人乙组）男子组",292211,chess-results-spielersuche,https://s3.chess-results.com/tnr292211.aspx?lan=1&art=9&snr=136,SpielerSuche FIDE 8623252 tnr292211 CJK name column
8623260,"王奕菲,",,,"王奕菲,|第四届全国智力运动会国际象棋比赛少年混合团体预赛",486109,chess-results-spielersuche,https://s3.chess-results.com/tnr486109.aspx?lan=1&art=9&snr=62,SpielerSuche FIDE 8623260 tnr486109 CJK name column
8623279,"姬佳栋,",,,"姬佳栋,|2023年全国国际象棋青少年锦标赛(个人)暨第28届“李成智",798389,chess-results-spielersuche,https://s3.chess-results.com/tnr798389.aspx?lan=1&art=9&snr=4,SpielerSuche FIDE 8623279 tnr798389 CJK name column
8623295,"田雨,",,,"田雨,|第四届全国智力运动会国际象棋比赛少年混合团体冠亚军决赛和三四",488487,chess-results-spielersuche,https://s3.chess-results.com/tnr488487.aspx?lan=1&art=9&snr=11,SpielerSuche FIDE 8623295 tnr488487 CJK name column
8623309,"周天翼,",,,"周天翼,|2018中国国际象棋乙级联赛",365441,chess-results-spielersuche,https://s3.chess-results.com/tnr365441.aspx?lan=1&art=9&snr=149,SpielerSuche FIDE 8623309 tnr365441 CJK name column
8623325,周润伊,,,"周润伊,|2026年中国国际象棋甲级联赛 百叶龙杯”常规赛第一站长兴专",1443995,chess-results-spielersuche,https://s3.chess-results.com/tnr1443995.aspx?lan=1&art=9&snr=96,SpielerSuche FIDE 8623325 tnr1443995 CJK name column
8623333,"潘婕灵,",,,"潘婕灵,|2018中国国际象棋乙级联赛",365441,chess-results-spielersuche,https://s3.chess-results.com/tnr365441.aspx?lan=1&art=9&snr=185,SpielerSuche FIDE 8623333 tnr365441 CJK name column
8623341,"陈雨萌,",,,"陈雨萌,|2025年中国国际象棋乙级联赛",1229905,chess-results-spielersuche,https://s3.chess-results.com/tnr1229905.aspx?lan=1&art=9&snr=142,SpielerSuche FIDE 8623341 tnr1229905 CJK name column
8623350,"牟宇轩,",,,"牟宇轩,|2017年全国国际象棋锦标赛（个人乙组）男子组",292211,chess-results-spielersuche,https://s3.chess-results.com/tnr292211.aspx?lan=1&art=9&snr=174,SpielerSuche FIDE 8623350 tnr292211 CJK name column
8623368,"童言,",,,"童言,|2025年中国国际象棋乙级联赛",1229905,chess-results-spielersuche,https://s3.chess-results.com/tnr1229905.aspx?lan=1&art=9&snr=20,SpielerSuche FIDE 8623368 tnr1229905 CJK name column
8623376,"葛甲晖,",,,"葛甲晖,|2017年全国国际象棋锦标赛（个人乙组）男子组",292211,chess-results-spielersuche,https://s3.chess-results.com/tnr292211.aspx?lan=1&art=9&snr=139,SpielerSuche FIDE 8623376 tnr292211 CJK name column
8623384,"公玺,",,,"公玺,|2017年全国国际象棋锦标赛（个人乙组）男子组",292211,chess-results-spielersuche,https://s3.chess-results.com/tnr292211.aspx?lan=1&art=9&snr=141,SpielerSuche FIDE 8623384 tnr292211 CJK name column
8623392,"姜小扬,",,,"姜小扬,|2017年全国国际象棋锦标赛（个人乙组）男子组",292211,chess-results-spielersuche,https://s3.chess-results.com/tnr292211.aspx?lan=1&art=9&snr=151,SpielerSuche FIDE 8623392 tnr292211 CJK name column
8623406,"张恩泽,",,,"张恩泽,|2017年全国国际象棋锦标赛（个人乙组）男子组",292211,chess-results-spielersuche,https://s3.chess-results.com/tnr292211.aspx?lan=1&art=9&snr=218,SpielerSuche FIDE 8623406 tnr292211 CJK name column
8623414,苏奕嘉,,,"苏奕嘉,|2024全国国际象棋青少年锦标赛（个人）暨第29届“李成智杯",892909,chess-results-spielersuche,https://s3.chess-results.com/tnr892909.aspx?lan=1&art=9&snr=19,SpielerSuche FIDE 8623414 tnr892909 CJK name column
8623422,"王翊宸,",,,"王翊宸,|第四届全国智力运动会国际象棋比赛少年混合团体冠亚军决赛和三四",488487,chess-results-spielersuche,https://s3.chess-results.com/tnr488487.aspx?lan=1&art=9&snr=8,SpielerSuche FIDE 8623422 tnr488487 CJK name column
8623430,"巩怡宾,",,,"巩怡宾,|2018年全国国际象棋锦标赛（个人乙组）女子",366721,chess-results-spielersuche,https://s3.chess-results.com/tnr366721.aspx?lan=1&art=9&snr=34,SpielerSuche FIDE 8623430 tnr366721 CJK name column
8623449,"周泉童,",,,"周泉童,|2017年全国国际象棋锦标赛（个人乙组）男子组",292211,chess-results-spielersuche,https://s3.chess-results.com/tnr292211.aspx?lan=1&art=9&snr=226,SpielerSuche FIDE 8623449 tnr292211 CJK name column
8623457,"钟旻骏,",,,"钟旻骏,|2017年全国国际象棋锦标赛（个人乙组）男子组",292211,chess-results-spielersuche,https://s3.chess-results.com/tnr292211.aspx?lan=1&art=9&snr=223,SpielerSuche FIDE 8623457 tnr292211 CJK name column
8623473,"薛俞君,",,,"薛俞君,|2019年全国国际象棋锦标赛（个人乙组）男子个人",453632,chess-results-spielersuche,https://s3.chess-results.com/tnr453632.aspx?lan=1&art=9&snr=87,SpielerSuche FIDE 8623473 tnr453632 CJK name column
8623511,"陈湛颜,",,,"陈湛颜,|第四届全国智力运动会国际象棋比赛少年男子团体快棋冠亚军决赛和",490254,chess-results-spielersuche,https://s3.chess-results.com/tnr490254.aspx?lan=1&art=9&snr=14,SpielerSuche FIDE 8623511 tnr490254 CJK name column
8623520,"史奕扬,",,,"史奕扬,|2017年全国国际象棋锦标赛（个人乙组）男子组",292211,chess-results-spielersuche,https://s3.chess-results.com/tnr292211.aspx?lan=1&art=9&snr=181,SpielerSuche FIDE 8623520 tnr292211 CJK name column
8623546,"卢雨昕,",,,"卢雨昕,|2017年全国国际象棋锦标赛（个人乙组）女子组",292210,chess-results-spielersuche,https://s3.chess-results.com/tnr292210.aspx?lan=1&art=9&snr=94,SpielerSuche FIDE 8623546 tnr292210 CJK name column
8623554,"万晟,",,,"万晟,|2017年全国国际象棋锦标赛（个人乙组）男子组",292211,chess-results-spielersuche,https://s3.chess-results.com/tnr292211.aspx?lan=1&art=9&snr=190,SpielerSuche FIDE 8623554 tnr292211 CJK name column
8623562,"童祉尧,",,,"童祉尧,|2025年全国国际象棋成人业余棋王挑战赛总决赛",1303568,chess-results-spielersuche,https://s3.chess-results.com/tnr1303568.aspx?lan=1&art=9&snr=47,SpielerSuche FIDE 8623562 tnr1303568 CJK name column
8623570,"王婉珺,",,,"王婉珺,|2019年中国国际象棋乙级联赛",457254,chess-results-spielersuche,https://s3.chess-results.com/tnr457254.aspx?lan=1&art=9&snr=133,SpielerSuche FIDE 8623570 tnr457254 CJK name column
8623600,"徐紫璇,",,,"徐紫璇,|第四届全国智力运动会国际象棋比赛少年混合团体预赛",486109,chess-results-spielersuche,https://s3.chess-results.com/tnr486109.aspx?lan=1&art=9&snr=43,SpielerSuche FIDE 8623600 tnr486109 CJK name column
8623619,"姚宇航,",,,"姚宇航,|【北京】第二届和平杯国际象棋公开赛",1405363,chess-results-spielersuche,https://s3.chess-results.com/tnr1405363.aspx?lan=1&art=9&snr=10,SpielerSuche FIDE 8623619 tnr1405363 CJK name column
8623627,"米腾龙,",,,"米腾龙,|""瑞贝卡杯“2022 全国国际象棋锦标赛（团体）男子组",729712,chess-results-spielersuche,https://s3.chess-results.com/tnr729712.aspx?lan=1&art=9&snr=14,SpielerSuche FIDE 8623627 tnr729712 CJK name column
8623660,"宁云龙,",,,"宁云龙,|第十五届全国运动会群众比赛国际象棋项目决赛混合团体业余组循环",1245066,chess-results-spielersuche,https://s3.chess-results.com/tnr1245066.aspx?lan=1&art=9&snr=17,SpielerSuche FIDE 8623660 tnr1245066 CJK name column
8623686,"李官著,",,,"李官著,|2017年全国国际象棋锦标赛（个人乙组）男子组",292211,chess-results-spielersuche,https://s3.chess-results.com/tnr292211.aspx?lan=1&art=9&snr=158,SpielerSuche FIDE 8623686 tnr292211 CJK name column
8623694,"陈玺兆,",,,"陈玺兆,|2017年全国国际象棋锦标赛（个人乙组）男子组",292211,chess-results-spielersuche,https://s3.chess-results.com/tnr292211.aspx?lan=1&art=9&snr=131,SpielerSuche FIDE 8623694 tnr292211 CJK name column
8623708,金睿俊,,,"金睿俊,|2025年全国国际象棋公开赛（聊城站）",1200704,chess-results-spielersuche,https://s3.chess-results.com/tnr1200704.aspx?lan=1&art=9&snr=16,SpielerSuche FIDE 8623708 tnr1200704 CJK name column
8623716,"边奕达,",,,"边奕达,|2017年全国国际象棋锦标赛（个人乙组）男子组",292211,chess-results-spielersuche,https://s3.chess-results.com/tnr292211.aspx?lan=1&art=9&snr=126,SpielerSuche FIDE 8623716 tnr292211 CJK name column
8623724,"葛子涵,",,,"葛子涵,|2017年全国国际象棋锦标赛（个人乙组）女子组",292210,chess-results-spielersuche,https://s3.chess-results.com/tnr292210.aspx?lan=1&art=9&snr=81,SpielerSuche FIDE 8623724 tnr292210 CJK name column
8623740,"刘纭菘,",,,"刘纭菘,|第四届全国智力运动会国际象棋比赛少年混合团体冠亚军决赛和三四",488487,chess-results-spielersuche,https://s3.chess-results.com/tnr488487.aspx?lan=1&art=9&snr=12,SpielerSuche FIDE 8623740 tnr488487 CJK name column
8623767,"韦皓严,",,,"韦皓严,|2018年全国国际象棋锦标赛（个人乙组）男子",366717,chess-results-spielersuche,https://s3.chess-results.com/tnr366717.aspx?lan=1&art=9&snr=205,SpielerSuche FIDE 8623767 tnr366717 CJK name column
8623775,"邢海全,",,,"邢海全,|2017年全国国际象棋锦标赛（个人乙组）男子组",292211,chess-results-spielersuche,https://s3.chess-results.com/tnr292211.aspx?lan=1&art=9&snr=205,SpielerSuche FIDE 8623775 tnr292211 CJK name column
8623783,"王子诚,",,,"王子诚,|2018年全国国际象棋锦标赛（个人乙组）男子",366717,chess-results-spielersuche,https://s3.chess-results.com/tnr366717.aspx?lan=1&art=9&snr=204,SpielerSuche FIDE 8623783 tnr366717 CJK name column
8623791,"褚雅婷,",,,"褚雅婷,|2018年全国国际象棋锦标赛（个人乙组）女子",366721,chess-results-spielersuche,https://s3.chess-results.com/tnr366721.aspx?lan=1&art=9&snr=71,SpielerSuche FIDE 8623791 tnr366721 CJK name column
8623805,"张文玺,",,,"张文玺,|2017年全国国际象棋锦标赛（个人乙组）男子组",292211,chess-results-spielersuche,https://s3.chess-results.com/tnr292211.aspx?lan=1&art=9&snr=220,SpielerSuche FIDE 8623805 tnr292211 CJK name column
8623821,"冯向岩,",,,"冯向岩,|2018中国国际象棋乙级联赛",365441,chess-results-spielersuche,https://s3.chess-results.com/tnr365441.aspx?lan=1&art=9&snr=152,SpielerSuche FIDE 8623821 tnr365441 CJK name column
8623848,"杨帅,",,,"杨帅,|2024年全国国际象棋锦标赛（个人乙组）男子组",927196,chess-results-spielersuche,https://s3.chess-results.com/tnr927196.aspx?lan=1&art=9&snr=46,SpielerSuche FIDE 8623848 tnr927196 CJK name column
8623856,"庞, 森",,,"庞, 森|2018中国国际象棋乙级联赛",365441,chess-results-spielersuche,https://s3.chess-results.com/tnr365441.aspx?lan=1&art=9&snr=207,SpielerSuche FIDE 8623856 tnr365441 CJK name column
8623864,"廖奕哲,",,,"廖奕哲,|第四届全国智力运动会国际象棋比赛女子团体快棋预赛",486110,chess-results-spielersuche,https://s3.chess-results.com/tnr486110.aspx?lan=1&art=9&snr=3,SpielerSuche FIDE 8623864 tnr486110 CJK name column
8623872,"葛高弘,",,,"葛高弘,|2017年全国国际象棋锦标赛（个人乙组）男子组",292211,chess-results-spielersuche,https://s3.chess-results.com/tnr292211.aspx?lan=1&art=9&snr=138,SpielerSuche FIDE 8623872 tnr292211 CJK name column
8623880,"韦骁洋,",,,"韦骁洋,|第四届全国智力运动会国际象棋比赛少年男子个人预赛",486105,chess-results-spielersuche,https://s3.chess-results.com/tnr486105.aspx?lan=1&art=9&snr=43,SpielerSuche FIDE 8623880 tnr486105 CJK name column
8623899,"杨景森,",,,"杨景森,|2017年全国国际象棋锦标赛（个人乙组）男子组",292211,chess-results-spielersuche,https://s3.chess-results.com/tnr292211.aspx?lan=1&art=9&snr=209,SpielerSuche FIDE 8623899 tnr292211 CJK name column
8623902,"赵泽同,",,,"赵泽同,|2017年全国国际象棋锦标赛（个人乙组）男子组",292211,chess-results-spielersuche,https://s3.chess-results.com/tnr292211.aspx?lan=1&art=9&snr=221,SpielerSuche FIDE 8623902 tnr292211 CJK name column
8623910,"王衍,",,,"王衍,|2017年全国国际象棋锦标赛（个人乙组）男子组",292211,chess-results-spielersuche,https://s3.chess-results.com/tnr292211.aspx?lan=1&art=9&snr=193,SpielerSuche FIDE 8623910 tnr292211 CJK name column
8623996,"戴子雯,",,,"戴子雯,|2018年谢侠逊棋王文化高峰论坛暨全国国际象棋快棋公开赛",385014,chess-results-spielersuche,https://s3.chess-results.com/tnr385014.aspx?lan=1&art=9&snr=33,SpielerSuche FIDE 8623996 tnr385014 CJK name column
8624062,葛祺妍,,,"葛祺妍,|2025年中国国际象棋乙级联赛",1229905,chess-results-spielersuche,https://s3.chess-results.com/tnr1229905.aspx?lan=1&art=9&snr=62,SpielerSuche FIDE 8624062 tnr1229905 CJK name column
8624070,侯懿轩,,,"侯懿轩,|2024全国国际象棋青少年锦标赛（个人）暨第29届“李成智杯",892911,chess-results-spielersuche,https://s3.chess-results.com/tnr892911.aspx?lan=1&art=9&snr=52,SpielerSuche FIDE 8624070 tnr892911 CJK name column
8624097,"李慧琳,",,,"李慧琳,|2018年全国国际象棋锦标赛（团体）女子组",360560,chess-results-spielersuche,https://s3.chess-results.com/tnr360560.aspx?lan=1&art=9&snr=57,SpielerSuche FIDE 8624097 tnr360560 CJK name column
8624127,"李秋辰,",,,"李秋辰,|""瑞贝卡杯“2022 全国国际象棋锦标赛（团体）男子组",729712,chess-results-spielersuche,https://s3.chess-results.com/tnr729712.aspx?lan=1&art=9&snr=17,SpielerSuche FIDE 8624127 tnr729712 CJK name column
8624135,李颖萱,,,"李颖萱,|2024年全国国际象棋青少年锦标赛（个人）暨第29 届""李成",892941,chess-results-spielersuche,https://s3.chess-results.com/tnr892941.aspx?lan=1&art=9&snr=9,SpielerSuche FIDE 8624135 tnr892941 CJK name column
8624194,"刘心语,",,,"刘心语,|2025年全国国际象棋锦标赛（团体）女子组",1163657,chess-results-spielersuche,https://s3.chess-results.com/tnr1163657.aspx?lan=1&art=9&snr=28,SpielerSuche FIDE 8624194 tnr1163657 CJK name column
8624208,"马心怡,",,,"马心怡,|2023 年全国国际象棋锦标赛（个人乙组）女子组",757169,chess-results-spielersuche,https://s3.chess-results.com/tnr757169.aspx?lan=1&art=9&snr=52,SpielerSuche FIDE 8624208 tnr757169 CJK name column
8624224,"潘禹丞,",,,"潘禹丞,|第四届全国智力运动会国际象棋比赛少年男子个人预赛",486105,chess-results-spielersuche,https://s3.chess-results.com/tnr486105.aspx?lan=1&art=9&snr=34,SpielerSuche FIDE 8624224 tnr486105 CJK name column
8624321,王一诺,,,"王一诺,|2025年全国国际象棋公开赛（苏州站）",1250403,chess-results-spielersuche,https://s3.chess-results.com/tnr1250403.aspx?lan=1&art=9&snr=11,SpielerSuche FIDE 8624321 tnr1250403 CJK name column
8624429,"周珮琪,",,,"周珮琪,|2018年全国国际象棋锦标赛（团体）女子组",360560,chess-results-spielersuche,https://s3.chess-results.com/tnr360560.aspx?lan=1&art=9&snr=56,SpielerSuche FIDE 8624429 tnr360560 CJK name column
8624445,朱梓琨,,,"朱梓琨,|2024全国国际象棋青少年锦标赛（个人）暨第29届“李成智杯",892909,chess-results-spielersuche,https://s3.chess-results.com/tnr892909.aspx?lan=1&art=9&snr=39,SpielerSuche FIDE 8624445 tnr892909 CJK name column
8624470,陈智远,,,"陈智远,|“中国体育彩票杯”2025年第一届深圳市国际象棋新人王赛",1303559,chess-results-spielersuche,https://s3.chess-results.com/tnr1303559.aspx?lan=1&art=9&snr=6,SpielerSuche FIDE 8624470 tnr1303559 CJK name column
8624488,"宋思凝,",,,"宋思凝,|2019年中国国际象棋乙级联赛",457254,chess-results-spielersuche,https://s3.chess-results.com/tnr457254.aspx?lan=1&art=9&snr=67,SpielerSuche FIDE 8624488 tnr457254 CJK name column
8624500,"李梓萌,",,,"李梓萌,|2025年中国国际象棋乙级联赛",1229905,chess-results-spielersuche,https://s3.chess-results.com/tnr1229905.aspx?lan=1&art=9&snr=131,SpielerSuche FIDE 8624500 tnr1229905 CJK name column
8624518,"王宇轩,",,,"王宇轩,|2018年全国国际象棋锦标赛（个人乙组）男子",366717,chess-results-spielersuche,https://s3.chess-results.com/tnr366717.aspx?lan=1&art=9&snr=122,SpielerSuche FIDE 8624518 tnr366717 CJK name column
8624585,秦岚,,,"秦岚,|2025年全国国际象棋公开赛（苏州站）",1250403,chess-results-spielersuche,https://s3.chess-results.com/tnr1250403.aspx?lan=1&art=9&snr=67,SpielerSuche FIDE 8624585 tnr1250403 CJK name column
8624631,"姚涵超,",,,"姚涵超,|第十五届全国运动会群众比赛国际象棋项目决赛混合团体业余组循环",1245066,chess-results-spielersuche,https://s3.chess-results.com/tnr1245066.aspx?lan=1&art=9&snr=7,SpielerSuche FIDE 8624631 tnr1245066 CJK name column
8624755,"黄彦杰,",,,"黄彦杰,|第四届全国智力运动会国际象棋比赛少年男子团体快棋预赛",486111,chess-results-spielersuche,https://s3.chess-results.com/tnr486111.aspx?lan=1&art=9&snr=15,SpielerSuche FIDE 8624755 tnr486111 CJK name column
8624801,"张显禄,",,,"张显禄,|2018年全国国际象棋锦标赛（个人乙组）男子",366717,chess-results-spielersuche,https://s3.chess-results.com/tnr366717.aspx?lan=1&art=9&snr=100,SpielerSuche FIDE 8624801 tnr366717 CJK name column
8624810,"钱睿颖,",,,"钱睿颖,|2018年全国国际象棋锦标赛（个人乙组）女子",366721,chess-results-spielersuche,https://s3.chess-results.com/tnr366721.aspx?lan=1&art=9&snr=50,SpielerSuche FIDE 8624810 tnr366721 CJK name column
8624852,"陈天洋,",,,"陈天洋,|2018年全国国际象棋锦标赛（个人乙组）男子",366717,chess-results-spielersuche,https://s3.chess-results.com/tnr366717.aspx?lan=1&art=9&snr=135,SpielerSuche FIDE 8624852 tnr366717 CJK name column
8624860,"温凯迪,",,,"温凯迪,|第四届全国智力运动会国际象棋比赛少年男子团体快棋预赛",486111,chess-results-spielersuche,https://s3.chess-results.com/tnr486111.aspx?lan=1&art=9&snr=12,SpielerSuche FIDE 8624860 tnr486111 CJK name column
8624879,"张钇筠,",,,"张钇筠,|第四届全国智力运动会国际象棋比赛少年女子团体快棋预赛",486112,chess-results-spielersuche,https://s3.chess-results.com/tnr486112.aspx?lan=1&art=9&snr=6,SpielerSuche FIDE 8624879 tnr486112 CJK name column
8624917,李成章,,,"李成章,|2025年全国国际象棋成人业余棋王挑战赛总决赛",1303568,chess-results-spielersuche,https://s3.chess-results.com/tnr1303568.aspx?lan=1&art=9&snr=19,SpielerSuche FIDE 8624917 tnr1303568 CJK name column
8625050,王浦瑄,,,"王浦瑄,|2025年全国国际象棋青少年锦标赛（个人）暨第30届“李成智",1111362,chess-results-spielersuche,https://s3.chess-results.com/tnr1111362.aspx?lan=1&art=9&snr=10,SpielerSuche FIDE 8625050 tnr1111362 CJK name column
8625093,"祝陈希,",,,"祝陈希,|2022年全国国际象棋锦标赛（个人乙组）男子组",724039,chess-results-spielersuche,https://s3.chess-results.com/tnr724039.aspx?lan=1&art=9&snr=67,SpielerSuche FIDE 8625093 tnr724039 CJK name column
8625182,王紫菡,,,"王紫菡,|2024年全国国际象棋青少年锦标赛（个人）暨第29 届""李成",892943,chess-results-spielersuche,https://s3.chess-results.com/tnr892943.aspx?lan=1&art=9&snr=24,SpielerSuche FIDE 8625182 tnr892943 CJK name column
8625212,况宛眙,,,"况宛眙,|2024年全国国际象棋青少年锦标赛（个人）暨第29 届""李成",892943,chess-results-spielersuche,https://s3.chess-results.com/tnr892943.aspx?lan=1&art=9&snr=10,SpielerSuche FIDE 8625212 tnr892943 CJK name column
8625255,余梓涵,,,"余梓涵,|2024年全国国际象棋锦标赛（个人乙组）女子组",927195,chess-results-spielersuche,https://s3.chess-results.com/tnr927195.aspx?lan=1&art=9&snr=94,SpielerSuche FIDE 8625255 tnr927195 CJK name column
8625263,"原齐骏,",,,"原齐骏,|2024年全国国际象棋锦标赛(团体)男子组",917611,chess-results-spielersuche,https://s3.chess-results.com/tnr917611.aspx?lan=1&art=9&snr=18,SpielerSuche FIDE 8625263 tnr917611 CJK name column
8625387,"吴翼行,",,,"吴翼行,|“中国体育彩票杯”2025年第一届深圳市国际象棋新人王赛",1303559,chess-results-spielersuche,https://s3.chess-results.com/tnr1303559.aspx?lan=1&art=9&snr=2,SpielerSuche FIDE 8625387 tnr1303559 CJK name column
8625409,"石镓硕,",,,"石镓硕,|2023年全国国际象棋青少年锦标赛(个人)暨第28届“李成智",798389,chess-results-spielersuche,https://s3.chess-results.com/tnr798389.aspx?lan=1&art=9&snr=12,SpielerSuche FIDE 8625409 tnr798389 CJK name column
8625417,"吴凯歌,",,,"吴凯歌,|2025年全国国际象棋锦标赛（团体）男子组",1163659,chess-results-spielersuche,https://s3.chess-results.com/tnr1163659.aspx?lan=1&art=9&snr=67,SpielerSuche FIDE 8625417 tnr1163659 CJK name column
8625425,"张容瑜,",,,"张容瑜,|2022年中国国际象棋乙级联赛",725674,chess-results-spielersuche,https://s3.chess-results.com/tnr725674.aspx?lan=1&art=9&snr=38,SpielerSuche FIDE 8625425 tnr725674 CJK name column
8625433,章祺杰,,,"章祺杰,|2024全国国际象棋青少年锦标赛（个人）暨第29届“李成智杯",892910,chess-results-spielersuche,https://s3.chess-results.com/tnr892910.aspx?lan=1&art=9&snr=33,SpielerSuche FIDE 8625433 tnr892910 CJK name column
8625450,陈宏森,,,"陈宏森,|2026年中国国际象棋甲级联赛 百叶龙杯”常规赛第一站长兴专",1443995,chess-results-spielersuche,https://s3.chess-results.com/tnr1443995.aspx?lan=1&art=9&snr=67,SpielerSuche FIDE 8625450 tnr1443995 CJK name column
8625468,"周益宽,",,,"周益宽,|2019年全国国际象棋锦标赛（个人乙组）男子个人",453632,chess-results-spielersuche,https://s3.chess-results.com/tnr453632.aspx?lan=1&art=9&snr=80,SpielerSuche FIDE 8625468 tnr453632 CJK name column
8625484,"熊峻宜,",,,"熊峻宜,|2023年全国国际象棋青少年锦标赛(个人)暨第28届“李成智",798388,chess-results-spielersuche,https://s3.chess-results.com/tnr798388.aspx?lan=1&art=9&snr=11,SpielerSuche FIDE 8625484 tnr798388 CJK name column
8625492,"薛皓文,",,,"薛皓文,|""金融创新杯""2023年中国国际象棋甲级联赛总决赛",857849,chess-results-spielersuche,https://s3.chess-results.com/tnr857849.aspx?lan=1&art=9&snr=44,SpielerSuche FIDE 8625492 tnr857849 CJK name column
8625522,"蒲辰怡瑄,",,,"蒲辰怡瑄,|2023年全国国际象棋锦标赛(团体)女子组",765930,chess-results-spielersuche,https://s3.chess-results.com/tnr765930.aspx?lan=1&art=9&snr=7,SpielerSuche FIDE 8625522 tnr765930 CJK name column
8625565,"向容乐,",,,"向容乐,|2023年全国国际象棋青少年锦标赛(个人)暨第28届“李成智",798383,chess-results-spielersuche,https://s3.chess-results.com/tnr798383.aspx?lan=1&art=9&snr=73,SpielerSuche FIDE 8625565 tnr798383 CJK name column
8625611,"隆恩泽,",,,"隆恩泽,|2023年全国国际象棋青少年锦标赛(个人)暨第28届“李成智",798389,chess-results-spielersuche,https://s3.chess-results.com/tnr798389.aspx?lan=1&art=9&snr=25,SpielerSuche FIDE 8625611 tnr798389 CJK name column
8625646,"汪阳,",,,"汪阳,|第四届全国智力运动会国际象棋比赛少年男子团体快棋预赛",486111,chess-results-spielersuche,https://s3.chess-results.com/tnr486111.aspx?lan=1&art=9&snr=11,SpielerSuche FIDE 8625646 tnr486111 CJK name column
8625670,"虞子力,",,,"虞子力,|2018中国国际象棋乙级联赛",365441,chess-results-spielersuche,https://s3.chess-results.com/tnr365441.aspx?lan=1&art=9&snr=219,SpielerSuche FIDE 8625670 tnr365441 CJK name column
8625689,"于依帆,",,,"于依帆,|第四届全国智力运动会国际象棋比赛女子团体快棋预赛",486110,chess-results-spielersuche,https://s3.chess-results.com/tnr486110.aspx?lan=1&art=9&snr=7,SpielerSuche FIDE 8625689 tnr486110 CJK name column
8625697,"卓祉含,",,,"卓祉含,|2018年全国国际象棋锦标赛（个人乙组）女子",366721,chess-results-spielersuche,https://s3.chess-results.com/tnr366721.aspx?lan=1&art=9&snr=66,SpielerSuche FIDE 8625697 tnr366721 CJK name column
8625778,殷若涵,,,"殷若涵,|2024年中国国际象棋乙级联赛",984568,chess-results-spielersuche,https://s3.chess-results.com/tnr984568.aspx?lan=1&art=9&snr=106,SpielerSuche FIDE 8625778 tnr984568 CJK name column
8625816,"呼木吉勒图,",,,"呼木吉勒图,|2024年内蒙古国际象棋公开赛公开组",931673,chess-results-spielersuche,https://s3.chess-results.com/tnr931673.aspx?lan=1&art=9&snr=5,SpielerSuche FIDE 8625816 tnr931673 CJK name column
8625913,"赵智涵,",,,"赵智涵,|2019年全国国际象棋锦标赛（个人乙组）男子个人",453632,chess-results-spielersuche,https://s3.chess-results.com/tnr453632.aspx?lan=1&art=9&snr=54,SpielerSuche FIDE 8625913 tnr453632 CJK name column
8625921,"林昊阳,",,,"林昊阳,|2019年全国国际象棋锦标赛（团体）男子组",450220,chess-results-spielersuche,https://s3.chess-results.com/tnr450220.aspx?lan=1&art=9&snr=52,SpielerSuche FIDE 8625921 tnr450220 CJK name column
8625956,"赵晨宇,",,,"赵晨宇,|2018年全国国际象棋锦标赛（团体）男子组",360559,chess-results-spielersuche,https://s3.chess-results.com/tnr360559.aspx?lan=1&art=9&snr=1,SpielerSuche FIDE 8625956 tnr360559 CJK name column
8625964,"姚瑞凯,",,,"姚瑞凯,|2018年全国国际象棋锦标赛（团体）男子组",360559,chess-results-spielersuche,https://s3.chess-results.com/tnr360559.aspx?lan=1&art=9&snr=61,SpielerSuche FIDE 8625964 tnr360559 CJK name column
8625972,"靳昱睿,",,,"靳昱睿,|第四届全国智力运动会国际象棋比赛少年女子团体快棋预赛",486112,chess-results-spielersuche,https://s3.chess-results.com/tnr486112.aspx?lan=1&art=9&snr=38,SpielerSuche FIDE 8625972 tnr486112 CJK name column
8625980,"李欣芸,",,,"李欣芸,",1451862,chess-results-spielersuche,https://s3.chess-results.com/tnr1451862.aspx?lan=1&art=9&snr=37,SpielerSuche FIDE 8625980 tnr1451862 CJK name column
8625999,"黄千益,",,,"黄千益,|第四届全国智力运动会国际象棋比赛少年女子团体快棋预赛",486112,chess-results-spielersuche,https://s3.chess-results.com/tnr486112.aspx?lan=1&art=9&snr=59,SpielerSuche FIDE 8625999 tnr486112 CJK name column
8626006,"秦子鸢,",,,"秦子鸢,|2018年全国国际象棋锦标赛（团体）女子组",360560,chess-results-spielersuche,https://s3.chess-results.com/tnr360560.aspx?lan=1&art=9&snr=34,SpielerSuche FIDE 8626006 tnr360560 CJK name column
8626014,"高楦博,",,,"高楦博,|2018年全国国际象棋锦标赛（团体）男子组",360559,chess-results-spielersuche,https://s3.chess-results.com/tnr360559.aspx?lan=1&art=9&snr=70,SpielerSuche FIDE 8626014 tnr360559 CJK name column
8626057,"陈科睿,",,,"陈科睿,|2019年全国国际象棋锦标赛（个人乙组）男子个人",453632,chess-results-spielersuche,https://s3.chess-results.com/tnr453632.aspx?lan=1&art=9&snr=98,SpielerSuche FIDE 8626057 tnr453632 CJK name column
8626065,"高梓策,",,,"高梓策,|2019年全国国际象棋锦标赛（团体）男子组",450220,chess-results-spielersuche,https://s3.chess-results.com/tnr450220.aspx?lan=1&art=9&snr=9,SpielerSuche FIDE 8626065 tnr450220 CJK name column
8626073,陈沐熙,,,"陈沐熙,|2025年国家国际象棋二队（杭州）选拔赛男子组",1153141,chess-results-spielersuche,https://s3.chess-results.com/tnr1153141.aspx?lan=1&art=9&snr=7,SpielerSuche FIDE 8626073 tnr1153141 CJK name column
8626081,"戴佳滢,",,,"戴佳滢,|第四届全国智力运动会国际象棋比赛少年女子团体快棋预赛",486112,chess-results-spielersuche,https://s3.chess-results.com/tnr486112.aspx?lan=1&art=9&snr=43,SpielerSuche FIDE 8626081 tnr486112 CJK name column
8626090,"葛爱武,",,,"葛爱武,|2023年中国国际象棋乙级联赛",754014,chess-results-spielersuche,https://s3.chess-results.com/tnr754014.aspx?lan=1&art=9&snr=105,SpielerSuche FIDE 8626090 tnr754014 CJK name column
8626200,"冷驷言,",,,"冷驷言,|2025年全国国际象棋成人业余棋王挑战赛总决赛",1303568,chess-results-spielersuche,https://s3.chess-results.com/tnr1303568.aspx?lan=1&art=9&snr=64,SpielerSuche FIDE 8626200 tnr1303568 CJK name column
8626260,赵芸卿,,,"赵芸卿,|2026年中国国际象棋甲级联赛 百叶龙杯”常规赛第一站长兴专",1443995,chess-results-spielersuche,https://s3.chess-results.com/tnr1443995.aspx?lan=1&art=9&snr=38,SpielerSuche FIDE 8626260 tnr1443995 CJK name column
8626286,朱冠丞,,,"朱冠丞,|2024全国国际象棋青少年锦标赛（个人）暨第29届“李成智杯",892910,chess-results-spielersuche,https://s3.chess-results.com/tnr892910.aspx?lan=1&art=9&snr=83,SpielerSuche FIDE 8626286 tnr892910 CJK name column
8626316,"陆易桐,",,,"陆易桐,|2023年全国国际象棋青少年锦标赛(个人)暨第28届“李成智",798389,chess-results-spielersuche,https://s3.chess-results.com/tnr798389.aspx?lan=1&art=9&snr=32,SpielerSuche FIDE 8626316 tnr798389 CJK name column
8626421,周毓栩,,,"周毓栩,|2025年国家国际象棋二队（杭州）选拔赛男子组",1153141,chess-results-spielersuche,https://s3.chess-results.com/tnr1153141.aspx?lan=1&art=9&snr=11,SpielerSuche FIDE 8626421 tnr1153141 CJK name column
8626430,"刘子忞,",,,"刘子忞,|2025年全国国际象棋成人业余棋王挑战赛总决赛",1303568,chess-results-spielersuche,https://s3.chess-results.com/tnr1303568.aspx?lan=1&art=9&snr=39,SpielerSuche FIDE 8626430 tnr1303568 CJK name column
8626464,薛凡澧,,,"薛凡澧,|2024全国国际象棋青少年锦标赛（个人）暨第29届“李成智杯",892909,chess-results-spielersuche,https://s3.chess-results.com/tnr892909.aspx?lan=1&art=9&snr=38,SpielerSuche FIDE 8626464 tnr892909 CJK name column
8626480,薛添好,,,"薛添好,|2026年中国国际象棋甲级联赛 百叶龙杯”常规赛第一站长兴专",1443995,chess-results-spielersuche,https://s3.chess-results.com/tnr1443995.aspx?lan=1&art=9&snr=51,SpielerSuche FIDE 8626480 tnr1443995 CJK name column
8626510,俞懿洋,,,"俞懿洋,|2024全国国际象棋青少年锦标赛（个人）暨第29届“李成智杯",892911,chess-results-spielersuche,https://s3.chess-results.com/tnr892911.aspx?lan=1&art=9&snr=174,SpielerSuche FIDE 8626510 tnr892911 CJK name column
8626553,张颀望,,,"张颀望,|2025年全国国际象棋青少年锦标赛（个人）暨第30届“李成智",1111362,chess-results-spielersuche,https://s3.chess-results.com/tnr1111362.aspx?lan=1&art=9&snr=27,SpielerSuche FIDE 8626553 tnr1111362 CJK name column
8626618,邹宇霄,,,"邹宇霄,|2024全国国际象棋青少年锦标赛（个人）暨第29届“李成智杯",892911,chess-results-spielersuche,https://s3.chess-results.com/tnr892911.aspx?lan=1&art=9&snr=16,SpielerSuche FIDE 8626618 tnr892911 CJK name column
8626650,"肖澄,",,,"肖澄,|第四届全国智力运动会国际象棋比赛少年混合团体预赛",486109,chess-results-spielersuche,https://s3.chess-results.com/tnr486109.aspx?lan=1&art=9&snr=27,SpielerSuche FIDE 8626650 tnr486109 CJK name column
8626790,"薛奥翔,",,,"薛奥翔,|2023年全国国际象棋青少年锦标赛(个人)暨第28届“李成智",798389,chess-results-spielersuche,https://s3.chess-results.com/tnr798389.aspx?lan=1&art=9&snr=63,SpielerSuche FIDE 8626790 tnr798389 CJK name column
8626880,杨子潇,,,"杨子潇,|2024全国国际象棋青少年锦标赛（个人）暨第29届“李成智杯",892909,chess-results-spielersuche,https://s3.chess-results.com/tnr892909.aspx?lan=1&art=9&snr=34,SpielerSuche FIDE 8626880 tnr892909 CJK name column
8626898,"曾昶霖,",,,"曾昶霖,|2018年全国国际象棋锦标赛（个人乙组）男子",366717,chess-results-spielersuche,https://s3.chess-results.com/tnr366717.aspx?lan=1&art=9&snr=227,SpielerSuche FIDE 8626898 tnr366717 CJK name column
8626901,"熊康能,",,,"熊康能,|2018年全国国际象棋锦标赛（个人乙组）男子",366717,chess-results-spielersuche,https://s3.chess-results.com/tnr366717.aspx?lan=1&art=9&snr=212,SpielerSuche FIDE 8626901 tnr366717 CJK name column
8626910,"潘启瑞,",,,"潘启瑞,|2019年全国国际象棋锦标赛（个人乙组）男子个人",453632,chess-results-spielersuche,https://s3.chess-results.com/tnr453632.aspx?lan=1&art=9&snr=89,SpielerSuche FIDE 8626910 tnr453632 CJK name column
8626928,"袁睿,",,,"袁睿,|2018年全国国际象棋锦标赛（个人乙组）女子",366721,chess-results-spielersuche,https://s3.chess-results.com/tnr366721.aspx?lan=1&art=9&snr=93,SpielerSuche FIDE 8626928 tnr366721 CJK name column
8626936,"蒋利,",,,"蒋利,|第四届全国智力运动会国际象棋比赛少年男子团体快棋冠亚军决赛和",490254,chess-results-spielersuche,https://s3.chess-results.com/tnr490254.aspx?lan=1&art=9&snr=4,SpielerSuche FIDE 8626936 tnr490254 CJK name column
8626944,"单远舰,",,,"单远舰,|2018中国国际象棋乙级联赛",365441,chess-results-spielersuche,https://s3.chess-results.com/tnr365441.aspx?lan=1&art=9&snr=187,SpielerSuche FIDE 8626944 tnr365441 CJK name column
8626952,"王昭旭,",,,"王昭旭,|第四届全国智力运动会国际象棋比赛少年男子个人预赛",486105,chess-results-spielersuche,https://s3.chess-results.com/tnr486105.aspx?lan=1&art=9&snr=46,SpielerSuche FIDE 8626952 tnr486105 CJK name column
8626960,董泓甫,,,"董泓甫,|2026年中国国际象棋甲级联赛 百叶龙杯”常规赛第一站长兴专",1443995,chess-results-spielersuche,https://s3.chess-results.com/tnr1443995.aspx?lan=1&art=9&snr=40,SpielerSuche FIDE 8626960 tnr1443995 CJK name column
8626979,"周正端,",,,"周正端,|2019年全国国际象棋锦标赛（个人乙组）男子个人",453632,chess-results-spielersuche,https://s3.chess-results.com/tnr453632.aspx?lan=1&art=9&snr=132,SpielerSuche FIDE 8626979 tnr453632 CJK name column
8626987,"周意舒,",,,"周意舒,|2018年全国国际象棋锦标赛（个人乙组）男子",366717,chess-results-spielersuche,https://s3.chess-results.com/tnr366717.aspx?lan=1&art=9&snr=239,SpielerSuche FIDE 8626987 tnr366717 CJK name column
8626995,"张胤哲,",,,"张胤哲,|2025年全国国际象棋成人业余棋王挑战赛总决赛",1303568,chess-results-spielersuche,https://s3.chess-results.com/tnr1303568.aspx?lan=1&art=9&snr=3,SpielerSuche FIDE 8626995 tnr1303568 CJK name column
8627002,"董恒志,",,,"董恒志,|2019年全国国际象棋锦标赛（个人乙组）男子个人",453632,chess-results-spielersuche,https://s3.chess-results.com/tnr453632.aspx?lan=1&art=9&snr=100,SpielerSuche FIDE 8627002 tnr453632 CJK name column
8627010,"徐长昊,",,,"徐长昊,|2018年全国国际象棋锦标赛（个人乙组）男子",366717,chess-results-spielersuche,https://s3.chess-results.com/tnr366717.aspx?lan=1&art=9&snr=213,SpielerSuche FIDE 8627010 tnr366717 CJK name column
8627029,胡德陆,,,"胡德陆,|2025年全国国际象棋青少年锦标赛（个人）暨第30届“李成智",1111361,chess-results-spielersuche,https://s3.chess-results.com/tnr1111361.aspx?lan=1&art=9&snr=36,SpielerSuche FIDE 8627029 tnr1111361 CJK name column
8627037,"黄玺琳,",,,"黄玺琳,|第四届全国智力运动会国际象棋比赛少年女子团体快棋预赛",486112,chess-results-spielersuche,https://s3.chess-results.com/tnr486112.aspx?lan=1&art=9&snr=19,SpielerSuche FIDE 8627037 tnr486112 CJK name column
8627045,"孙楚悦,",,,"孙楚悦,|2019年中国国际象棋乙级联赛",457254,chess-results-spielersuche,https://s3.chess-results.com/tnr457254.aspx?lan=1&art=9&snr=123,SpielerSuche FIDE 8627045 tnr457254 CJK name column
8627070,任嘉硕,,,"任嘉硕,|2025年全国国际象棋青少年锦标赛（个人）暨第30届“李成智",1111361,chess-results-spielersuche,https://s3.chess-results.com/tnr1111361.aspx?lan=1&art=9&snr=24,SpielerSuche FIDE 8627070 tnr1111361 CJK name column
8627088,"王丙楠,",,,"王丙楠,|2023年全国国际象棋青少年锦标赛(个人)暨第28届“李成智",798387,chess-results-spielersuche,https://s3.chess-results.com/tnr798387.aspx?lan=1&art=9&snr=20,SpielerSuche FIDE 8627088 tnr798387 CJK name column
8627096,"陈昱彤,",,,"陈昱彤,|2019年全国国际象棋锦标赛（个人乙组）男子个人",453632,chess-results-spielersuche,https://s3.chess-results.com/tnr453632.aspx?lan=1&art=9&snr=68,SpielerSuche FIDE 8627096 tnr453632 CJK name column
8627100,"刘西烨,",,,"刘西烨,|2019年全国国际象棋锦标赛（个人乙组）男子个人",453632,chess-results-spielersuche,https://s3.chess-results.com/tnr453632.aspx?lan=1&art=9&snr=78,SpielerSuche FIDE 8627100 tnr453632 CJK name column
8627118,刘卓鹭,,,"刘卓鹭,|2024全国国际象棋青少年锦标赛（个人）暨第29届“李成智杯",892911,chess-results-spielersuche,https://s3.chess-results.com/tnr892911.aspx?lan=1&art=9&snr=56,SpielerSuche FIDE 8627118 tnr892911 CJK name column
8627126,张小为,,,"张小为,|2018年全国国际象棋锦标赛（个人乙组）男子",366717,chess-results-spielersuche,https://s3.chess-results.com/tnr366717.aspx?lan=1&art=9&snr=231,SpielerSuche FIDE 8627126 tnr366717 CJK name column
8627134,"李舒彤,",,,"李舒彤,|2023年全国国际象棋青少年锦标赛(个人)暨第28届“李成智",798384,chess-results-spielersuche,https://s3.chess-results.com/tnr798384.aspx?lan=1&art=9&snr=17,SpielerSuche FIDE 8627134 tnr798384 CJK name column
8627142,"龙君泽,",,,"龙君泽,|2018年全国国际象棋锦标赛（个人乙组）男子",366717,chess-results-spielersuche,https://s3.chess-results.com/tnr366717.aspx?lan=1&art=9&snr=176,SpielerSuche FIDE 8627142 tnr366717 CJK name column
8627150,"陈维希,",,,"陈维希,|2018年全国国际象棋锦标赛（个人乙组）男子",366717,chess-results-spielersuche,https://s3.chess-results.com/tnr366717.aspx?lan=1&art=9&snr=136,SpielerSuche FIDE 8627150 tnr366717 CJK name column
8627169,"贺博强,",,,"贺博强,|2018年全国国际象棋锦标赛（个人乙组）男子",366717,chess-results-spielersuche,https://s3.chess-results.com/tnr366717.aspx?lan=1&art=9&snr=153,SpielerSuche FIDE 8627169 tnr366717 CJK name column
8627177,"曹宸瑞,",,,"曹宸瑞,|2019年全国国际象棋锦标赛（个人乙组）男子个人",453632,chess-results-spielersuche,https://s3.chess-results.com/tnr453632.aspx?lan=1&art=9&snr=97,SpielerSuche FIDE 8627177 tnr453632 CJK name column
8627185,"周雅菲,",,,"周雅菲,|2024年全国国际象棋锦标赛（个人甲组）女子组",935623,chess-results-spielersuche,https://s3.chess-results.com/tnr935623.aspx?lan=1&art=9&snr=4,SpielerSuche FIDE 8627185 tnr935623 CJK name column
8627193,"刘以天,",,,"刘以天,|2018年全国国际象棋锦标赛（个人乙组）男子",366717,chess-results-spielersuche,https://s3.chess-results.com/tnr366717.aspx?lan=1&art=9&snr=175,SpielerSuche FIDE 8627193 tnr366717 CJK name column
8627207,"陆地,",,,"陆地,|2022年全国国际象棋锦标赛（个人乙组）男子组",724039,chess-results-spielersuche,https://s3.chess-results.com/tnr724039.aspx?lan=1&art=9&snr=59,SpielerSuche FIDE 8627207 tnr724039 CJK name column
8627215,姜天瑜,,,"姜天瑜,|2026年中国国际象棋甲级联赛 百叶龙杯”常规赛第一站长兴专",1443995,chess-results-spielersuche,https://s3.chess-results.com/tnr1443995.aspx?lan=1&art=9&snr=55,SpielerSuche FIDE 8627215 tnr1443995 CJK name column
8627240,"张乐涵,",,,"张乐涵,|2018中国国际象棋乙级联赛",365441,chess-results-spielersuche,https://s3.chess-results.com/tnr365441.aspx?lan=1&art=9&snr=150,SpielerSuche FIDE 8627240 tnr365441 CJK name column
8627258,"张乐晗,",,,"张乐晗,|2018年全国国际象棋锦标赛（个人乙组）男子",366717,chess-results-spielersuche,https://s3.chess-results.com/tnr366717.aspx?lan=1&art=9&snr=230,SpielerSuche FIDE 8627258 tnr366717 CJK name column
8627266,"韩俊程,",,,"韩俊程,|2018年全国国际象棋锦标赛（个人乙组）男子",366717,chess-results-spielersuche,https://s3.chess-results.com/tnr366717.aspx?lan=1&art=9&snr=152,SpielerSuche FIDE 8627266 tnr366717 CJK name column
8627274,"李东霞,",,,"李东霞,|2018年全国国际象棋锦标赛（个人乙组）女子",366721,chess-results-spielersuche,https://s3.chess-results.com/tnr366721.aspx?lan=1&art=9&snr=78,SpielerSuche FIDE 8627274 tnr366721 CJK name column
8627282,"李弈曦,",,,"李弈曦,|2018年全国国际象棋锦标赛（个人乙组）女子",366721,chess-results-spielersuche,https://s3.chess-results.com/tnr366721.aspx?lan=1&art=9&snr=81,SpielerSuche FIDE 8627282 tnr366721 CJK name column
8627290,"许诺,",,,"许诺,|2019年全国国际象棋锦标赛（个人乙组）男子个人",453632,chess-results-spielersuche,https://s3.chess-results.com/tnr453632.aspx?lan=1&art=9&snr=41,SpielerSuche FIDE 8627290 tnr453632 CJK name column
8627304,"苏宥宁,",,,"苏宥宁,|2018年全国国际象棋锦标赛（个人乙组）男子",366717,chess-results-spielersuche,https://s3.chess-results.com/tnr366717.aspx?lan=1&art=9&snr=192,SpielerSuche FIDE 8627304 tnr366717 CJK name column
8627312,"俞国熹,",,,"俞国熹,|2018年全国国际象棋锦标赛（个人乙组）男子",366717,chess-results-spielersuche,https://s3.chess-results.com/tnr366717.aspx?lan=1&art=9&snr=224,SpielerSuche FIDE 8627312 tnr366717 CJK name column
8627320,"赵子萱,",,,"赵子萱,|2018年全国国际象棋锦标赛（个人乙组）男子",366717,chess-results-spielersuche,https://s3.chess-results.com/tnr366717.aspx?lan=1&art=9&snr=235,SpielerSuche FIDE 8627320 tnr366717 CJK name column
8627339,关熙然,,,"关熙然,|2024年全国国际象棋青少年锦标赛（个人）暨第29 届""李成",892943,chess-results-spielersuche,https://s3.chess-results.com/tnr892943.aspx?lan=1&art=9&snr=20,SpielerSuche FIDE 8627339 tnr892943 CJK name column
8627347,"邵梓洋,",,,"邵梓洋,|2019年全国国际象棋锦标赛（个人乙组）男子个人",453632,chess-results-spielersuche,https://s3.chess-results.com/tnr453632.aspx?lan=1&art=9&snr=85,SpielerSuche FIDE 8627347 tnr453632 CJK name column
8627355,"李晓晴,",,,"李晓晴,|2018中国国际象棋乙级联赛",365441,chess-results-spielersuche,https://s3.chess-results.com/tnr365441.aspx?lan=1&art=9&snr=216,SpielerSuche FIDE 8627355 tnr365441 CJK name column
8627363,"石晚辰,",,,"石晚辰,|2018中国国际象棋乙级联赛",365441,chess-results-spielersuche,https://s3.chess-results.com/tnr365441.aspx?lan=1&art=9&snr=222,SpielerSuche FIDE 8627363 tnr365441 CJK name column
8627371,"孙洲,",,,"孙洲,|2018年全国国际象棋锦标赛（个人乙组）男子",366717,chess-results-spielersuche,https://s3.chess-results.com/tnr366717.aspx?lan=1&art=9&snr=195,SpielerSuche FIDE 8627371 tnr366717 CJK name column
8627380,"孟 伟,",,,"孟 伟,|第四届全国智力运动会国际象棋比赛少年女子团体快棋预赛",486112,chess-results-spielersuche,https://s3.chess-results.com/tnr486112.aspx?lan=1&art=9&snr=44,SpielerSuche FIDE 8627380 tnr486112 CJK name column
8627398,"杨画棋,",,,"杨画棋,|机器人谷杯第一届中国城市国际象棋联赛(团体)种子排位赛",537728,chess-results-spielersuche,https://s3.chess-results.com/tnr537728.aspx?lan=1&art=9&snr=41,SpielerSuche FIDE 8627398 tnr537728 CJK name column
8627401,"谢妮珈,",,,"谢妮珈,|第十五届全国运动会群众比赛国际象棋项目预赛混合团体公开组",1184152,chess-results-spielersuche,https://s3.chess-results.com/tnr1184152.aspx?lan=1&art=9&snr=44,SpielerSuche FIDE 8627401 tnr1184152 CJK name column
8627410,"徐乙铭,",,,"徐乙铭,|2025年全国国际象棋成人业余棋王挑战赛总决赛",1303568,chess-results-spielersuche,https://s3.chess-results.com/tnr1303568.aspx?lan=1&art=9&snr=8,SpielerSuche FIDE 8627410 tnr1303568 CJK name column
8627428,崔玟,,,"崔玟,|2025年全国国际象棋公开赛（苏州站）",1250403,chess-results-spielersuche,https://s3.chess-results.com/tnr1250403.aspx?lan=1&art=9&snr=29,SpielerSuche FIDE 8627428 tnr1250403 CJK name column
8627436,"傅若瑜,",,,"傅若瑜,|2018年全国国际象棋锦标赛（个人乙组）女子",366721,chess-results-spielersuche,https://s3.chess-results.com/tnr366721.aspx?lan=1&art=9&snr=74,SpielerSuche FIDE 8627436 tnr366721 CJK name column
8627444,"陈星言,",,,"陈星言,|2018中国国际象棋乙级联赛",365441,chess-results-spielersuche,https://s3.chess-results.com/tnr365441.aspx?lan=1&art=9&snr=190,SpielerSuche FIDE 8627444 tnr365441 CJK name column
8627452,"柯景文,",,,"柯景文,|2018中国国际象棋乙级联赛",365441,chess-results-spielersuche,https://s3.chess-results.com/tnr365441.aspx?lan=1&art=9&snr=1,SpielerSuche FIDE 8627452 tnr365441 CJK name column
8627460,"陈宥瑾,",,,"陈宥瑾,|2018中国国际象棋乙级联赛",365441,chess-results-spielersuche,https://s3.chess-results.com/tnr365441.aspx?lan=1&art=9&snr=6,SpielerSuche FIDE 8627460 tnr365441 CJK name column
8627479,"郭又霖,",,,"郭又霖,|2018年全国国际象棋锦标赛（个人乙组）男子",366717,chess-results-spielersuche,https://s3.chess-results.com/tnr366717.aspx?lan=1&art=9&snr=151,SpielerSuche FIDE 8627479 tnr366717 CJK name column
8627487,"秦崇挥,",,,"秦崇挥,|2018年全国国际象棋锦标赛（个人乙组）男子",366717,chess-results-spielersuche,https://s3.chess-results.com/tnr366717.aspx?lan=1&art=9&snr=184,SpielerSuche FIDE 8627487 tnr366717 CJK name column
8627495,"王芷涵,",,,"王芷涵,|2018中国国际象棋乙级联赛",365441,chess-results-spielersuche,https://s3.chess-results.com/tnr365441.aspx?lan=1&art=9&snr=7,SpielerSuche FIDE 8627495 tnr365441 CJK name column
8627509,"杨金澄,",,,"杨金澄,|2018年全国国际象棋锦标赛（个人乙组）男子",366717,chess-results-spielersuche,https://s3.chess-results.com/tnr366717.aspx?lan=1&art=9&snr=221,SpielerSuche FIDE 8627509 tnr366717 CJK name column
8627517,"王本驰,",,,"王本驰,|2018中国国际象棋乙级联赛",365441,chess-results-spielersuche,https://s3.chess-results.com/tnr365441.aspx?lan=1&art=9&snr=53,SpielerSuche FIDE 8627517 tnr365441 CJK name column
8627525,"艾琢轩,",,,"艾琢轩,|2018年全国国际象棋锦标赛（个人乙组）男子",366717,chess-results-spielersuche,https://s3.chess-results.com/tnr366717.aspx?lan=1&art=9&snr=129,SpielerSuche FIDE 8627525 tnr366717 CJK name column
8627533,"邱蔚然,",,,"邱蔚然,|2018中国国际象棋乙级联赛",365441,chess-results-spielersuche,https://s3.chess-results.com/tnr365441.aspx?lan=1&art=9&snr=2,SpielerSuche FIDE 8627533 tnr365441 CJK name column
8627541,"王一飞,",,,"王一飞,|第四届全国智力运动会国际象棋比赛少年女子团体快棋预赛",486112,chess-results-spielersuche,https://s3.chess-results.com/tnr486112.aspx?lan=1&art=9&snr=13,SpielerSuche FIDE 8627541 tnr486112 CJK name column
8627550,"杨涓涓,",,,"杨涓涓,|2018中国国际象棋乙级联赛",365441,chess-results-spielersuche,https://s3.chess-results.com/tnr365441.aspx?lan=1&art=9&snr=160,SpielerSuche FIDE 8627550 tnr365441 CJK name column
8627568,曹庆锋,,,"曹庆锋,|2026年中国国际象棋甲级联赛 百叶龙杯”常规赛第一站长兴专",1443995,chess-results-spielersuche,https://s3.chess-results.com/tnr1443995.aspx?lan=1&art=9&snr=37,SpielerSuche FIDE 8627568 tnr1443995 CJK name column
8627576,"孙嘉骏,",,,"孙嘉骏,|2019年中国国际象棋乙级联赛",457254,chess-results-spielersuche,https://s3.chess-results.com/tnr457254.aspx?lan=1&art=9&snr=177,SpielerSuche FIDE 8627576 tnr457254 CJK name column
8627584,"赵悦彤,",,,"赵悦彤,|2025年全国国际象棋公开赛（苏州站）",1250403,chess-results-spielersuche,https://s3.chess-results.com/tnr1250403.aspx?lan=1&art=9&snr=46,SpielerSuche FIDE 8627584 tnr1250403 CJK name column
8627592,"刘瑷玮,",,,"刘瑷玮,|2024年全国国际象棋锦标赛（个人乙组）男子组",927196,chess-results-spielersuche,https://s3.chess-results.com/tnr927196.aspx?lan=1&art=9&snr=25,SpielerSuche FIDE 8627592 tnr927196 CJK name column
8627606,"梁梓淳,",,,"梁梓淳,|2018中国国际象棋乙级联赛",365441,chess-results-spielersuche,https://s3.chess-results.com/tnr365441.aspx?lan=1&art=9&snr=221,SpielerSuche FIDE 8627606 tnr365441 CJK name column
8627614,"高嘉睿,",,,"高嘉睿,|2018中国国际象棋乙级联赛",365441,chess-results-spielersuche,https://s3.chess-results.com/tnr365441.aspx?lan=1&art=9&snr=213,SpielerSuche FIDE 8627614 tnr365441 CJK name column
8627622,"王雅乐,",,,"王雅乐,|2018中国国际象棋乙级联赛",365441,chess-results-spielersuche,https://s3.chess-results.com/tnr365441.aspx?lan=1&art=9&snr=211,SpielerSuche FIDE 8627622 tnr365441 CJK name column
8627630,"卢泰宇,",,,"卢泰宇,|2018年全国国际象棋锦标赛（个人乙组）男子",366717,chess-results-spielersuche,https://s3.chess-results.com/tnr366717.aspx?lan=1&art=9&snr=178,SpielerSuche FIDE 8627630 tnr366717 CJK name column
8627649,"杨松霖,",,,"杨松霖,|2023年全国国际象棋青少年锦标赛(个人)暨第28届“李成智",798389,chess-results-spielersuche,https://s3.chess-results.com/tnr798389.aspx?lan=1&art=9&snr=66,SpielerSuche FIDE 8627649 tnr798389 CJK name column
8627657,"刘奕恺,",,,"刘奕恺,|2018中国国际象棋乙级联赛",365441,chess-results-spielersuche,https://s3.chess-results.com/tnr365441.aspx?lan=1&art=9&snr=217,SpielerSuche FIDE 8627657 tnr365441 CJK name column
8627665,"邹宝宸,",,,"邹宝宸,|2018中国国际象棋乙级联赛",365441,chess-results-spielersuche,https://s3.chess-results.com/tnr365441.aspx?lan=1&art=9&snr=215,SpielerSuche FIDE 8627665 tnr365441 CJK name column
8627673,"李毅楷,",,,"李毅楷,|2018中国国际象棋乙级联赛",365441,chess-results-spielersuche,https://s3.chess-results.com/tnr365441.aspx?lan=1&art=9&snr=156,SpielerSuche FIDE 8627673 tnr365441 CJK name column
8627681,"周子墨,",,,"周子墨,|第四届全国智力运动会国际象棋比赛少年混合团体预赛",486109,chess-results-spielersuche,https://s3.chess-results.com/tnr486109.aspx?lan=1&art=9&snr=14,SpielerSuche FIDE 8627681 tnr486109 CJK name column
8627690,"贾, 真",,,"贾, 真|2018中国国际象棋乙级联赛",365441,chess-results-spielersuche,https://s3.chess-results.com/tnr365441.aspx?lan=1&art=9&snr=158,SpielerSuche FIDE 8627690 tnr365441 CJK name column
8627711,王夕月,,,"王夕月,|2024年全国国际象棋青少年锦标赛（个人）暨第29 届""李成",892941,chess-results-spielersuche,https://s3.chess-results.com/tnr892941.aspx?lan=1&art=9&snr=10,SpielerSuche FIDE 8627711 tnr892941 CJK name column
8627720,"阎林浩,",,,"阎林浩,|2023年全国国际象棋锦标赛(个人乙组)男子组",757168,chess-results-spielersuche,https://s3.chess-results.com/tnr757168.aspx?lan=1&art=9&snr=71,SpielerSuche FIDE 8627720 tnr757168 CJK name column
8627738,"雷子轩,",,,"雷子轩,|2018中国国际象棋乙级联赛",365441,chess-results-spielersuche,https://s3.chess-results.com/tnr365441.aspx?lan=1&art=9&snr=212,SpielerSuche FIDE 8627738 tnr365441 CJK name column
8627746,"余麦克,",,,"余麦克,|2018中国国际象棋乙级联赛",365441,chess-results-spielersuche,https://s3.chess-results.com/tnr365441.aspx?lan=1&art=9&snr=157,SpielerSuche FIDE 8627746 tnr365441 CJK name column
8627754,"刘浩宇,",,,"刘浩宇,|2019年全国国际象棋锦标赛（个人乙组）男子个人",453632,chess-results-spielersuche,https://s3.chess-results.com/tnr453632.aspx?lan=1&art=9&snr=75,SpielerSuche FIDE 8627754 tnr453632 CJK name column
8627762,"张馨予,",,,"张馨予,|2018中国国际象棋乙级联赛",365441,chess-results-spielersuche,https://s3.chess-results.com/tnr365441.aspx?lan=1&art=9&snr=139,SpielerSuche FIDE 8627762 tnr365441 CJK name column
8627770,"解一力,",,,"解一力,|2018中国国际象棋乙级联赛",365441,chess-results-spielersuche,https://s3.chess-results.com/tnr365441.aspx?lan=1&art=9&snr=137,SpielerSuche FIDE 8627770 tnr365441 CJK name column
8627789,"徐奕真,",,,"徐奕真,|2018中国国际象棋乙级联赛",365441,chess-results-spielersuche,https://s3.chess-results.com/tnr365441.aspx?lan=1&art=9&snr=140,SpielerSuche FIDE 8627789 tnr365441 CJK name column
8627797,"张烜赫,",,,"张烜赫,|2023年全国国际象棋青少年锦标赛(个人)暨第28届“李成智",798389,chess-results-spielersuche,https://s3.chess-results.com/tnr798389.aspx?lan=1&art=9&snr=29,SpielerSuche FIDE 8627797 tnr798389 CJK name column
8627800,"关心一,",,,"关心一,|2018中国国际象棋乙级联赛",365441,chess-results-spielersuche,https://s3.chess-results.com/tnr365441.aspx?lan=1&art=9&snr=138,SpielerSuche FIDE 8627800 tnr365441 CJK name column
8627819,"杨铭睿,",,,"杨铭睿,|2018中国国际象棋乙级联赛",365441,chess-results-spielersuche,https://s3.chess-results.com/tnr365441.aspx?lan=1&art=9&snr=155,SpielerSuche FIDE 8627819 tnr365441 CJK name column
8627827,"袁艺禧,",,,"袁艺禧,|2023年全国国际象棋青少年锦标赛(个人)暨第28届“李成智",798386,chess-results-spielersuche,https://s3.chess-results.com/tnr798386.aspx?lan=1&art=9&snr=18,SpielerSuche FIDE 8627827 tnr798386 CJK name column
8627835,"廖颖竹,",,,"廖颖竹,|2018年全国国际象棋锦标赛（个人乙组）女子",366721,chess-results-spielersuche,https://s3.chess-results.com/tnr366721.aspx?lan=1&art=9&snr=83,SpielerSuche FIDE 8627835 tnr366721 CJK name column
8627843,"傅一然,",,,"傅一然,|2018中国国际象棋乙级联赛",365441,chess-results-spielersuche,https://s3.chess-results.com/tnr365441.aspx?lan=1&art=9&snr=136,SpielerSuche FIDE 8627843 tnr365441 CJK name column
8627851,肖杰文,,,"肖杰文,|第四届全国智力运动会国际象棋比赛少年男子团体快棋预赛",486111,chess-results-spielersuche,https://s3.chess-results.com/tnr486111.aspx?lan=1&art=9&snr=72,SpielerSuche FIDE 8627851 tnr486111 CJK name column
8627860,"库热依什·库尔班,",,,"库热依什·库尔班,|2018年全国国际象棋锦标赛（个人乙组）男子",366717,chess-results-spielersuche,https://s3.chess-results.com/tnr366717.aspx?lan=1&art=9&snr=160,SpielerSuche FIDE 8627860 tnr366717 CJK name column
8627878,"邓昊悠,",,,"邓昊悠,|2018年谢侠逊棋王文化高峰论坛暨全国国际象棋快棋公开赛",385014,chess-results-spielersuche,https://s3.chess-results.com/tnr385014.aspx?lan=1&art=9&snr=9,SpielerSuche FIDE 8627878 tnr385014 CJK name column
8627886,"傅懿清,",,,"傅懿清,|2018中国国际象棋乙级联赛",365441,chess-results-spielersuche,https://s3.chess-results.com/tnr365441.aspx?lan=1&art=9&snr=171,SpielerSuche FIDE 8627886 tnr365441 CJK name column
8627940,"周皓天,",,,"周皓天,|2018年全国国际象棋锦标赛（个人乙组）男子",366717,chess-results-spielersuche,https://s3.chess-results.com/tnr366717.aspx?lan=1&art=9&snr=236,SpielerSuche FIDE 8627940 tnr366717 CJK name column
8627959,"郎翌凡,",,,"郎翌凡,|2018年全国国际象棋锦标赛（个人乙组）男子",366717,chess-results-spielersuche,https://s3.chess-results.com/tnr366717.aspx?lan=1&art=9&snr=161,SpielerSuche FIDE 8627959 tnr366717 CJK name column
8627967,陈律衡,,,"陈律衡,|2026年中国国际象棋甲级联赛 百叶龙杯”常规赛第一站长兴专",1443995,chess-results-spielersuche,https://s3.chess-results.com/tnr1443995.aspx?lan=1&art=9&snr=92,SpielerSuche FIDE 8627967 tnr1443995 CJK name column
8627975,"阮柏然,",,,"阮柏然,|2018年全国国际象棋锦标赛（个人乙组）男子",366717,chess-results-spielersuche,https://s3.chess-results.com/tnr366717.aspx?lan=1&art=9&snr=188,SpielerSuche FIDE 8627975 tnr366717 CJK name column
8627983,"蒋正,",,,"蒋正,|第四届全国智力运动会国际象棋比赛大学生团体预赛",486108,chess-results-spielersuche,https://s3.chess-results.com/tnr486108.aspx?lan=1&art=9&snr=12,SpielerSuche FIDE 8627983 tnr486108 CJK name column
8627991,"耿天恺,",,,"耿天恺,|2019年全国国际象棋锦标赛（个人乙组）男子个人",453632,chess-results-spielersuche,https://s3.chess-results.com/tnr453632.aspx?lan=1&art=9&snr=84,SpielerSuche FIDE 8627991 tnr453632 CJK name column
8628009,"李树龙,",,,"李树龙,|2024年全国国际象棋锦标赛（个人乙组）男子组",927196,chess-results-spielersuche,https://s3.chess-results.com/tnr927196.aspx?lan=1&art=9&snr=42,SpielerSuche FIDE 8628009 tnr927196 CJK name column
8628017,"秦歆哲,",,,"秦歆哲,|2018年全国国际象棋锦标赛（个人乙组）男子",366717,chess-results-spielersuche,https://s3.chess-results.com/tnr366717.aspx?lan=1&art=9&snr=185,SpielerSuche FIDE 8628017 tnr366717 CJK name column
8628025,"白珍石,",,,"白珍石,|2018年全国国际象棋锦标赛（个人乙组）男子",366717,chess-results-spielersuche,https://s3.chess-results.com/tnr366717.aspx?lan=1&art=9&snr=130,SpielerSuche FIDE 8628025 tnr366717 CJK name column
8628033,"单英函,",,,"单英函,|2018年全国国际象棋锦标赛（个人乙组）男子",366717,chess-results-spielersuche,https://s3.chess-results.com/tnr366717.aspx?lan=1&art=9&snr=189,SpielerSuche FIDE 8628033 tnr366717 CJK name column
8628041,"谢林烨,",,,"谢林烨,|2025年全国国际象棋公开赛（苏州站）",1250403,chess-results-spielersuche,https://s3.chess-results.com/tnr1250403.aspx?lan=1&art=9&snr=33,SpielerSuche FIDE 8628041 tnr1250403 CJK name column
8628050,2025年国家国际象棋二队（深圳龙岗）选拔赛男子组,,"Fang, Jiadong",2025年国家国际象棋二队（深圳龙岗）选拔赛男子组,1150011,chess-results-spielersuche,https://s3.chess-results.com/tnr1150011.aspx?lan=1&art=9&snr=7,SpielerSuche FIDE 8628050 tnr1150011 CJK name column
8628068,"陈蕴祺,",,,"陈蕴祺,|第四届全国智力运动会国际象棋比赛少年女子个人预赛",486107,chess-results-spielersuche,https://s3.chess-results.com/tnr486107.aspx?lan=1&art=9&snr=13,SpielerSuche FIDE 8628068 tnr486107 CJK name column
8628076,"浦励,",,,"浦励,|2019年全国国际象棋锦标赛（个人乙组）女子个人",453637,chess-results-spielersuche,https://s3.chess-results.com/tnr453637.aspx?lan=1&art=9&snr=42,SpielerSuche FIDE 8628076 tnr453637 CJK name column
8628084,"陈瓴月,",,,"陈瓴月,|2018年全国国际象棋锦标赛（个人乙组）女子",366721,chess-results-spielersuche,https://s3.chess-results.com/tnr366721.aspx?lan=1&art=9&snr=67,SpielerSuche FIDE 8628084 tnr366721 CJK name column
8628092,邓俊杰,,,"邓俊杰,|2025年全国国际象棋棋协大师赛（绍兴站）棋协大师组",1214030,chess-results-spielersuche,https://s3.chess-results.com/tnr1214030.aspx?lan=1&art=9&snr=5,SpielerSuche FIDE 8628092 tnr1214030 CJK name column
8628106,王晓郅,,,"王晓郅,|2024全国国际象棋青少年锦标赛（个人）暨第29届“李成智杯",892909,chess-results-spielersuche,https://s3.chess-results.com/tnr892909.aspx?lan=1&art=9&snr=18,SpielerSuche FIDE 8628106 tnr892909 CJK name column
8628114,邓颖佳,,,"邓颖佳,|2024年全国国际象棋青少年锦标赛（个人）暨第29 届""李成",892941,chess-results-spielersuche,https://s3.chess-results.com/tnr892941.aspx?lan=1&art=9&snr=11,SpielerSuche FIDE 8628114 tnr892941 CJK name column
8628122,何璿越,,,"何璿越,|2023年全国国际象棋青少年锦标赛(个人)暨第28届“李成智",798385,chess-results-spielersuche,https://s3.chess-results.com/tnr798385.aspx?lan=1&art=9&snr=11,SpielerSuche FIDE 8628122 tnr798385 CJK name column
8628130,"吴双,",,,"吴双,|2018年全国国际象棋锦标赛（个人乙组）女子",366721,chess-results-spielersuche,https://s3.chess-results.com/tnr366721.aspx?lan=1&art=9&snr=89,SpielerSuche FIDE 8628130 tnr366721 CJK name column
8628149,"罗馨芸,",,,"罗馨芸,|2018年全国国际象棋锦标赛（个人乙组）女子",366721,chess-results-spielersuche,https://s3.chess-results.com/tnr366721.aspx?lan=1&art=9&snr=85,SpielerSuche FIDE 8628149 tnr366721 CJK name column
8628173,"陈新,",,,"陈新,|2018年全国国际象棋锦标赛（个人乙组）女子",366721,chess-results-spielersuche,https://s3.chess-results.com/tnr366721.aspx?lan=1&art=9&snr=68,SpielerSuche FIDE 8628173 tnr366721 CJK name column
8628181,廖晋昕,,,"廖晋昕,|2025年全国国际象棋青少年锦标赛（个人）暨第30届“李成智",1111361,chess-results-spielersuche,https://s3.chess-results.com/tnr1111361.aspx?lan=1&art=9&snr=19,SpielerSuche FIDE 8628181 tnr1111361 CJK name column
8628203,"陈玥彤,",,,"陈玥彤,|第四届全国智力运动会国际象棋比赛少年女子团体快棋冠亚军决赛和",490255,chess-results-spielersuche,https://s3.chess-results.com/tnr490255.aspx?lan=1&art=9&snr=8,SpielerSuche FIDE 8628203 tnr490255 CJK name column
8628211,"李颐轩,",,,"李颐轩,|2018年全国国际象棋锦标赛（个人乙组）男子",366717,chess-results-spielersuche,https://s3.chess-results.com/tnr366717.aspx?lan=1&art=9&snr=166,SpielerSuche FIDE 8628211 tnr366717 CJK name column
8628238,"马赫,",,,"马赫,|2018年全国国际象棋锦标赛（个人乙组）男子",366717,chess-results-spielersuche,https://s3.chess-results.com/tnr366717.aspx?lan=1&art=9&snr=181,SpielerSuche FIDE 8628238 tnr366717 CJK name column
8628254,"赵采迪,",,,"赵采迪,|2018年全国国际象棋锦标赛（个人乙组）女子",366721,chess-results-spielersuche,https://s3.chess-results.com/tnr366721.aspx?lan=1&art=9&snr=96,SpielerSuche FIDE 8628254 tnr366721 CJK name column
8628360,"黄逸鸿,",,,"黄逸鸿,|2023年全国国际象棋青少年锦标赛(个人)暨第28届“李成智",798389,chess-results-spielersuche,https://s3.chess-results.com/tnr798389.aspx?lan=1&art=9&snr=9,SpielerSuche FIDE 8628360 tnr798389 CJK name column
8628424,罗子棐,,,"罗子棐,|2025年全国国际象棋青少年锦标赛（个人）暨第30届“李成智",1111361,chess-results-spielersuche,https://s3.chess-results.com/tnr1111361.aspx?lan=1&art=9&snr=33,SpielerSuche FIDE 8628424 tnr1111361 CJK name column
8628459,"刘博雷,",,,"刘博雷,|2023年全国国际象棋公开赛（呼和浩特站）",867741,chess-results-spielersuche,https://s3.chess-results.com/tnr867741.aspx?lan=1&art=9&snr=9,SpielerSuche FIDE 8628459 tnr867741 CJK name column
8628475,"孙莛洲,",,,"孙莛洲,|第四届全国智力运动会国际象棋比赛少年男子团体快棋预赛",486111,chess-results-spielersuche,https://s3.chess-results.com/tnr486111.aspx?lan=1&art=9&snr=50,SpielerSuche FIDE 8628475 tnr486111 CJK name column
8628483,"肖嘉润,",,,"肖嘉润,|2019年全国国际象棋锦标赛（个人乙组）男子个人",453632,chess-results-spielersuche,https://s3.chess-results.com/tnr453632.aspx?lan=1&art=9&snr=83,SpielerSuche FIDE 8628483 tnr453632 CJK name column
8628572,章如一,,,"章如一,|2025年全国国际象棋青少年锦标赛（个人）暨第30届“李成智",1111361,chess-results-spielersuche,https://s3.chess-results.com/tnr1111361.aspx?lan=1&art=9&snr=39,SpielerSuche FIDE 8628572 tnr1111361 CJK name column
8628599,张恩铭,,,"张恩铭,|【北京】第二届和平杯国际象棋公开赛",1405363,chess-results-spielersuche,https://s3.chess-results.com/tnr1405363.aspx?lan=1&art=9&snr=9,SpielerSuche FIDE 8628599 tnr1405363 CJK name column
8628742,"王蕗涵,",,,"王蕗涵,|2022年全国国际象棋锦标赛（个人乙组）男子组",724039,chess-results-spielersuche,https://s3.chess-results.com/tnr724039.aspx?lan=1&art=9&snr=74,SpielerSuche FIDE 8628742 tnr724039 CJK name column
8628785,"王悦舟,",,,"王悦舟,|2023年全国国际象棋青少年锦标赛(个人)暨第28届“李成智",798389,chess-results-spielersuche,https://s3.chess-results.com/tnr798389.aspx?lan=1&art=9&snr=16,SpielerSuche FIDE 8628785 tnr798389 CJK name column
8628840,"陈郁,",,,"陈郁,|2019年全国国际象棋锦标赛（个人乙组）男子个人",453632,chess-results-spielersuche,https://s3.chess-results.com/tnr453632.aspx?lan=1&art=9&snr=99,SpielerSuche FIDE 8628840 tnr453632 CJK name column
8628874,郭诗然,,,"郭诗然,|2025年全国国际象棋锦标赛（个人）女子组",1200590,chess-results-spielersuche,https://s3.chess-results.com/tnr1200590.aspx?lan=1&art=9&snr=34,SpielerSuche FIDE 8628874 tnr1200590 CJK name column
8628939,"王思达,",,,"王思达,|2023年全国国际象棋青少年锦标赛(个人)暨第28届“李成智",798389,chess-results-spielersuche,https://s3.chess-results.com/tnr798389.aspx?lan=1&art=9&snr=56,SpielerSuche FIDE 8628939 tnr798389 CJK name column
8629161,"王盈凯,",,,"王盈凯,|2023年全国国际象棋青少年锦标赛(个人)暨第28届“李成智",798387,chess-results-spielersuche,https://s3.chess-results.com/tnr798387.aspx?lan=1&art=9&snr=78,SpielerSuche FIDE 8629161 tnr798387 CJK name column
8629218,蔡锐琛,,,"蔡锐琛,|2024年中国国际象棋乙级联赛",984568,chess-results-spielersuche,https://s3.chess-results.com/tnr984568.aspx?lan=1&art=9&snr=90,SpielerSuche FIDE 8629218 tnr984568 CJK name column
8629269,徐鹏墨,,,"徐鹏墨,|“中国体育彩票杯”2025年第一届深圳市国际象棋新人王赛",1303559,chess-results-spielersuche,https://s3.chess-results.com/tnr1303559.aspx?lan=1&art=9&snr=4,SpielerSuche FIDE 8629269 tnr1303559 CJK name column
8629323,张颢续,,,"张颢续,|2024年中国国际象棋乙级联赛",984568,chess-results-spielersuche,https://s3.chess-results.com/tnr984568.aspx?lan=1&art=9&snr=135,SpielerSuche FIDE 8629323 tnr984568 CJK name column
8629331,钟琅颀,,,"钟琅颀,|2024全国国际象棋青少年锦标赛（个人）暨第29届“李成智杯",892909,chess-results-spielersuche,https://s3.chess-results.com/tnr892909.aspx?lan=1&art=9&snr=26,SpielerSuche FIDE 8629331 tnr892909 CJK name column
8629900,"夏渝皓,",,,"夏渝皓,|2023年全国国际象棋青少年锦标赛(个人)暨第28届“李成智",798387,chess-results-spielersuche,https://s3.chess-results.com/tnr798387.aspx?lan=1&art=9&snr=81,SpielerSuche FIDE 8629900 tnr798387 CJK name column
8629919,"张一弛,",,,"张一弛,|2025年全国国际象棋成人业余棋王挑战赛总决赛",1303568,chess-results-spielersuche,https://s3.chess-results.com/tnr1303568.aspx?lan=1&art=9&snr=31,SpielerSuche FIDE 8629919 tnr1303568 CJK name column
8630038,白雪瑶,,,"白雪瑶,|2024年全国国际象棋青少年锦标赛（个人）暨第29 届""李成",892944,chess-results-spielersuche,https://s3.chess-results.com/tnr892944.aspx?lan=1&art=9&snr=38,SpielerSuche FIDE 8630038 tnr892944 CJK name column
8630143,任益百,,,"任益百,|“中国体育彩票杯”2025年第一届深圳市国际象棋新人王赛",1303559,chess-results-spielersuche,https://s3.chess-results.com/tnr1303559.aspx?lan=1&art=9&snr=7,SpielerSuche FIDE 8630143 tnr1303559 CJK name column
8630364,"宋雨宸,",,,"宋雨宸,|2019年全国国际象棋锦标赛（团体）男子组",450220,chess-results-spielersuche,https://s3.chess-results.com/tnr450220.aspx?lan=1&art=9&snr=30,SpielerSuche FIDE 8630364 tnr450220 CJK name column
8630429,金念,,,"金念,|2024全国国际象棋青少年锦标赛（个人）暨第29届“李成智杯",892911,chess-results-spielersuche,https://s3.chess-results.com/tnr892911.aspx?lan=1&art=9&snr=107,SpielerSuche FIDE 8630429 tnr892911 CJK name column
8630437,"陈炫任,",,,"陈炫任,|第四届全国智力运动会国际象棋比赛少年混合团体预赛",486109,chess-results-spielersuche,https://s3.chess-results.com/tnr486109.aspx?lan=1&art=9&snr=1,SpielerSuche FIDE 8630437 tnr486109 CJK name column
8630453,"陈瑜亮,",,,"陈瑜亮,|2019年全国国际象棋锦标赛（个人乙组）男子个人",453632,chess-results-spielersuche,https://s3.chess-results.com/tnr453632.aspx?lan=1&art=9&snr=44,SpielerSuche FIDE 8630453 tnr453632 CJK name column
8630461,"邓子琪,",,,"邓子琪,|2019年中国国际象棋乙级联赛",457254,chess-results-spielersuche,https://s3.chess-results.com/tnr457254.aspx?lan=1&art=9&snr=40,SpielerSuche FIDE 8630461 tnr457254 CJK name column
8630585,汪士为,,,"汪士为,|2025年全国国际象棋青少年锦标赛（个人）暨第30届“李成智",1111362,chess-results-spielersuche,https://s3.chess-results.com/tnr1111362.aspx?lan=1&art=9&snr=76,SpielerSuche FIDE 8630585 tnr1111362 CJK name column
8630666,"秦睿,",,,"秦睿,|第十五届全国运动会群众比赛国际象棋项目预赛混合团体业余组",1184153,chess-results-spielersuche,https://s3.chess-results.com/tnr1184153.aspx?lan=1&art=9&snr=35,SpielerSuche FIDE 8630666 tnr1184153 CJK name column
8630682,常芦鑫,,,"常芦鑫,|2024全国国际象棋青少年锦标赛（个人）暨第29届“李成智杯",892910,chess-results-spielersuche,https://s3.chess-results.com/tnr892910.aspx?lan=1&art=9&snr=20,SpielerSuche FIDE 8630682 tnr892910 CJK name column
8630763,陈芊壹,,,"陈芊壹,|第十五届全国运动会群众比赛国际象棋项目预赛女子个人公开组",1184156,chess-results-spielersuche,https://s3.chess-results.com/tnr1184156.aspx?lan=1&art=9&snr=18,SpielerSuche FIDE 8630763 tnr1184156 CJK name column
8630780,"郭展,",,,"郭展,|2019年中国国际象棋乙级联赛",457254,chess-results-spielersuche,https://s3.chess-results.com/tnr457254.aspx?lan=1&art=9&snr=122,SpielerSuche FIDE 8630780 tnr457254 CJK name column
8630801,"李佳鸿,",,,"李佳鸿,|2025年全国国际象棋公开赛（聊城站）",1200704,chess-results-spielersuche,https://s3.chess-results.com/tnr1200704.aspx?lan=1&art=9&snr=25,SpielerSuche FIDE 8630801 tnr1200704 CJK name column
8630828,"李元霖,",,,"李元霖,|国际象棋比赛 男子团体",922080,chess-results-spielersuche,https://s3.chess-results.com/tnr922080.aspx?lan=1&art=9&snr=22,SpielerSuche FIDE 8630828 tnr922080 CJK name column
8630836,刘恩麟,,,"刘恩麟,|2025年全国国际象棋青少年锦标赛（个人）暨第30届“李成智",1111363,chess-results-spielersuche,https://s3.chess-results.com/tnr1111363.aspx?lan=1&art=9&snr=62,SpielerSuche FIDE 8630836 tnr1111363 CJK name column
8631018,"熊丽娟,",,,"熊丽娟,|第十五届全国运动会群众比赛国际象棋项目预赛混合团体业余组",1184153,chess-results-spielersuche,https://s3.chess-results.com/tnr1184153.aspx?lan=1&art=9&snr=24,SpielerSuche FIDE 8631018 tnr1184153 CJK name column
8631034,"陈灏轩,",,,"陈灏轩,|2025年全国国际象棋成人业余棋王挑战赛总决赛",1303568,chess-results-spielersuche,https://s3.chess-results.com/tnr1303568.aspx?lan=1&art=9&snr=24,SpielerSuche FIDE 8631034 tnr1303568 CJK name column
8631042,"陈俊宇,",,,"陈俊宇,|2019年全国国际象棋锦标赛（团体）男子组",450220,chess-results-spielersuche,https://s3.chess-results.com/tnr450220.aspx?lan=1&art=9&snr=31,SpielerSuche FIDE 8631042 tnr450220 CJK name column
8631050,"陈美彤,",,,"陈美彤,|2019年中国国际象棋乙级联赛",457254,chess-results-spielersuche,https://s3.chess-results.com/tnr457254.aspx?lan=1&art=9&snr=143,SpielerSuche FIDE 8631050 tnr457254 CJK name column
8631069,"崔俊浩,",,,"崔俊浩,|2023年全国国际象棋青少年锦标赛(个人)暨第28届“李成智",798388,chess-results-spielersuche,https://s3.chess-results.com/tnr798388.aspx?lan=1&art=9&snr=25,SpielerSuche FIDE 8631069 tnr798388 CJK name column
8631077,"李忱孺,",,,"李忱孺,|2019年全国国际象棋锦标赛（团体）男子组",450220,chess-results-spielersuche,https://s3.chess-results.com/tnr450220.aspx?lan=1&art=9&snr=29,SpielerSuche FIDE 8631077 tnr450220 CJK name column
8631085,"李怡霏,",,,"李怡霏,|第四届全国智力运动会国际象棋比赛少年女子团体快棋预赛",486112,chess-results-spielersuche,https://s3.chess-results.com/tnr486112.aspx?lan=1&art=9&snr=52,SpielerSuche FIDE 8631085 tnr486112 CJK name column
8631123,"孙浩然,",,,"孙浩然,|2019年中国国际象棋乙级联赛",457254,chess-results-spielersuche,https://s3.chess-results.com/tnr457254.aspx?lan=1&art=9&snr=135,SpielerSuche FIDE 8631123 tnr457254 CJK name column
8631166,杨思源,,,"杨思源,|2025年国际象棋中国分区赛男子组",1140861,chess-results-spielersuche,https://s3.chess-results.com/tnr1140861.aspx?lan=1&art=9&snr=32,SpielerSuche FIDE 8631166 tnr1140861 CJK name column
8631271,"蒋慧阳,",,,"蒋慧阳,|第十五届全国运动会群众比赛国际象棋项目预赛女子个人业余组",1184157,chess-results-spielersuche,https://s3.chess-results.com/tnr1184157.aspx?lan=1&art=9&snr=18,SpielerSuche FIDE 8631271 tnr1184157 CJK name column
8631280,"高朗,",,,"高朗,|2023年全国国际象棋青少年锦标赛(个人)暨第28届“李成智",798387,chess-results-spielersuche,https://s3.chess-results.com/tnr798387.aspx?lan=1&art=9&snr=46,SpielerSuche FIDE 8631280 tnr798387 CJK name column
8631301,"汪家毅,",,,"汪家毅,|2023年全国国际象棋青少年锦标赛(个人)暨第28届“李成智",798389,chess-results-spielersuche,https://s3.chess-results.com/tnr798389.aspx?lan=1&art=9&snr=28,SpielerSuche FIDE 8631301 tnr798389 CJK name column
8631310,test赛,,"Wang, Yuehan",test赛,672620,chess-results-spielersuche,https://s3.chess-results.com/tnr672620.aspx?lan=1&art=9&snr=15,SpielerSuche FIDE 8631310 tnr672620 CJK name column
8631344,张腾昊,,,"张腾昊,|2024全国国际象棋青少年锦标赛（个人）暨第29届“李成智杯",892911,chess-results-spielersuche,https://s3.chess-results.com/tnr892911.aspx?lan=1&art=9&snr=50,SpielerSuche FIDE 8631344 tnr892911 CJK name column
8631379,武一南,,,"武一南,|2024年全国国际象棋锦标赛（个人乙组）男子组",927196,chess-results-spielersuche,https://s3.chess-results.com/tnr927196.aspx?lan=1&art=9&snr=89,SpielerSuche FIDE 8631379 tnr927196 CJK name column
8631425,宁杨潇,,,"宁杨潇,|2024全国国际象棋青少年锦标赛（个人）暨第29届“李成智杯",892910,chess-results-spielersuche,https://s3.chess-results.com/tnr892910.aspx?lan=1&art=9&snr=8,SpielerSuche FIDE 8631425 tnr892910 CJK name column
8631441,唐恩琪,,,"唐恩琪,|2024全国国际象棋青少年锦标赛（个人）暨第29届“李成智杯",892911,chess-results-spielersuche,https://s3.chess-results.com/tnr892911.aspx?lan=1&art=9&snr=7,SpielerSuche FIDE 8631441 tnr892911 CJK name column
8631573,"曹文俊,",,,"曹文俊,|第四届全国智力运动会国际象棋比赛少年混合团体预赛",486109,chess-results-spielersuche,https://s3.chess-results.com/tnr486109.aspx?lan=1&art=9&snr=55,SpielerSuche FIDE 8631573 tnr486109 CJK name column
8631590,邵彦瑞,,,"邵彦瑞,|2025年全国国际象棋锦标赛（个人）女子组",1200590,chess-results-spielersuche,https://s3.chess-results.com/tnr1200590.aspx?lan=1&art=9&snr=31,SpielerSuche FIDE 8631590 tnr1200590 CJK name column
8631603,解嘉祥,,,"解嘉祥,|2025年中国国际象棋乙级联赛",1229905,chess-results-spielersuche,https://s3.chess-results.com/tnr1229905.aspx?lan=1&art=9&snr=128,SpielerSuche FIDE 8631603 tnr1229905 CJK name column
8631611,辛俊成,,,"辛俊成,|2025年全国国际象棋成人业余棋王挑战赛总决赛",1303568,chess-results-spielersuche,https://s3.chess-results.com/tnr1303568.aspx?lan=1&art=9&snr=1,SpielerSuche FIDE 8631611 tnr1303568 CJK name column
8631638,王楚乔,,,"王楚乔,|2026年中国国际象棋甲级联赛 百叶龙杯”常规赛第一站长兴专",1443995,chess-results-spielersuche,https://s3.chess-results.com/tnr1443995.aspx?lan=1&art=9&snr=25,SpielerSuche FIDE 8631638 tnr1443995 CJK name column
8631654,"王雅淇,",,,"王雅淇,|2019年全国国际象棋锦标赛（团体）女子组",450225,chess-results-spielersuche,https://s3.chess-results.com/tnr450225.aspx?lan=1&art=9&snr=39,SpielerSuche FIDE 8631654 tnr450225 CJK name column
8631662,"赵悦彤,",,,"赵悦彤,|2019年全国国际象棋锦标赛（团体）女子组",450225,chess-results-spielersuche,https://s3.chess-results.com/tnr450225.aspx?lan=1&art=9&snr=20,SpielerSuche FIDE 8631662 tnr450225 CJK name column
8631670,"周天元,",,,"周天元,|2019年全国国际象棋锦标赛（团体）女子组",450225,chess-results-spielersuche,https://s3.chess-results.com/tnr450225.aspx?lan=1&art=9&snr=18,SpielerSuche FIDE 8631670 tnr450225 CJK name column
8631689,"胡博元,",,,"胡博元,|2019年中国国际象棋乙级联赛",457254,chess-results-spielersuche,https://s3.chess-results.com/tnr457254.aspx?lan=1&art=9&snr=66,SpielerSuche FIDE 8631689 tnr457254 CJK name column
8631697,"孙裳禧,",,,"孙裳禧,|2019年全国国际象棋锦标赛（团体）女子组",450225,chess-results-spielersuche,https://s3.chess-results.com/tnr450225.aspx?lan=1&art=9&snr=19,SpielerSuche FIDE 8631697 tnr450225 CJK name column
8631719,"李文郅,",,,"李文郅,|2019年全国国际象棋锦标赛（团体）男子组",450220,chess-results-spielersuche,https://s3.chess-results.com/tnr450220.aspx?lan=1&art=9&snr=28,SpielerSuche FIDE 8631719 tnr450220 CJK name column
8631727,"尹榆皓,",,,"尹榆皓,|第四届全国智力运动会国际象棋比赛少年男子团体快棋预赛",486111,chess-results-spielersuche,https://s3.chess-results.com/tnr486111.aspx?lan=1&art=9&snr=97,SpielerSuche FIDE 8631727 tnr486111 CJK name column
8631735,"吴昊凡,",,,"吴昊凡,|第四届全国智力运动会国际象棋比赛大学生团体预赛",486108,chess-results-spielersuche,https://s3.chess-results.com/tnr486108.aspx?lan=1&art=9&snr=17,SpielerSuche FIDE 8631735 tnr486108 CJK name column
8631743,"董馨岳,",,,"董馨岳,|2019年中国国际象棋乙级联赛",457254,chess-results-spielersuche,https://s3.chess-results.com/tnr457254.aspx?lan=1&art=9&snr=13,SpielerSuche FIDE 8631743 tnr457254 CJK name column
8631751,"葛睿彤,",,,"葛睿彤,|2019年全国国际象棋锦标赛（团体）女子组",450225,chess-results-spielersuche,https://s3.chess-results.com/tnr450225.aspx?lan=1&art=9&snr=60,SpielerSuche FIDE 8631751 tnr450225 CJK name column
8631760,"马睿一,",,,"马睿一,|2019年全国国际象棋锦标赛（个人乙组）男子个人",453632,chess-results-spielersuche,https://s3.chess-results.com/tnr453632.aspx?lan=1&art=9&snr=110,SpielerSuche FIDE 8631760 tnr453632 CJK name column
8631778,"王帆,",,,"王帆,|2024年全国国际象棋锦标赛（个人乙组）男子组",927196,chess-results-spielersuche,https://s3.chess-results.com/tnr927196.aspx?lan=1&art=9&snr=27,SpielerSuche FIDE 8631778 tnr927196 CJK name column
8631786,"郑棋泽,",,,"郑棋泽,|2019年中国国际象棋乙级联赛",457254,chess-results-spielersuche,https://s3.chess-results.com/tnr457254.aspx?lan=1&art=9&snr=168,SpielerSuche FIDE 8631786 tnr457254 CJK name column
8631794,"郑泽轩,",,,"郑泽轩,|2019年全国国际象棋锦标赛（个人乙组）男子个人",453632,chess-results-spielersuche,https://s3.chess-results.com/tnr453632.aspx?lan=1&art=9&snr=130,SpielerSuche FIDE 8631794 tnr453632 CJK name column
8631808,"徐晖航,",,,"徐晖航,|2019年全国国际象棋锦标赛（个人乙组）男子个人",453632,chess-results-spielersuche,https://s3.chess-results.com/tnr453632.aspx?lan=1&art=9&snr=123,SpielerSuche FIDE 8631808 tnr453632 CJK name column
8631816,"朱翰璐,",,,"朱翰璐,|2019年中国国际象棋乙级联赛",457254,chess-results-spielersuche,https://s3.chess-results.com/tnr457254.aspx?lan=1&art=9&snr=166,SpielerSuche FIDE 8631816 tnr457254 CJK name column
8631824,"邵俊皓,",,,"邵俊皓,|2019年全国国际象棋锦标赛（个人乙组）男子个人",453632,chess-results-spielersuche,https://s3.chess-results.com/tnr453632.aspx?lan=1&art=9&snr=112,SpielerSuche FIDE 8631824 tnr453632 CJK name column
8631832,"黄俊杰,",,,"黄俊杰,|2019年全国国际象棋锦标赛（个人乙组）男子个人",453632,chess-results-spielersuche,https://s3.chess-results.com/tnr453632.aspx?lan=1&art=9&snr=103,SpielerSuche FIDE 8631832 tnr453632 CJK name column
8631840,"林皓昊,",,,"林皓昊,|2019年全国国际象棋锦标赛（个人乙组）男子个人",453632,chess-results-spielersuche,https://s3.chess-results.com/tnr453632.aspx?lan=1&art=9&snr=105,SpielerSuche FIDE 8631840 tnr453632 CJK name column
8631859,"王灏,",,,"王灏,|2025年中国国际象棋乙级联赛",1229905,chess-results-spielersuche,https://s3.chess-results.com/tnr1229905.aspx?lan=1&art=9&snr=13,SpielerSuche FIDE 8631859 tnr1229905 CJK name column
8631867,"何小乔,",,,"何小乔,|2019年中国国际象棋乙级联赛",457254,chess-results-spielersuche,https://s3.chess-results.com/tnr457254.aspx?lan=1&art=9&snr=169,SpielerSuche FIDE 8631867 tnr457254 CJK name column
8631875,"王薇然,",,,"王薇然,|第四届全国智力运动会国际象棋比赛少年女子团体快棋预赛",486112,chess-results-spielersuche,https://s3.chess-results.com/tnr486112.aspx?lan=1&art=9&snr=12,SpielerSuche FIDE 8631875 tnr486112 CJK name column
8631883,韩岳霖,,,"韩岳霖,|2025年全国国际象棋青少年锦标赛（个人）暨第30届“李成智",1111362,chess-results-spielersuche,https://s3.chess-results.com/tnr1111362.aspx?lan=1&art=9&snr=29,SpielerSuche FIDE 8631883 tnr1111362 CJK name column
8631891,孟奕涵,,,"孟奕涵,|2026年中国国际象棋甲级联赛 百叶龙杯”常规赛第一站长兴专",1443995,chess-results-spielersuche,https://s3.chess-results.com/tnr1443995.aspx?lan=1&art=9&snr=44,SpielerSuche FIDE 8631891 tnr1443995 CJK name column
8631905,"芦涌泉,",,,"芦涌泉,|2019年全国国际象棋锦标赛（个人乙组）男子个人",453632,chess-results-spielersuche,https://s3.chess-results.com/tnr453632.aspx?lan=1&art=9&snr=108,SpielerSuche FIDE 8631905 tnr453632 CJK name column
8631913,"王星皓,",,,"王星皓,|2019年全国国际象棋锦标赛（个人乙组）男子个人",453632,chess-results-spielersuche,https://s3.chess-results.com/tnr453632.aspx?lan=1&art=9&snr=119,SpielerSuche FIDE 8631913 tnr453632 CJK name column
8631921,"王勃睿,",,,"王勃睿,|2019年全国国际象棋锦标赛（个人乙组）男子个人",453632,chess-results-spielersuche,https://s3.chess-results.com/tnr453632.aspx?lan=1&art=9&snr=115,SpielerSuche FIDE 8631921 tnr453632 CJK name column
8631930,姜昊辰,,"Jiang, Haochen",单循环团体赛 测试赛,1445442,chess-results-spielersuche,https://s3.chess-results.com/tnr1445442.aspx?lan=1&art=9&snr=14,SpielerSuche FIDE 8631930 tnr1445442 CJK name column
8631948,"杨濠诚,",,,"杨濠诚,|2019年全国国际象棋锦标赛（个人乙组）男子个人",453632,chess-results-spielersuche,https://s3.chess-results.com/tnr453632.aspx?lan=1&art=9&snr=124,SpielerSuche FIDE 8631948 tnr453632 CJK name column
8631964,"姚玉郡,",,,"姚玉郡,|2019年中国国际象棋乙级联赛",457254,chess-results-spielersuche,https://s3.chess-results.com/tnr457254.aspx?lan=1&art=9&snr=119,SpielerSuche FIDE 8631964 tnr457254 CJK name column
8631972,"林泓睿,",,,"林泓睿,|2019年全国国际象棋锦标赛（个人乙组）女子个人",453637,chess-results-spielersuche,https://s3.chess-results.com/tnr453637.aspx?lan=1&art=9&snr=41,SpielerSuche FIDE 8631972 tnr453637 CJK name column
8631980,"张塨昊,",,,"张塨昊,|2019年全国国际象棋锦标赛（个人乙组）男子个人",453632,chess-results-spielersuche,https://s3.chess-results.com/tnr453632.aspx?lan=1&art=9&snr=125,SpielerSuche FIDE 8631980 tnr453632 CJK name column
8631999,赵时乐,,,"赵时乐,|2025年全国国际象棋公开赛（聊城站）",1200704,chess-results-spielersuche,https://s3.chess-results.com/tnr1200704.aspx?lan=1&art=9&snr=88,SpielerSuche FIDE 8631999 tnr1200704 CJK name column
8632006,"何秉玉,",,,"何秉玉,|2019年全国国际象棋锦标赛（个人乙组）女子个人",453637,chess-results-spielersuche,https://s3.chess-results.com/tnr453637.aspx?lan=1&art=9&snr=38,SpielerSuche FIDE 8632006 tnr453637 CJK name column
8632014,"张立晨,",,,"张立晨,|2019年全国国际象棋锦标赛（个人乙组）男子个人",453632,chess-results-spielersuche,https://s3.chess-results.com/tnr453632.aspx?lan=1&art=9&snr=126,SpielerSuche FIDE 8632014 tnr453632 CJK name column
8632022,"吴婉韵,",,,"吴婉韵,|2019年全国国际象棋锦标赛（个人乙组）女子个人",453637,chess-results-spielersuche,https://s3.chess-results.com/tnr453637.aspx?lan=1&art=9&snr=45,SpielerSuche FIDE 8632022 tnr453637 CJK name column
8632030,沈旭升,,,"沈旭升,|2025年全国国际象棋青少年锦标赛（个人）暨第30届“李成智",1111362,chess-results-spielersuche,https://s3.chess-results.com/tnr1111362.aspx?lan=1&art=9&snr=9,SpielerSuche FIDE 8632030 tnr1111362 CJK name column
8632049,"杨嘉楠,",,,"杨嘉楠,|2019年全国国际象棋锦标赛（个人乙组）女子个人",453637,chess-results-spielersuche,https://s3.chess-results.com/tnr453637.aspx?lan=1&art=9&snr=46,SpielerSuche FIDE 8632049 tnr453637 CJK name column
8632057,"汪志远,",,,"汪志远,|2019年全国国际象棋锦标赛（个人乙组）男子个人",453632,chess-results-spielersuche,https://s3.chess-results.com/tnr453632.aspx?lan=1&art=9&snr=121,SpielerSuche FIDE 8632057 tnr453632 CJK name column
8632065,"林俊艺,",,,"林俊艺,|2023年全国国际象棋青少年锦标赛(个人)暨第28届“李成智",798390,chess-results-spielersuche,https://s3.chess-results.com/tnr798390.aspx?lan=1&art=9&snr=19,SpielerSuche FIDE 8632065 tnr798390 CJK name column
8632073,"王泽宇,",,,"王泽宇,|2019年全国国际象棋锦标赛（个人乙组）男子个人",453632,chess-results-spielersuche,https://s3.chess-results.com/tnr453632.aspx?lan=1&art=9&snr=120,SpielerSuche FIDE 8632073 tnr453632 CJK name column
8632120,"周旻阳,",,,"周旻阳,|2019年全国国际象棋锦标赛（个人乙组）男子个人",453632,chess-results-spielersuche,https://s3.chess-results.com/tnr453632.aspx?lan=1&art=9&snr=131,SpielerSuche FIDE 8632120 tnr453632 CJK name column
8632146,"王文鼎,",,,"王文鼎,|第四届全国智力运动会国际象棋比赛少年混合团体预赛",486109,chess-results-spielersuche,https://s3.chess-results.com/tnr486109.aspx?lan=1&art=9&snr=21,SpielerSuche FIDE 8632146 tnr486109 CJK name column
8632154,"王睿聪,",,,"王睿聪,|第四届全国智力运动会国际象棋比赛少年混合团体预赛",486109,chess-results-spielersuche,https://s3.chess-results.com/tnr486109.aspx?lan=1&art=9&snr=20,SpielerSuche FIDE 8632154 tnr486109 CJK name column
8632170,"杜昕乔,",,,"杜昕乔,|2019年全国国际象棋锦标赛（个人乙组）男子个人",453632,chess-results-spielersuche,https://s3.chess-results.com/tnr453632.aspx?lan=1&art=9&snr=101,SpielerSuche FIDE 8632170 tnr453632 CJK name column
8632189,"鲁宇辰,",,,"鲁宇辰,|2019年全国国际象棋锦标赛（个人乙组）男子个人",453632,chess-results-spielersuche,https://s3.chess-results.com/tnr453632.aspx?lan=1&art=9&snr=109,SpielerSuche FIDE 8632189 tnr453632 CJK name column
8632197,片俊尧,,,"片俊尧,|2026年中国国际象棋甲级联赛 百叶龙杯”常规赛第一站长兴专",1443995,chess-results-spielersuche,https://s3.chess-results.com/tnr1443995.aspx?lan=1&art=9&snr=93,SpielerSuche FIDE 8632197 tnr1443995 CJK name column
8632200,孔祥睿,,,"孔祥睿,|2026年中国国际象棋甲级联赛 百叶龙杯”常规赛第一站长兴专",1443995,chess-results-spielersuche,https://s3.chess-results.com/tnr1443995.aspx?lan=1&art=9&snr=6,SpielerSuche FIDE 8632200 tnr1443995 CJK name column
8632219,周凡博,,,"周凡博,|2024全国国际象棋青少年锦标赛（个人）暨第29届“李成智杯",892910,chess-results-spielersuche,https://s3.chess-results.com/tnr892910.aspx?lan=1&art=9&snr=80,SpielerSuche FIDE 8632219 tnr892910 CJK name column
8632227,"于添喜,",,,"于添喜,|2022年全国国际象棋锦标赛（个人乙组）男子组",724039,chess-results-spielersuche,https://s3.chess-results.com/tnr724039.aspx?lan=1&art=9&snr=52,SpielerSuche FIDE 8632227 tnr724039 CJK name column
8632235,"张潆心,",,,"张潆心,|2019年中国国际象棋乙级联赛",457254,chess-results-spielersuche,https://s3.chess-results.com/tnr457254.aspx?lan=1&art=9&snr=118,SpielerSuche FIDE 8632235 tnr457254 CJK name column
8632243,崔胜轩,,,"崔胜轩,|2019年中国国际象棋乙级联赛",457254,chess-results-spielersuche,https://s3.chess-results.com/tnr457254.aspx?lan=1&art=9&snr=10,SpielerSuche FIDE 8632243 tnr457254 CJK name column
8632251,"沈从越,",,,"沈从越,|2023年全国国际象棋青少年锦标赛(个人)暨第28届“李成智",798389,chess-results-spielersuche,https://s3.chess-results.com/tnr798389.aspx?lan=1&art=9&snr=18,SpielerSuche FIDE 8632251 tnr798389 CJK name column
8632260,"何林达,",,,"何林达,|2019年中国国际象棋乙级联赛",457254,chess-results-spielersuche,https://s3.chess-results.com/tnr457254.aspx?lan=1&art=9&snr=3,SpielerSuche FIDE 8632260 tnr457254 CJK name column
8632278,"张睿辰,",,,"张睿辰,|第四届全国智力运动会国际象棋比赛少年混合团体预赛",486109,chess-results-spielersuche,https://s3.chess-results.com/tnr486109.aspx?lan=1&art=9&snr=40,SpielerSuche FIDE 8632278 tnr486109 CJK name column
8632286,"袁梓奥,",,,"袁梓奥,|2019年中国国际象棋乙级联赛",457254,chess-results-spielersuche,https://s3.chess-results.com/tnr457254.aspx?lan=1&art=9&snr=137,SpielerSuche FIDE 8632286 tnr457254 CJK name column
8632294,"储士为,",,,"储士为,|2019年中国国际象棋乙级联赛",457254,chess-results-spielersuche,https://s3.chess-results.com/tnr457254.aspx?lan=1&art=9&snr=142,SpielerSuche FIDE 8632294 tnr457254 CJK name column
8632308,"孙泽轩,",,,"孙泽轩,|2019年中国国际象棋乙级联赛",457254,chess-results-spielersuche,https://s3.chess-results.com/tnr457254.aspx?lan=1&art=9&snr=141,SpielerSuche FIDE 8632308 tnr457254 CJK name column
8632316,"房睿滢,",,,"房睿滢,|2019年中国国际象棋乙级联赛",457254,chess-results-spielersuche,https://s3.chess-results.com/tnr457254.aspx?lan=1&art=9&snr=144,SpielerSuche FIDE 8632316 tnr457254 CJK name column
8632324,test赛,,"Qi, Zimo",test赛,672620,chess-results-spielersuche,https://s3.chess-results.com/tnr672620.aspx?lan=1&art=9&snr=8,SpielerSuche FIDE 8632324 tnr672620 CJK name column
8632332,"孙桢善,",,,"孙桢善,|2019年中国国际象棋乙级联赛",457254,chess-results-spielersuche,https://s3.chess-results.com/tnr457254.aspx?lan=1&art=9&snr=105,SpielerSuche FIDE 8632332 tnr457254 CJK name column
8632340,"丛乐平,",,,"丛乐平,|2019年中国国际象棋乙级联赛",457254,chess-results-spielersuche,https://s3.chess-results.com/tnr457254.aspx?lan=1&art=9&snr=107,SpielerSuche FIDE 8632340 tnr457254 CJK name column
8632359,"周珑怡,",,,"周珑怡,|2019年中国国际象棋乙级联赛",457254,chess-results-spielersuche,https://s3.chess-results.com/tnr457254.aspx?lan=1&art=9&snr=106,SpielerSuche FIDE 8632359 tnr457254 CJK name column
8632367,"薛鸣泽,",,,"薛鸣泽,|2019年中国国际象棋乙级联赛",457254,chess-results-spielersuche,https://s3.chess-results.com/tnr457254.aspx?lan=1&art=9&snr=167,SpielerSuche FIDE 8632367 tnr457254 CJK name column
8632375,"蔡卓颖,",,,"蔡卓颖,|2019年中国国际象棋乙级联赛",457254,chess-results-spielersuche,https://s3.chess-results.com/tnr457254.aspx?lan=1&art=9&snr=170,SpielerSuche FIDE 8632375 tnr457254 CJK name column
8632383,"汤宜凡,",,,"汤宜凡,|2019年中国国际象棋乙级联赛",457254,chess-results-spielersuche,https://s3.chess-results.com/tnr457254.aspx?lan=1&art=9&snr=31,SpielerSuche FIDE 8632383 tnr457254 CJK name column
8632391,"黎珍羽,",,,"黎珍羽,|第四届全国智力运动会国际象棋比赛少年混合团体预赛",486109,chess-results-spielersuche,https://s3.chess-results.com/tnr486109.aspx?lan=1&art=9&snr=30,SpielerSuche FIDE 8632391 tnr486109 CJK name column
8632405,张璟雯,,,"张璟雯,|2025年中国国际象棋乙级联赛",1229905,chess-results-spielersuche,https://s3.chess-results.com/tnr1229905.aspx?lan=1&art=9&snr=30,SpielerSuche FIDE 8632405 tnr1229905 CJK name column
8632413,"刘宸名,",,,"刘宸名,|2019年中国国际象棋乙级联赛",457254,chess-results-spielersuche,https://s3.chess-results.com/tnr457254.aspx?lan=1&art=9&snr=69,SpielerSuche FIDE 8632413 tnr457254 CJK name column
8632421,"王奥宸,",,,"王奥宸,|2019年中国国际象棋乙级联赛",457254,chess-results-spielersuche,https://s3.chess-results.com/tnr457254.aspx?lan=1&art=9&snr=70,SpielerSuche FIDE 8632421 tnr457254 CJK name column
8632430,"高钰涵,",,,"高钰涵,|2019年中国国际象棋乙级联赛",457254,chess-results-spielersuche,https://s3.chess-results.com/tnr457254.aspx?lan=1&art=9&snr=72,SpielerSuche FIDE 8632430 tnr457254 CJK name column
8632448,"张欣彤,",,,"张欣彤,|2019年中国国际象棋乙级联赛",457254,chess-results-spielersuche,https://s3.chess-results.com/tnr457254.aspx?lan=1&art=9&snr=71,SpielerSuche FIDE 8632448 tnr457254 CJK name column
8632456,吴亚宸,,,"吴亚宸,|2025年全国国际象棋青少年锦标赛（个人）暨第30届“李成智",1111361,chess-results-spielersuche,https://s3.chess-results.com/tnr1111361.aspx?lan=1&art=9&snr=23,SpielerSuche FIDE 8632456 tnr1111361 CJK name column
8632464,"孟照媛,",,,"孟照媛,",1451862,chess-results-spielersuche,https://s3.chess-results.com/tnr1451862.aspx?lan=1&art=9&snr=42,SpielerSuche FIDE 8632464 tnr1451862 CJK name column
8632472,"余杨,",,,"余杨,|2019年中国国际象棋乙级联赛",457254,chess-results-spielersuche,https://s3.chess-results.com/tnr457254.aspx?lan=1&art=9&snr=79,SpielerSuche FIDE 8632472 tnr457254 CJK name column
8632480,"张鹏源,",,,"张鹏源,|2019年中国国际象棋乙级联赛",457254,chess-results-spielersuche,https://s3.chess-results.com/tnr457254.aspx?lan=1&art=9&snr=81,SpielerSuche FIDE 8632480 tnr457254 CJK name column
8632499,"陈佳璐,",,,"陈佳璐,|2019年中国国际象棋乙级联赛",457254,chess-results-spielersuche,https://s3.chess-results.com/tnr457254.aspx?lan=1&art=9&snr=82,SpielerSuche FIDE 8632499 tnr457254 CJK name column
8632502,"黎蓓融,",,,"黎蓓融,|2019年中国国际象棋乙级联赛",457254,chess-results-spielersuche,https://s3.chess-results.com/tnr457254.aspx?lan=1&art=9&snr=83,SpielerSuche FIDE 8632502 tnr457254 CJK name column
8632510,"王宇驰,",,,"王宇驰,|第四届全国智力运动会国际象棋比赛大学生团体预赛",486108,chess-results-spielersuche,https://s3.chess-results.com/tnr486108.aspx?lan=1&art=9&snr=19,SpielerSuche FIDE 8632510 tnr486108 CJK name column
8632529,"李尚洁,",,,"李尚洁,|2019年中国国际象棋乙级联赛",457254,chess-results-spielersuche,https://s3.chess-results.com/tnr457254.aspx?lan=1&art=9&snr=124,SpielerSuche FIDE 8632529 tnr457254 CJK name column
8632537,"李昂,",,,"李昂,|2019年中国国际象棋乙级联赛",457254,chess-results-spielersuche,https://s3.chess-results.com/tnr457254.aspx?lan=1&art=9&snr=38,SpielerSuche FIDE 8632537 tnr457254 CJK name column
8632545,"吴卓伦,",,,"吴卓伦,|第四届全国智力运动会国际象棋比赛少年男子团体快棋预赛",486111,chess-results-spielersuche,https://s3.chess-results.com/tnr486111.aspx?lan=1&art=9&snr=20,SpielerSuche FIDE 8632545 tnr486111 CJK name column
8632553,"虞君彦,",,,"虞君彦,|2019年中国国际象棋乙级联赛",457254,chess-results-spielersuche,https://s3.chess-results.com/tnr457254.aspx?lan=1&art=9&snr=163,SpielerSuche FIDE 8632553 tnr457254 CJK name column
8632561,章栩嘉,,,"章栩嘉,|2025年全国国际象棋青少年锦标赛（个人）暨第30届“李成智",1111363,chess-results-spielersuche,https://s3.chess-results.com/tnr1111363.aspx?lan=1&art=9&snr=66,SpielerSuche FIDE 8632561 tnr1111363 CJK name column
8632596,"窦祉,",,,"窦祉,|2023年全国国际象棋青少年锦标赛(个人)暨第28届“李成智",798388,chess-results-spielersuche,https://s3.chess-results.com/tnr798388.aspx?lan=1&art=9&snr=37,SpielerSuche FIDE 8632596 tnr798388 CJK name column
8632669,"郭鑫钰,",,,"郭鑫钰,|2024年全国国际象棋锦标赛（个人乙组）男子组",927196,chess-results-spielersuche,https://s3.chess-results.com/tnr927196.aspx?lan=1&art=9&snr=50,SpielerSuche FIDE 8632669 tnr927196 CJK name column
8632707,李湛嘉,,,"李湛嘉,|2025年全国国际象棋成人业余棋王挑战赛总决赛",1303568,chess-results-spielersuche,https://s3.chess-results.com/tnr1303568.aspx?lan=1&art=9&snr=2,SpielerSuche FIDE 8632707 tnr1303568 CJK name column
8632774,"朱大卫,",,,"朱大卫,|2026年深圳市国际象棋棋协大师公开赛",1333506,chess-results-spielersuche,https://s3.chess-results.com/tnr1333506.aspx?lan=1&art=9&snr=60,SpielerSuche FIDE 8632774 tnr1333506 CJK name column
8632880,"覃家昕,",,,"覃家昕,|第四届全国智力运动会国际象棋比赛少年男子个人预赛",486105,chess-results-spielersuche,https://s3.chess-results.com/tnr486105.aspx?lan=1&art=9&snr=53,SpielerSuche FIDE 8632880 tnr486105 CJK name column
8632910,吴汰航,,,"吴汰航,|2025重庆“大融城杯”国际象棋公开赛公开组",1210592,chess-results-spielersuche,https://s3.chess-results.com/tnr1210592.aspx?lan=1&art=9&snr=11,SpielerSuche FIDE 8632910 tnr1210592 CJK name column
8632952,阳松年,,,"阳松年,|2024年中国国际象棋乙级联赛",984568,chess-results-spielersuche,https://s3.chess-results.com/tnr984568.aspx?lan=1&art=9&snr=146,SpielerSuche FIDE 8632952 tnr984568 CJK name column
8633029,张东奥,,,"张东奥,|2025年全国国际象棋青少年锦标赛（个人）暨第30届“李成智",1111361,chess-results-spielersuche,https://s3.chess-results.com/tnr1111361.aspx?lan=1&art=9&snr=31,SpielerSuche FIDE 8633029 tnr1111361 CJK name column
8633118,皮瑷瑛,,,"皮瑷瑛,|第十五届全国运动会群众比赛国际象棋项目决赛混合团体公开组循环",1245065,chess-results-spielersuche,https://s3.chess-results.com/tnr1245065.aspx?lan=1&art=9&snr=40,SpielerSuche FIDE 8633118 tnr1245065 CJK name column
8633185,骆冠霖,,,"骆冠霖,|2025年全国国际象棋青少年锦标赛（个人）暨第30届“李成智",1111363,chess-results-spielersuche,https://s3.chess-results.com/tnr1111363.aspx?lan=1&art=9&snr=58,SpielerSuche FIDE 8633185 tnr1111363 CJK name column
8633207,2025年国家国际象棋二队（深圳龙岗）选拔赛男子组,,"Yao, Xiang",2025年国家国际象棋二队（深圳龙岗）选拔赛男子组,1150011,chess-results-spielersuche,https://s3.chess-results.com/tnr1150011.aspx?lan=1&art=9&snr=9,SpielerSuche FIDE 8633207 tnr1150011 CJK name column
8633290,王琛涵,,,"王琛涵,|2024全国国际象棋青少年锦标赛（个人）暨第29届“李成智杯",892911,chess-results-spielersuche,https://s3.chess-results.com/tnr892911.aspx?lan=1&art=9&snr=142,SpielerSuche FIDE 8633290 tnr892911 CJK name column
8633304,王琛淇,,,"王琛淇,|2024全国国际象棋青少年锦标赛（个人）暨第29届“李成智杯",892911,chess-results-spielersuche,https://s3.chess-results.com/tnr892911.aspx?lan=1&art=9&snr=41,SpielerSuche FIDE 8633304 tnr892911 CJK name column
8633398,陈仲楷,,,"陈仲楷,|2025年全国国际象棋青少年锦标赛（个人）暨第30届“李成智",1111361,chess-results-spielersuche,https://s3.chess-results.com/tnr1111361.aspx?lan=1&art=9&snr=14,SpielerSuche FIDE 8633398 tnr1111361 CJK name column
8633401,"彭云,",,,"彭云,|2025年全国国际象棋成人业余棋王挑战赛总决赛",1303568,chess-results-spielersuche,https://s3.chess-results.com/tnr1303568.aspx?lan=1&art=9&snr=21,SpielerSuche FIDE 8633401 tnr1303568 CJK name column
8633444,丛鼎洲,,,"丛鼎洲,|2025年国家国际象棋二队（杭州）选拔赛男子组",1153141,chess-results-spielersuche,https://s3.chess-results.com/tnr1153141.aspx?lan=1&art=9&snr=4,SpielerSuche FIDE 8633444 tnr1153141 CJK name column
8633487,"薛蓝偲逸,",,,"薛蓝偲逸,|2023年全国国际象棋青少年锦标赛(个人)暨第28届“李成智",798389,chess-results-spielersuche,https://s3.chess-results.com/tnr798389.aspx?lan=1&art=9&snr=64,SpielerSuche FIDE 8633487 tnr798389 CJK name column
8633622,"程天任,",,,"程天任,|“机器人谷杯”二届中国城市国际象棋联赛复选赛",591874,chess-results-spielersuche,https://s3.chess-results.com/tnr591874.aspx?lan=1&art=9&snr=4,SpielerSuche FIDE 8633622 tnr591874 CJK name column
8634165,"王嘉轩,",,,"王嘉轩,|2023年全国国际象棋青少年锦标赛(个人)暨第28届“李成智",798388,chess-results-spielersuche,https://s3.chess-results.com/tnr798388.aspx?lan=1&art=9&snr=13,SpielerSuche FIDE 8634165 tnr798388 CJK name column
8634254,刘景诚,,,"刘景诚,|2024全国国际象棋青少年锦标赛（个人）暨第29届“李成智杯",892910,chess-results-spielersuche,https://s3.chess-results.com/tnr892910.aspx?lan=1&art=9&snr=34,SpielerSuche FIDE 8634254 tnr892910 CJK name column
8634262,彭宗祺,,,"彭宗祺,|2025年全国国际象棋青少年锦标赛（个人）暨第30届“李成智",1111362,chess-results-spielersuche,https://s3.chess-results.com/tnr1111362.aspx?lan=1&art=9&snr=53,SpielerSuche FIDE 8634262 tnr1111362 CJK name column
8634289,"李逸轩,",,,"李逸轩,|2023年全国国际象棋青少年锦标赛(个人)暨第28届“李成智",798388,chess-results-spielersuche,https://s3.chess-results.com/tnr798388.aspx?lan=1&art=9&snr=22,SpielerSuche FIDE 8634289 tnr798388 CJK name column
8634386,"周熙涵,",,,"周熙涵,|2024年全国国际象棋锦标赛（个人乙组）男子组",927196,chess-results-spielersuche,https://s3.chess-results.com/tnr927196.aspx?lan=1&art=9&snr=184,SpielerSuche FIDE 8634386 tnr927196 CJK name column
8634416,"梁业旺,",,,"梁业旺,|2023年全国国际象棋青少年锦标赛(个人)暨第28届“李成智",798389,chess-results-spielersuche,https://s3.chess-results.com/tnr798389.aspx?lan=1&art=9&snr=20,SpielerSuche FIDE 8634416 tnr798389 CJK name column
8634521,黄则语,,,"黄则语,|2023年全国国际象棋青少年锦标赛(个人)暨第28届“李成智",798385,chess-results-spielersuche,https://s3.chess-results.com/tnr798385.aspx?lan=1&art=9&snr=19,SpielerSuche FIDE 8634521 tnr798385 CJK name column
8634700,"陈盈睿,",,,"陈盈睿,|2023年全国国际象棋青少年锦标赛(个人)暨第28届“李成智",798383,chess-results-spielersuche,https://s3.chess-results.com/tnr798383.aspx?lan=1&art=9&snr=32,SpielerSuche FIDE 8634700 tnr798383 CJK name column
8634777,焦奕涵,,"Jiao, Yihan",2025年国家国际象棋二队（深圳龙岗）选拔赛女子组,1150012,chess-results-spielersuche,https://s3.chess-results.com/tnr1150012.aspx?lan=1&art=9&snr=4,SpielerSuche FIDE 8634777 tnr1150012 CJK name column
8634815,"陈思羽,",,,"陈思羽,|2023年全国国际象棋青少年锦标赛(个人)暨第28届“李成智",798389,chess-results-spielersuche,https://s3.chess-results.com/tnr798389.aspx?lan=1&art=9&snr=38,SpielerSuche FIDE 8634815 tnr798389 CJK name column
8634823,"何平,",,,"何平,|2025年全国国际象棋成人业余棋王挑战赛总决赛",1303568,chess-results-spielersuche,https://s3.chess-results.com/tnr1303568.aspx?lan=1&art=9&snr=15,SpielerSuche FIDE 8634823 tnr1303568 CJK name column
8634840,"周剑武,",,,"周剑武,|第十五届全国运动会群众比赛国际象棋项目预赛男子个人业余组",1184155,chess-results-spielersuche,https://s3.chess-results.com/tnr1184155.aspx?lan=1&art=9&snr=7,SpielerSuche FIDE 8634840 tnr1184155 CJK name column
8634890,何浩钧,,,"何浩钧,|2024全国国际象棋青少年锦标赛（个人）暨第29届“李成智杯",892910,chess-results-spielersuche,https://s3.chess-results.com/tnr892910.aspx?lan=1&art=9&snr=54,SpielerSuche FIDE 8634890 tnr892910 CJK name column
8634947,黄子瑜,,,"黄子瑜,|2025年全国国际象棋青少年锦标赛（个人）暨第30届“李成智",1111356,chess-results-spielersuche,https://s3.chess-results.com/tnr1111356.aspx?lan=1&art=9&snr=3,SpielerSuche FIDE 8634947 tnr1111356 CJK name column
8634971,刘浩凌,,,"刘浩凌,|2025年全国国际象棋公开赛（苏州站）",1250403,chess-results-spielersuche,https://s3.chess-results.com/tnr1250403.aspx?lan=1&art=9&snr=15,SpielerSuche FIDE 8634971 tnr1250403 CJK name column
8635005,"蔡世邦,",,,"蔡世邦,|2023年全国国际象棋青少年锦标赛(个人)暨第28届“李成智",798389,chess-results-spielersuche,https://s3.chess-results.com/tnr798389.aspx?lan=1&art=9&snr=36,SpielerSuche FIDE 8635005 tnr798389 CJK name column
8635056,"张博涵,",,,"张博涵,|2024年全国国际象棋锦标赛(团体)女子组",917612,chess-results-spielersuche,https://s3.chess-results.com/tnr917612.aspx?lan=1&art=9&snr=51,SpielerSuche FIDE 8635056 tnr917612 CJK name column
8635145,"恩和那庆,",,,"恩和那庆,|2024年内蒙古国际象棋公开赛公开组",931673,chess-results-spielersuche,https://s3.chess-results.com/tnr931673.aspx?lan=1&art=9&snr=13,SpielerSuche FIDE 8635145 tnr931673 CJK name column
8635277,"刘弈聪,",,,"刘弈聪,|2025年全国国际象棋公开赛（聊城站）",1200704,chess-results-spielersuche,https://s3.chess-results.com/tnr1200704.aspx?lan=1&art=9&snr=13,SpielerSuche FIDE 8635277 tnr1200704 CJK name column
8635340,卢镒凡,,,"卢镒凡,|第十五届全国运动会群众比赛国际象棋项目预赛男子个人公开组",1184154,chess-results-spielersuche,https://s3.chess-results.com/tnr1184154.aspx?lan=1&art=9&snr=24,SpielerSuche FIDE 8635340 tnr1184154 CJK name column
8635366,"周奕宸,",,,"周奕宸,|2023年全国国际象棋锦标赛(团体)男子组",765929,chess-results-spielersuche,https://s3.chess-results.com/tnr765929.aspx?lan=1&art=9&snr=27,SpielerSuche FIDE 8635366 tnr765929 CJK name column
8635390,焦兆瑞,,,"焦兆瑞,|2025年全国国际象棋锦标赛（个人）男子组",1200589,chess-results-spielersuche,https://s3.chess-results.com/tnr1200589.aspx?lan=1&art=9&snr=44,SpielerSuche FIDE 8635390 tnr1200589 CJK name column
8635404,"刘一鸣,",,,"刘一鸣,|2023年全国国际象棋锦标赛(团体)男子组",765929,chess-results-spielersuche,https://s3.chess-results.com/tnr765929.aspx?lan=1&art=9&snr=20,SpielerSuche FIDE 8635404 tnr765929 CJK name column
8635587,谢其邕,,,"谢其邕,|2024全国国际象棋青少年锦标赛（个人）暨第29届“李成智杯",892911,chess-results-spielersuche,https://s3.chess-results.com/tnr892911.aspx?lan=1&art=9&snr=51,SpielerSuche FIDE 8635587 tnr892911 CJK name column
8635617,齐振涵,,,"齐振涵,|2024全国国际象棋青少年锦标赛（个人）暨第29届“李成智杯",892911,chess-results-spielersuche,https://s3.chess-results.com/tnr892911.aspx?lan=1&art=9&snr=74,SpielerSuche FIDE 8635617 tnr892911 CJK name column
8635668,燕子墨,,,"燕子墨,|2025年全国国际象棋公开赛（苏州站）",1250403,chess-results-spielersuche,https://s3.chess-results.com/tnr1250403.aspx?lan=1&art=9&snr=28,SpielerSuche FIDE 8635668 tnr1250403 CJK name column
8635676,"杨晨轩,",,,"杨晨轩,|2023年全国国际象棋锦标赛(个人乙组)男子组",757168,chess-results-spielersuche,https://s3.chess-results.com/tnr757168.aspx?lan=1&art=9&snr=86,SpielerSuche FIDE 8635676 tnr757168 CJK name column
8635684,于书骁,,,"于书骁,|2024全国国际象棋青少年锦标赛（个人）暨第29届“李成智杯",892911,chess-results-spielersuche,https://s3.chess-results.com/tnr892911.aspx?lan=1&art=9&snr=11,SpielerSuche FIDE 8635684 tnr892911 CJK name column
8635692,张昊泽,,,"张昊泽,|2025年全国国际象棋青少年锦标赛（个人）暨第30届“李成智",1111363,chess-results-spielersuche,https://s3.chess-results.com/tnr1111363.aspx?lan=1&art=9&snr=26,SpielerSuche FIDE 8635692 tnr1111363 CJK name column
8635706,张语晨,,,"张语晨,|2025年全国国际象棋青少年锦标赛（个人）暨第30届“李成智",1111362,chess-results-spielersuche,https://s3.chess-results.com/tnr1111362.aspx?lan=1&art=9&snr=23,SpielerSuche FIDE 8635706 tnr1111362 CJK name column
8635714,刘宜均,,,"刘宜均,|2024年中国国际象棋乙级联赛",984568,chess-results-spielersuche,https://s3.chess-results.com/tnr984568.aspx?lan=1&art=9&snr=69,SpielerSuche FIDE 8635714 tnr984568 CJK name column
8635749,吕璐娴,,,"吕璐娴,|2024年全国国际象棋青少年锦标赛（个人）暨第29 届""李成",892941,chess-results-spielersuche,https://s3.chess-results.com/tnr892941.aspx?lan=1&art=9&snr=21,SpielerSuche FIDE 8635749 tnr892941 CJK name column
8635765,闫钰阳,,,"闫钰阳,|2025年中国国际象棋乙级联赛",1229905,chess-results-spielersuche,https://s3.chess-results.com/tnr1229905.aspx?lan=1&art=9&snr=108,SpielerSuche FIDE 8635765 tnr1229905 CJK name column
8635790,陈锦言,,,"陈锦言,|2025年全国国际象棋公开赛（聊城站）",1200704,chess-results-spielersuche,https://s3.chess-results.com/tnr1200704.aspx?lan=1&art=9&snr=32,SpielerSuche FIDE 8635790 tnr1200704 CJK name column
8635803,"黄虹璇,",,,"黄虹璇,|2025年全国国际象棋棋协大师赛（绍兴站）棋协大师组",1214030,chess-results-spielersuche,https://s3.chess-results.com/tnr1214030.aspx?lan=1&art=9&snr=30,SpielerSuche FIDE 8635803 tnr1214030 CJK name column
8635820,彭雅琪,,,"彭雅琪,|2025年全国国际象棋青少年锦标赛（个人）暨第30届“李成智",1111356,chess-results-spielersuche,https://s3.chess-results.com/tnr1111356.aspx?lan=1&art=9&snr=15,SpielerSuche FIDE 8635820 tnr1111356 CJK name column
8635846,王妍涵,,,"王妍涵,|2024年全国国际象棋青少年锦标赛（个人）暨第29 届""李成",892944,chess-results-spielersuche,https://s3.chess-results.com/tnr892944.aspx?lan=1&art=9&snr=7,SpielerSuche FIDE 8635846 tnr892944 CJK name column
8635854,"赵星涵,",,,"赵星涵,|2023年全国国际象棋青少年锦标赛(个人)暨第28届“李成智",798384,chess-results-spielersuche,https://s3.chess-results.com/tnr798384.aspx?lan=1&art=9&snr=8,SpielerSuche FIDE 8635854 tnr798384 CJK name column
8635862,支景仪,,,"支景仪,|2025年全国国际象棋公开赛（苏州站）",1250403,chess-results-spielersuche,https://s3.chess-results.com/tnr1250403.aspx?lan=1&art=9&snr=36,SpielerSuche FIDE 8635862 tnr1250403 CJK name column
8635889,高木子嫣,,,"高木子嫣,|2026年中国国际象棋甲级联赛 百叶龙杯”常规赛第一站长兴专",1443995,chess-results-spielersuche,https://s3.chess-results.com/tnr1443995.aspx?lan=1&art=9&snr=68,SpielerSuche FIDE 8635889 tnr1443995 CJK name column
8635897,"苑芷琳,",,,"苑芷琳,|2023年全国国际象棋青少年锦标赛(个人)暨第28届“李成智",798383,chess-results-spielersuche,https://s3.chess-results.com/tnr798383.aspx?lan=1&art=9&snr=4,SpielerSuche FIDE 8635897 tnr798383 CJK name column
8635919,"郭桐霏,",,,"郭桐霏,|2023 年全国国际象棋锦标赛（个人乙组）女子组",757169,chess-results-spielersuche,https://s3.chess-results.com/tnr757169.aspx?lan=1&art=9&snr=54,SpielerSuche FIDE 8635919 tnr757169 CJK name column
8635927,李雨翾,,,"李雨翾,|2024年全国国际象棋青少年锦标赛（个人）暨第29 届""李成",892945,chess-results-spielersuche,https://s3.chess-results.com/tnr892945.aspx?lan=1&art=9&snr=24,SpielerSuche FIDE 8635927 tnr892945 CJK name column
8635943,韩宜彤,,,"韩宜彤,|2025年全国国际象棋公开赛（聊城站）",1200704,chess-results-spielersuche,https://s3.chess-results.com/tnr1200704.aspx?lan=1&art=9&snr=109,SpielerSuche FIDE 8635943 tnr1200704 CJK name column
8635960,李沛珊,,,"李沛珊,|2025年全国国际象棋青少年锦标赛（个人）暨第30届“李成智",1111355,chess-results-spielersuche,https://s3.chess-results.com/tnr1111355.aspx?lan=1&art=9&snr=4,SpielerSuche FIDE 8635960 tnr1111355 CJK name column
8635994,罗钰仟,,,"罗钰仟,|2024年全国国际象棋青少年锦标赛（个人）暨第29 届""李成",892944,chess-results-spielersuche,https://s3.chess-results.com/tnr892944.aspx?lan=1&art=9&snr=36,SpielerSuche FIDE 8635994 tnr892944 CJK name column
8636001,穆王雪瑶,,,"穆王雪瑶,|2025年全国国际象棋公开赛（苏州站）",1250403,chess-results-spielersuche,https://s3.chess-results.com/tnr1250403.aspx?lan=1&art=9&snr=17,SpielerSuche FIDE 8636001 tnr1250403 CJK name column
8636028,史亦歌,,,"史亦歌,|2026年中国国际象棋甲级联赛 百叶龙杯”常规赛第一站长兴专",1443995,chess-results-spielersuche,https://s3.chess-results.com/tnr1443995.aspx?lan=1&art=9&snr=77,SpielerSuche FIDE 8636028 tnr1443995 CJK name column
8636036,唐轩婷,,,"唐轩婷,|2024年全国国际象棋青少年锦标赛（个人）暨第29 届""李成",892944,chess-results-spielersuche,https://s3.chess-results.com/tnr892944.aspx?lan=1&art=9&snr=37,SpielerSuche FIDE 8636036 tnr892944 CJK name column
8636052,王登,,,"王登,|2024年全国国际象棋青少年锦标赛（个人）暨第29 届""李成",892945,chess-results-spielersuche,https://s3.chess-results.com/tnr892945.aspx?lan=1&art=9&snr=62,SpielerSuche FIDE 8636052 tnr892945 CJK name column
8636060,王秦萱逸,,,"王秦萱逸,|2026年中国国际象棋甲级联赛 百叶龙杯”常规赛第一站长兴专",1443995,chess-results-spielersuche,https://s3.chess-results.com/tnr1443995.aspx?lan=1&art=9&snr=98,SpielerSuche FIDE 8636060 tnr1443995 CJK name column
8636079,吴若依,,,"吴若依,|2024年全国国际象棋锦标赛（个人乙组）女子组",927195,chess-results-spielersuche,https://s3.chess-results.com/tnr927195.aspx?lan=1&art=9&snr=52,SpielerSuche FIDE 8636079 tnr927195 CJK name column
8636087,夏凡尘,,,"夏凡尘,|2024年全国国际象棋青少年锦标赛（个人）暨第29 届""李成",892944,chess-results-spielersuche,https://s3.chess-results.com/tnr892944.aspx?lan=1&art=9&snr=35,SpielerSuche FIDE 8636087 tnr892944 CJK name column
8636109,朱妍笑,,,"朱妍笑,|2024年全国国际象棋青少年锦标赛（个人）暨第29 届""李成",892944,chess-results-spielersuche,https://s3.chess-results.com/tnr892944.aspx?lan=1&art=9&snr=31,SpielerSuche FIDE 8636109 tnr892944 CJK name column
8636117,尤金泽,,,"尤金泽,|2024年全国国际象棋锦标赛(团体)女子组",917612,chess-results-spielersuche,https://s3.chess-results.com/tnr917612.aspx?lan=1&art=9&snr=6,SpielerSuche FIDE 8636117 tnr917612 CJK name column
8636230,"陆迪,",,,"陆迪,|2025年全国国际象棋成人业余棋王挑战赛总决赛",1303568,chess-results-spielersuche,https://s3.chess-results.com/tnr1303568.aspx?lan=1&art=9&snr=69,SpielerSuche FIDE 8636230 tnr1303568 CJK name column
8636290,"李万靖,",,,"李万靖,|2024年全国国际象棋锦标赛（个人乙组）男子组",927196,chess-results-spielersuche,https://s3.chess-results.com/tnr927196.aspx?lan=1&art=9&snr=150,SpielerSuche FIDE 8636290 tnr927196 CJK name column
8636338,"李万伟,",,,"李万伟,|2024年全国国际象棋锦标赛（个人乙组）男子组",927196,chess-results-spielersuche,https://s3.chess-results.com/tnr927196.aspx?lan=1&art=9&snr=151,SpielerSuche FIDE 8636338 tnr927196 CJK name column
8636664,许濡祎,,,"许濡祎,|2025年全国国际象棋青少年锦标赛（个人）暨第30届“李成智",1111361,chess-results-spielersuche,https://s3.chess-results.com/tnr1111361.aspx?lan=1&art=9&snr=35,SpielerSuche FIDE 8636664 tnr1111361 CJK name column
8636761,"宣子杉,",,,"宣子杉,|2024年“翰生杯”中国国际象棋青少年快棋锦标赛女子14岁组",1085038,chess-results-spielersuche,https://s3.chess-results.com/tnr1085038.aspx?lan=1&art=9&snr=9,SpielerSuche FIDE 8636761 tnr1085038 CJK name column
8636893,test赛,,"Qin, Yixuan",test赛,672620,chess-results-spielersuche,https://s3.chess-results.com/tnr672620.aspx?lan=1&art=9&snr=12,SpielerSuche FIDE 8636893 tnr672620 CJK name column
8637229,"杨林,",,,"杨林,|2023年中国国际象棋乙级联赛",754014,chess-results-spielersuche,https://s3.chess-results.com/tnr754014.aspx?lan=1&art=9&snr=50,SpielerSuche FIDE 8637229 tnr754014 CJK name column
8637440,田依晴,,,"田依晴,|2024年中国国际象棋乙级联赛",984568,chess-results-spielersuche,https://s3.chess-results.com/tnr984568.aspx?lan=1&art=9&snr=98,SpielerSuche FIDE 8637440 tnr984568 CJK name column
8637458,李彦泽,,,"李彦泽,|2024全国国际象棋青少年锦标赛（个人）暨第29届“李成智杯",892911,chess-results-spielersuche,https://s3.chess-results.com/tnr892911.aspx?lan=1&art=9&snr=63,SpielerSuche FIDE 8637458 tnr892911 CJK name column
8637490,"张逸弛,",,,"张逸弛,|2023年全国国际象棋青少年锦标赛(个人)暨第28届“李成智",798388,chess-results-spielersuche,https://s3.chess-results.com/tnr798388.aspx?lan=1&art=9&snr=12,SpielerSuche FIDE 8637490 tnr798388 CJK name column
8637652,徐屹宸,,,"徐屹宸,|2025年全国国际象棋青少年锦标赛（个人）暨第30届“李成智",1111363,chess-results-spielersuche,https://s3.chess-results.com/tnr1111363.aspx?lan=1&art=9&snr=68,SpielerSuche FIDE 8637652 tnr1111363 CJK name column
8637725,王镜谚,,,"王镜谚,|2024年全国国际象棋锦标赛（个人乙组）女子组",927195,chess-results-spielersuche,https://s3.chess-results.com/tnr927195.aspx?lan=1&art=9&snr=45,SpielerSuche FIDE 8637725 tnr927195 CJK name column
8637750,谢储骏,,,"谢储骏,|2025年全国国际象棋公开赛（苏州站）",1250403,chess-results-spielersuche,https://s3.chess-results.com/tnr1250403.aspx?lan=1&art=9&snr=10,SpielerSuche FIDE 8637750 tnr1250403 CJK name column
8637920,"李喆,",,,"李喆,|第十五届全国运动会群众比赛国际象棋项目预赛男子个人业余组",1184155,chess-results-spielersuche,https://s3.chess-results.com/tnr1184155.aspx?lan=1&art=9&snr=20,SpielerSuche FIDE 8637920 tnr1184155 CJK name column
8637970,"殷铭野,",,,"殷铭野,|2024年中国国际象棋乙级联赛",984568,chess-results-spielersuche,https://s3.chess-results.com/tnr984568.aspx?lan=1&art=9&snr=200,SpielerSuche FIDE 8637970 tnr984568 CJK name column
8638071,张海鑫,,,"张海鑫,|2025年全国国际象棋青少年锦标赛（个人）暨第30届“李成智",1111362,chess-results-spielersuche,https://s3.chess-results.com/tnr1111362.aspx?lan=1&art=9&snr=39,SpielerSuche FIDE 8638071 tnr1111362 CJK name column
8638110,"陈一抒,",,,"陈一抒,|第十五届全国运动会群众比赛国际象棋项目决赛混合团体业余组循环",1245066,chess-results-spielersuche,https://s3.chess-results.com/tnr1245066.aspx?lan=1&art=9&snr=16,SpielerSuche FIDE 8638110 tnr1245066 CJK name column
8638250,陆魏泱,,"Lu, Weiyang",2026年全国国际象棋青少年锦标赛（个人）暨第31届“李成智,1335529,chess-results-spielersuche,https://s3.chess-results.com/tnr1335529.aspx?lan=1&art=9&snr=19,SpielerSuche FIDE 8638250 tnr1335529 CJK name column
8638276,test赛,,"Guo, Ruoyu",test赛,672620,chess-results-spielersuche,https://s3.chess-results.com/tnr672620.aspx?lan=1&art=9&snr=3,SpielerSuche FIDE 8638276 tnr672620 CJK name column
8638284,test赛,,"Wang, Yixin",test赛,672620,chess-results-spielersuche,https://s3.chess-results.com/tnr672620.aspx?lan=1&art=9&snr=14,SpielerSuche FIDE 8638284 tnr672620 CJK name column
8638578,张天宜,,,"张天宜,|2025年全国国际象棋青少年锦标赛(个人)暨第30届'李成智",1110333,chess-results-spielersuche,https://s3.chess-results.com/tnr1110333.aspx?lan=1&art=9&snr=164,SpielerSuche FIDE 8638578 tnr1110333 CJK name column
8638624,王梓睿,,,"王梓睿,|2025年全国国际象棋青少年锦标赛(个人)暨第30届'李成智",1110333,chess-results-spielersuche,https://s3.chess-results.com/tnr1110333.aspx?lan=1&art=9&snr=18,SpielerSuche FIDE 8638624 tnr1110333 CJK name column
8638632,彭诗扬,,,"彭诗扬,|2025年全国国际象棋锦标赛（团体）女子组",1163657,chess-results-spielersuche,https://s3.chess-results.com/tnr1163657.aspx?lan=1&art=9&snr=42,SpielerSuche FIDE 8638632 tnr1163657 CJK name column
8638772,曹佑嘉,,,"曹佑嘉,|2025年全国国际象棋青少年锦标赛（个人）暨第30届“李成智",1111357,chess-results-spielersuche,https://s3.chess-results.com/tnr1111357.aspx?lan=1&art=9&snr=14,SpielerSuche FIDE 8638772 tnr1111357 CJK name column
8638799,"梁辰卓,",,,"梁辰卓,|2024年全国国际象棋锦标赛（个人乙组）女子组",927195,chess-results-spielersuche,https://s3.chess-results.com/tnr927195.aspx?lan=1&art=9&snr=58,SpielerSuche FIDE 8638799 tnr927195 CJK name column
8638802,宗曦霖,,,"宗曦霖,|2025年全国国际象棋青少年锦标赛（个人）暨第30届“李成智",1111363,chess-results-spielersuche,https://s3.chess-results.com/tnr1111363.aspx?lan=1&art=9&snr=225,SpielerSuche FIDE 8638802 tnr1111363 CJK name column
8638810,郭函熙,,,"郭函熙,|2025年中国国际象棋甲级联赛常规赛（第二站）北京专场",1263712,chess-results-spielersuche,https://s3.chess-results.com/tnr1263712.aspx?lan=1&art=9&snr=101,SpielerSuche FIDE 8638810 tnr1263712 CJK name column
8638845,test赛,,"Fang, Tianyang",test赛,672620,chess-results-spielersuche,https://s3.chess-results.com/tnr672620.aspx?lan=1&art=9&snr=2,SpielerSuche FIDE 8638845 tnr672620 CJK name column
8638888,"李令萱,",,,"李令萱,|第十五届全国运动会群众比赛国际象棋项目决赛混合团体业余组循环",1245066,chess-results-spielersuche,https://s3.chess-results.com/tnr1245066.aspx?lan=1&art=9&snr=14,SpielerSuche FIDE 8638888 tnr1245066 CJK name column
8638926,"李思辰,",,,"李思辰,|2023年全国国际象棋青少年锦标赛(个人)暨第28届“李成智",798387,chess-results-spielersuche,https://s3.chess-results.com/tnr798387.aspx?lan=1&art=9&snr=17,SpielerSuche FIDE 8638926 tnr798387 CJK name column
8638934,"邬昊峻,",,,"邬昊峻,|2024年全国国际象棋锦标赛(团体)男子组",917611,chess-results-spielersuche,https://s3.chess-results.com/tnr917611.aspx?lan=1&art=9&snr=76,SpielerSuche FIDE 8638934 tnr917611 CJK name column
8638942,"郭润鹏,",,,"郭润鹏,|2024年全国国际象棋锦标赛（个人乙组）男子组",927196,chess-results-spielersuche,https://s3.chess-results.com/tnr927196.aspx?lan=1&art=9&snr=100,SpielerSuche FIDE 8638942 tnr927196 CJK name column
8638950,"林琳,",,,"林琳,|第十五届全国运动会群众比赛国际象棋项目预赛混合团体业余组",1184153,chess-results-spielersuche,https://s3.chess-results.com/tnr1184153.aspx?lan=1&art=9&snr=2,SpielerSuche FIDE 8638950 tnr1184153 CJK name column
8638977,test赛,,"Jia, Yunxi",test赛,672620,chess-results-spielersuche,https://s3.chess-results.com/tnr672620.aspx?lan=1&art=9&snr=10,SpielerSuche FIDE 8638977 tnr672620 CJK name column
8639310,李近阳,,,"李近阳,|2024年全国国际象棋青少年锦标赛（个人）暨第29 届""李成",892944,chess-results-spielersuche,https://s3.chess-results.com/tnr892944.aspx?lan=1&art=9&snr=12,SpielerSuche FIDE 8639310 tnr892944 CJK name column
8639345,薛崴梓恩,,,"薛崴梓恩,|2025年中国国际象棋乙级联赛",1229905,chess-results-spielersuche,https://s3.chess-results.com/tnr1229905.aspx?lan=1&art=9&snr=81,SpielerSuche FIDE 8639345 tnr1229905 CJK name column
8639353,张馨月,,,"张馨月,|2025年全国国际象棋青少年锦标赛（个人）暨第30届“李成智",1111357,chess-results-spielersuche,https://s3.chess-results.com/tnr1111357.aspx?lan=1&art=9&snr=21,SpielerSuche FIDE 8639353 tnr1111357 CJK name column
8639370,冯弋庭,,,"冯弋庭,|2025年全国国际象棋青少年锦标赛（个人）暨第30届“李成智",1111356,chess-results-spielersuche,https://s3.chess-results.com/tnr1111356.aspx?lan=1&art=9&snr=5,SpielerSuche FIDE 8639370 tnr1111356 CJK name column
8639582,夏妙颜,,,"夏妙颜,|2025年全国国际象棋公开赛（苏州站）",1250403,chess-results-spielersuche,https://s3.chess-results.com/tnr1250403.aspx?lan=1&art=9&snr=49,SpielerSuche FIDE 8639582 tnr1250403 CJK name column
8639663,"曹子凡,",,,"曹子凡,|2022年全国国际象棋锦标赛（个人乙组）男子组",724039,chess-results-spielersuche,https://s3.chess-results.com/tnr724039.aspx?lan=1&art=9&snr=83,SpielerSuche FIDE 8639663 tnr724039 CJK name column
8639671,董思齐,,,"董思齐,|2024全国国际象棋青少年锦标赛（个人）暨第29届“李成智杯",892911,chess-results-spielersuche,https://s3.chess-results.com/tnr892911.aspx?lan=1&art=9&snr=90,SpielerSuche FIDE 8639671 tnr892911 CJK name column
8639701,胡燕一,,,"胡燕一,|【北京】第二届和平杯国际象棋公开赛",1405363,chess-results-spielersuche,https://s3.chess-results.com/tnr1405363.aspx?lan=1&art=9&snr=16,SpielerSuche FIDE 8639701 tnr1405363 CJK name column
8639710,李佳航,,,"李佳航,|2024全国国际象棋青少年锦标赛（个人）暨第29届“李成智杯",892910,chess-results-spielersuche,https://s3.chess-results.com/tnr892910.aspx?lan=1&art=9&snr=58,SpielerSuche FIDE 8639710 tnr892910 CJK name column
8639728,"李沄轩,",,,"李沄轩,|2023年全国国际象棋青少年锦标赛(个人)暨第28届“李成智",798387,chess-results-spielersuche,https://s3.chess-results.com/tnr798387.aspx?lan=1&art=9&snr=60,SpielerSuche FIDE 8639728 tnr798387 CJK name column
8639736,刘玎玎,,,"刘玎玎,|2024年全国国际象棋青少年锦标赛（个人）暨第29 届""李成",892944,chess-results-spielersuche,https://s3.chess-results.com/tnr892944.aspx?lan=1&art=9&snr=57,SpielerSuche FIDE 8639736 tnr892944 CJK name column
8639744,田晟霖,,,"田晟霖,|【北京】第二届和平杯国际象棋公开赛",1405363,chess-results-spielersuche,https://s3.chess-results.com/tnr1405363.aspx?lan=1&art=9&snr=24,SpielerSuche FIDE 8639744 tnr1405363 CJK name column
8639779,魏亦萱,,,"魏亦萱,|2025年全国国际象棋青少年锦标赛（个人）暨第30届“李成智",1111356,chess-results-spielersuche,https://s3.chess-results.com/tnr1111356.aspx?lan=1&art=9&snr=24,SpielerSuche FIDE 8639779 tnr1111356 CJK name column
8639787,"肖博仁,",,,"肖博仁,|2022年全国国际象棋锦标赛（个人乙组）男子组",724039,chess-results-spielersuche,https://s3.chess-results.com/tnr724039.aspx?lan=1&art=9&snr=171,SpielerSuche FIDE 8639787 tnr724039 CJK name column
8639795,王虹博,,,"王虹博,|2024全国国际象棋青少年锦标赛（个人）暨第29届“李成智杯",892910,chess-results-spielersuche,https://s3.chess-results.com/tnr892910.aspx?lan=1&art=9&snr=31,SpielerSuche FIDE 8639795 tnr892910 CJK name column
8639809,范敬宜,,,"范敬宜,|2025年中国国际象棋乙级联赛",1229905,chess-results-spielersuche,https://s3.chess-results.com/tnr1229905.aspx?lan=1&art=9&snr=129,SpielerSuche FIDE 8639809 tnr1229905 CJK name column
8639817,胡又轩,,,"胡又轩,|2024年全国国际象棋青少年锦标赛（个人）暨第29 届""李成",892944,chess-results-spielersuche,https://s3.chess-results.com/tnr892944.aspx?lan=1&art=9&snr=13,SpielerSuche FIDE 8639817 tnr892944 CJK name column
8639825,"张超一,",,,"张超一,|2022年全国国际象棋锦标赛（个人乙组）男子组",724039,chess-results-spielersuche,https://s3.chess-results.com/tnr724039.aspx?lan=1&art=9&snr=187,SpielerSuche FIDE 8639825 tnr724039 CJK name column
8639833,李欣远,,,"李欣远,|2025年全国国际象棋公开赛（聊城站）",1200704,chess-results-spielersuche,https://s3.chess-results.com/tnr1200704.aspx?lan=1&art=9&snr=62,SpielerSuche FIDE 8639833 tnr1200704 CJK name column
8639841,李昊,,,"李昊,|2024全国国际象棋青少年锦标赛（个人）暨第29届“李成智杯",892909,chess-results-spielersuche,https://s3.chess-results.com/tnr892909.aspx?lan=1&art=9&snr=46,SpielerSuche FIDE 8639841 tnr892909 CJK name column
8639850,曲浩鸣,,,"曲浩鸣,|2025年全国国际象棋锦标赛（团体）男子组",1163659,chess-results-spielersuche,https://s3.chess-results.com/tnr1163659.aspx?lan=1&art=9&snr=66,SpielerSuche FIDE 8639850 tnr1163659 CJK name column
8639868,佟一一,,,"佟一一,|2026年中国国际象棋甲级联赛 百叶龙杯”常规赛第一站长兴专",1443995,chess-results-spielersuche,https://s3.chess-results.com/tnr1443995.aspx?lan=1&art=9&snr=33,SpielerSuche FIDE 8639868 tnr1443995 CJK name column
8639876,王硕,,,"王硕,|2024全国国际象棋青少年锦标赛（个人）暨第29届“李成智杯",892911,chess-results-spielersuche,https://s3.chess-results.com/tnr892911.aspx?lan=1&art=9&snr=21,SpielerSuche FIDE 8639876 tnr892911 CJK name column
8639884,"王韵齐,",,,"王韵齐,|2022年中国国际象棋乙级联赛",725674,chess-results-spielersuche,https://s3.chess-results.com/tnr725674.aspx?lan=1&art=9&snr=51,SpielerSuche FIDE 8639884 tnr725674 CJK name column
8639892,王自杭,,,"王自杭,|“瑞贝卡杯”2024年第四届中国国际象棋新锐赛",1064087,chess-results-spielersuche,https://s3.chess-results.com/tnr1064087.aspx?lan=1&art=9&snr=20,SpielerSuche FIDE 8639892 tnr1064087 CJK name column
8639906,邬仪婷,,,"邬仪婷,|2025年全国国际象棋青少年锦标赛(个人)暨第30届'李成智",1110335,chess-results-spielersuche,https://s3.chess-results.com/tnr1110335.aspx?lan=1&art=9&snr=9,SpielerSuche FIDE 8639906 tnr1110335 CJK name column
8639914,张滢滢,,,"张滢滢,|2024年全国国际象棋青少年锦标赛（个人）暨第29 届""李成",892944,chess-results-spielersuche,https://s3.chess-results.com/tnr892944.aspx?lan=1&art=9&snr=6,SpielerSuche FIDE 8639914 tnr892944 CJK name column
8639922,"周逸朵,",,,"周逸朵,|2023年全国国际象棋青少年锦标赛(个人)暨第28届“李成智",798384,chess-results-spielersuche,https://s3.chess-results.com/tnr798384.aspx?lan=1&art=9&snr=69,SpielerSuche FIDE 8639922 tnr798384 CJK name column
8640122,李越,,,"李越,|2025年全国国际象棋棋协大师赛（绍兴站）棋协大师组",1214030,chess-results-spielersuche,https://s3.chess-results.com/tnr1214030.aspx?lan=1&art=9&snr=45,SpielerSuche FIDE 8640122 tnr1214030 CJK name column
8640190,何奕,,,"何奕,|2026年中国国际象棋甲级联赛 百叶龙杯”常规赛第一站长兴专",1443995,chess-results-spielersuche,https://s3.chess-results.com/tnr1443995.aspx?lan=1&art=9&snr=102,SpielerSuche FIDE 8640190 tnr1443995 CJK name column
8640203,"王励钊,",,,"王励钊,|2025年中国国际象棋乙级联赛",1229905,chess-results-spielersuche,https://s3.chess-results.com/tnr1229905.aspx?lan=1&art=9&snr=74,SpielerSuche FIDE 8640203 tnr1229905 CJK name column
8640211,张圣岳,,,"张圣岳,|2024全国国际象棋青少年锦标赛（个人）暨第29届“李成智杯",892909,chess-results-spielersuche,https://s3.chess-results.com/tnr892909.aspx?lan=1&art=9&snr=64,SpielerSuche FIDE 8640211 tnr892909 CJK name column
8640220,肖梓淳,,,"肖梓淳,|2024全国国际象棋青少年锦标赛（个人）暨第29届“李成智杯",892911,chess-results-spielersuche,https://s3.chess-results.com/tnr892911.aspx?lan=1&art=9&snr=152,SpielerSuche FIDE 8640220 tnr892911 CJK name column
8640238,高子根,,,"高子根,|2022年全国国际象棋锦标赛（个人乙组）男子组",724039,chess-results-spielersuche,https://s3.chess-results.com/tnr724039.aspx?lan=1&art=9&snr=101,SpielerSuche FIDE 8640238 tnr724039 CJK name column
8640246,"王勃涵,",,,"王勃涵,|2022年全国国际象棋锦标赛（个人乙组）男子组",724039,chess-results-spielersuche,https://s3.chess-results.com/tnr724039.aspx?lan=1&art=9&snr=159,SpielerSuche FIDE 8640246 tnr724039 CJK name column
8640254,"杨海峰,",,,"杨海峰,|2025年全国国际象棋公开赛（聊城站）",1200704,chess-results-spielersuche,https://s3.chess-results.com/tnr1200704.aspx?lan=1&art=9&snr=36,SpielerSuche FIDE 8640254 tnr1200704 CJK name column
8640262,杨姬祥,,,"杨姬祥,|第十五届全国运动会群众比赛国际象棋项目预赛混合团体公开组",1184152,chess-results-spielersuche,https://s3.chess-results.com/tnr1184152.aspx?lan=1&art=9&snr=42,SpielerSuche FIDE 8640262 tnr1184152 CJK name column
8640270,陈子轩,,,"陈子轩,|2024年全国国际象棋青少年锦标赛（个人）暨第29 届""李成",892944,chess-results-spielersuche,https://s3.chess-results.com/tnr892944.aspx?lan=1&art=9&snr=18,SpielerSuche FIDE 8640270 tnr892944 CJK name column
8640289,戎昱,,,"戎昱,|2024年中国国际象棋乙级联赛",984568,chess-results-spielersuche,https://s3.chess-results.com/tnr984568.aspx?lan=1&art=9&snr=169,SpielerSuche FIDE 8640289 tnr984568 CJK name column
8640297,"唐泽谨,",,,"唐泽谨,|2022年全国国际象棋锦标赛（个人乙组）男子组",724039,chess-results-spielersuche,https://s3.chess-results.com/tnr724039.aspx?lan=1&art=9&snr=155,SpielerSuche FIDE 8640297 tnr724039 CJK name column
8640300,方隅薇,,,"方隅薇,|2025年全国国际象棋青少年锦标赛（个人）暨第30届“李成智",1111356,chess-results-spielersuche,https://s3.chess-results.com/tnr1111356.aspx?lan=1&art=9&snr=16,SpielerSuche FIDE 8640300 tnr1111356 CJK name column
8640319,刘华麒,,,"刘华麒,|2025年全国国际象棋锦标赛（个人）男子组",1200589,chess-results-spielersuche,https://s3.chess-results.com/tnr1200589.aspx?lan=1&art=9&snr=50,SpielerSuche FIDE 8640319 tnr1200589 CJK name column
8640327,刘征诚,,,"刘征诚,|2025年全国国际象棋青少年锦标赛（个人）暨第30届“李成智",1111363,chess-results-spielersuche,https://s3.chess-results.com/tnr1111363.aspx?lan=1&art=9&snr=30,SpielerSuche FIDE 8640327 tnr1111363 CJK name column
8640335,余尧宸,,,"余尧宸,|2025年中国国际象棋乙级联赛",1229905,chess-results-spielersuche,https://s3.chess-results.com/tnr1229905.aspx?lan=1&art=9&snr=24,SpielerSuche FIDE 8640335 tnr1229905 CJK name column
8640343,凌郭涵,,,"凌郭涵,|2025年全国国际象棋青少年锦标赛（个人）暨第30届“李成智",1111362,chess-results-spielersuche,https://s3.chess-results.com/tnr1111362.aspx?lan=1&art=9&snr=5,SpielerSuche FIDE 8640343 tnr1111362 CJK name column
8640351,"赵楠,",,,"赵楠,|2024年全国国际象棋锦标赛（个人乙组）男子组",927196,chess-results-spielersuche,https://s3.chess-results.com/tnr927196.aspx?lan=1&art=9&snr=91,SpielerSuche FIDE 8640351 tnr927196 CJK name column
8640360,王瑞琦,,,"王瑞琦,|2024全国国际象棋青少年锦标赛（个人）暨第29届“李成智杯",892910,chess-results-spielersuche,https://s3.chess-results.com/tnr892910.aspx?lan=1&art=9&snr=45,SpielerSuche FIDE 8640360 tnr892910 CJK name column
8640378,钟涛宇,,,"钟涛宇,|2025年全国国际象棋公开赛（苏州站）",1250403,chess-results-spielersuche,https://s3.chess-results.com/tnr1250403.aspx?lan=1&art=9&snr=22,SpielerSuche FIDE 8640378 tnr1250403 CJK name column
8640386,范锦轩,,,"范锦轩,|2025年全国国际象棋青少年锦标赛（个人）暨第30届“李成智",1111363,chess-results-spielersuche,https://s3.chess-results.com/tnr1111363.aspx?lan=1&art=9&snr=24,SpielerSuche FIDE 8640386 tnr1111363 CJK name column
8640394,周兰齐儿,,,"周兰齐儿,|2025年中国国际象棋乙级联赛",1229905,chess-results-spielersuche,https://s3.chess-results.com/tnr1229905.aspx?lan=1&art=9&snr=77,SpielerSuche FIDE 8640394 tnr1229905 CJK name column
8640408,宁端,,,"宁端,",1451862,chess-results-spielersuche,https://s3.chess-results.com/tnr1451862.aspx?lan=1&art=9&snr=43,SpielerSuche FIDE 8640408 tnr1451862 CJK name column
8640416,彭静宜,,"Peng, Jingyi(GD)",2026年全国国际象棋青少年锦标赛（个人）暨第31届“李成智,1335531,chess-results-spielersuche,https://s3.chess-results.com/tnr1335531.aspx?lan=1&art=9&snr=2,SpielerSuche FIDE 8640416 tnr1335531 CJK name column
8640424,陈伯睿,,,"陈伯睿,|2025年全国国际象棋青少年锦标赛（个人）暨第30届“李成智",1111363,chess-results-spielersuche,https://s3.chess-results.com/tnr1111363.aspx?lan=1&art=9&snr=8,SpielerSuche FIDE 8640424 tnr1111363 CJK name column
8640432,"陈子牧,",,,"陈子牧,|2025年中国国际象棋乙级联赛",1229905,chess-results-spielersuche,https://s3.chess-results.com/tnr1229905.aspx?lan=1&art=9&snr=6,SpielerSuche FIDE 8640432 tnr1229905 CJK name column
8640440,"黄锦汝,",,,"黄锦汝,|2022年全国国际象棋锦标赛（个人乙组）女子组",724041,chess-results-spielersuche,https://s3.chess-results.com/tnr724041.aspx?lan=1&art=9&snr=55,SpielerSuche FIDE 8640440 tnr724041 CJK name column
8640459,金任昱树,,,"金任昱树,|2025年全国国际象棋青少年锦标赛（个人）暨第30届“李成智",1111361,chess-results-spielersuche,https://s3.chess-results.com/tnr1111361.aspx?lan=1&art=9&snr=12,SpielerSuche FIDE 8640459 tnr1111361 CJK name column
8640467,"皮轩华,",,,"皮轩华,|2022年全国国际象棋锦标赛（个人乙组）男子组",724039,chess-results-spielersuche,https://s3.chess-results.com/tnr724039.aspx?lan=1&art=9&snr=144,SpielerSuche FIDE 8640467 tnr724039 CJK name column
8640475,苏琬雯,,,"苏琬雯,|2025年全国国际象棋青少年锦标赛（个人）暨第30届“李成智",1111355,chess-results-spielersuche,https://s3.chess-results.com/tnr1111355.aspx?lan=1&art=9&snr=61,SpielerSuche FIDE 8640475 tnr1111355 CJK name column
8640483,殷子均,,,"殷子均,|2025年全国国际象棋青少年锦标赛（个人）暨第30届“李成智",1111363,chess-results-spielersuche,https://s3.chess-results.com/tnr1111363.aspx?lan=1&art=9&snr=64,SpielerSuche FIDE 8640483 tnr1111363 CJK name column
8640491,金鸿涛,,,"金鸿涛,|2025年全国国际象棋锦标赛（个人）男子组",1200589,chess-results-spielersuche,https://s3.chess-results.com/tnr1200589.aspx?lan=1&art=9&snr=32,SpielerSuche FIDE 8640491 tnr1200589 CJK name column
8640505,朱力安,,,"朱力安,|【北京】第二届和平杯国际象棋公开赛",1405363,chess-results-spielersuche,https://s3.chess-results.com/tnr1405363.aspx?lan=1&art=9&snr=22,SpielerSuche FIDE 8640505 tnr1405363 CJK name column
8640513,周麟,,,"周麟,|2026第一届“和平杯”国际象棋公开赛",1379421,chess-results-spielersuche,https://s3.chess-results.com/tnr1379421.aspx?lan=1&art=9&snr=72,SpielerSuche FIDE 8640513 tnr1379421 CJK name column
8640521,陈一诺,,,"陈一诺,|2025年全国国际象棋棋协大师赛（绍兴站）棋协大师组",1214030,chess-results-spielersuche,https://s3.chess-results.com/tnr1214030.aspx?lan=1&art=9&snr=53,SpielerSuche FIDE 8640521 tnr1214030 CJK name column
8640530,李明灏,,,"李明灏,|2025年全国国际象棋青少年锦标赛（个人）暨第30届“李成智",1111363,chess-results-spielersuche,https://s3.chess-results.com/tnr1111363.aspx?lan=1&art=9&snr=123,SpielerSuche FIDE 8640530 tnr1111363 CJK name column
8640548,"解子晏,",,,"解子晏,|【北京】第二届和平杯国际象棋公开赛",1405363,chess-results-spielersuche,https://s3.chess-results.com/tnr1405363.aspx?lan=1&art=9&snr=42,SpielerSuche FIDE 8640548 tnr1405363 CJK name column
8640556,陈铱宁,,,"陈铱宁,|2024年全国国际象棋青少年锦标赛（个人）暨第29 届""李成",892945,chess-results-spielersuche,https://s3.chess-results.com/tnr892945.aspx?lan=1&art=9&snr=30,SpielerSuche FIDE 8640556 tnr892945 CJK name column
8640564,"罗翊哲,",,,"罗翊哲,|2022年全国国际象棋锦标赛（个人乙组）男子组",724039,chess-results-spielersuche,https://s3.chess-results.com/tnr724039.aspx?lan=1&art=9&snr=138,SpielerSuche FIDE 8640564 tnr724039 CJK name column
8640572,邓茗桐,,,"邓茗桐,|2025年全国国际象棋棋协大师赛（绍兴站）棋协大师组",1214030,chess-results-spielersuche,https://s3.chess-results.com/tnr1214030.aspx?lan=1&art=9&snr=39,SpielerSuche FIDE 8640572 tnr1214030 CJK name column
8640580,"刘子涵,",,,"刘子涵,|2022年全国国际象棋锦标赛（个人乙组）男子组",724039,chess-results-spielersuche,https://s3.chess-results.com/tnr724039.aspx?lan=1&art=9&snr=136,SpielerSuche FIDE 8640580 tnr724039 CJK name column
8640599,吴玥潼,,,"吴玥潼,|2025年全国国际象棋青少年锦标赛（个人）暨第30届“李成智",1111355,chess-results-spielersuche,https://s3.chess-results.com/tnr1111355.aspx?lan=1&art=9&snr=20,SpielerSuche FIDE 8640599 tnr1111355 CJK name column
8640602,池铉桥,,,"池铉桥,|2024年全国国际象棋青少年锦标赛（个人）暨第29 届""李成",892945,chess-results-spielersuche,https://s3.chess-results.com/tnr892945.aspx?lan=1&art=9&snr=23,SpielerSuche FIDE 8640602 tnr892945 CJK name column
8640610,徐瑞希,,,"徐瑞希,|2025年全国国际象棋青少年锦标赛(个人)暨第30届'李成智",1110335,chess-results-spielersuche,https://s3.chess-results.com/tnr1110335.aspx?lan=1&art=9&snr=17,SpielerSuche FIDE 8640610 tnr1110335 CJK name column
8640629,"徐晨睿,",,,"徐晨睿,|2022年全国国际象棋锦标赛（个人乙组）女子组",724041,chess-results-spielersuche,https://s3.chess-results.com/tnr724041.aspx?lan=1&art=9&snr=88,SpielerSuche FIDE 8640629 tnr724041 CJK name column
8640637,"任浚文,",,,"任浚文,|2022年全国国际象棋锦标赛（个人乙组）男子组",724039,chess-results-spielersuche,https://s3.chess-results.com/tnr724039.aspx?lan=1&art=9&snr=146,SpielerSuche FIDE 8640637 tnr724039 CJK name column
8640645,王渤,,,"王渤,|2025年全国国际象棋公开赛（苏州站）",1250403,chess-results-spielersuche,https://s3.chess-results.com/tnr1250403.aspx?lan=1&art=9&snr=73,SpielerSuche FIDE 8640645 tnr1250403 CJK name column
8640653,姜鎏,,,"姜鎏,|2026年中国国际象棋甲级联赛 百叶龙杯”常规赛第一站长兴专",1443995,chess-results-spielersuche,https://s3.chess-results.com/tnr1443995.aspx?lan=1&art=9&snr=99,SpielerSuche FIDE 8640653 tnr1443995 CJK name column
8640661,何希瑶,,,"何希瑶,|2025年中国国际象棋甲级联赛常规赛（第二站）北京专场",1263712,chess-results-spielersuche,https://s3.chess-results.com/tnr1263712.aspx?lan=1&art=9&snr=92,SpielerSuche FIDE 8640661 tnr1263712 CJK name column
8640670,"康小伍,",,,"康小伍,|2023年全国国际象棋青少年锦标赛(个人)暨第28届“李成智",798388,chess-results-spielersuche,https://s3.chess-results.com/tnr798388.aspx?lan=1&art=9&snr=47,SpielerSuche FIDE 8640670 tnr798388 CJK name column
8640688,龚波诺诺,,,"龚波诺诺,|2025年全国国际象棋锦标赛（团体）男子组",1163659,chess-results-spielersuche,https://s3.chess-results.com/tnr1163659.aspx?lan=1&art=9&snr=64,SpielerSuche FIDE 8640688 tnr1163659 CJK name column
8640696,余适然,,,"余适然,|2024年中国国际象棋乙级联赛",984568,chess-results-spielersuche,https://s3.chess-results.com/tnr984568.aspx?lan=1&art=9&snr=139,SpielerSuche FIDE 8640696 tnr984568 CJK name column
8640700,王一,,,"王一,|2026年中国国际象棋甲级联赛 百叶龙杯”常规赛第一站长兴专",1443995,chess-results-spielersuche,https://s3.chess-results.com/tnr1443995.aspx?lan=1&art=9&snr=59,SpielerSuche FIDE 8640700 tnr1443995 CJK name column
8640718,沈厚霖,,,"沈厚霖,|2025年全国国际象棋锦标赛（个人）男子组",1200589,chess-results-spielersuche,https://s3.chess-results.com/tnr1200589.aspx?lan=1&art=9&snr=59,SpielerSuche FIDE 8640718 tnr1200589 CJK name column
8640726,臧梓茗,,,"臧梓茗,|2024年中国国际象棋乙级联赛",984568,chess-results-spielersuche,https://s3.chess-results.com/tnr984568.aspx?lan=1&art=9&snr=110,SpielerSuche FIDE 8640726 tnr984568 CJK name column
8640734,吕睿宸,,,"吕睿宸,|2025年全国国际象棋公开赛（聊城站）",1200704,chess-results-spielersuche,https://s3.chess-results.com/tnr1200704.aspx?lan=1&art=9&snr=100,SpielerSuche FIDE 8640734 tnr1200704 CJK name column
8640742,"邵夏阳,",,,"邵夏阳,|2022年全国国际象棋锦标赛（个人乙组）男子组",724039,chess-results-spielersuche,https://s3.chess-results.com/tnr724039.aspx?lan=1&art=9&snr=148,SpielerSuche FIDE 8640742 tnr724039 CJK name column
8640750,"宋骏腾,",,,"宋骏腾,|2023年全国国际象棋青少年锦标赛(个人)暨第28届“李成智",798388,chess-results-spielersuche,https://s3.chess-results.com/tnr798388.aspx?lan=1&art=9&snr=28,SpielerSuche FIDE 8640750 tnr798388 CJK name column
8640769,"田润,",,,"田润,|2023年全国国际象棋青少年锦标赛(个人)暨第28届“李成智",798387,chess-results-spielersuche,https://s3.chess-results.com/tnr798387.aspx?lan=1&art=9&snr=75,SpielerSuche FIDE 8640769 tnr798387 CJK name column
8640777,张伽焜,,,"张伽焜,|2025年中国国际象棋乙级联赛",1229905,chess-results-spielersuche,https://s3.chess-results.com/tnr1229905.aspx?lan=1&art=9&snr=116,SpielerSuche FIDE 8640777 tnr1229905 CJK name column
8640785,邵绪开,,,"邵绪开,|2025年全国国际象棋成人业余棋王挑战赛总决赛",1303568,chess-results-spielersuche,https://s3.chess-results.com/tnr1303568.aspx?lan=1&art=9&snr=43,SpielerSuche FIDE 8640785 tnr1303568 CJK name column
8640793,"刘易,",,,"刘易,|2025年中国国际象棋乙级联赛",1229905,chess-results-spielersuche,https://s3.chess-results.com/tnr1229905.aspx?lan=1&art=9&snr=105,SpielerSuche FIDE 8640793 tnr1229905 CJK name column
8640807,李佑嘉,,,"李佑嘉,|2025年中国国际象棋乙级联赛",1229905,chess-results-spielersuche,https://s3.chess-results.com/tnr1229905.aspx?lan=1&art=9&snr=8,SpielerSuche FIDE 8640807 tnr1229905 CJK name column
8640815,鲁奕辰,,,"鲁奕辰,|2025年全国国际象棋青少年锦标赛（个人）暨第30届“李成智",1111356,chess-results-spielersuche,https://s3.chess-results.com/tnr1111356.aspx?lan=1&art=9&snr=18,SpielerSuche FIDE 8640815 tnr1111356 CJK name column
8640823,徐宇阳,,,"徐宇阳,|2025年全国国际象棋青少年锦标赛（个人）暨第30届“李成智",1111361,chess-results-spielersuche,https://s3.chess-results.com/tnr1111361.aspx?lan=1&art=9&snr=17,SpielerSuche FIDE 8640823 tnr1111361 CJK name column
8640831,王彦哲,,,"王彦哲,|2024全国国际象棋青少年锦标赛（个人）暨第29届“李成智杯",892911,chess-results-spielersuche,https://s3.chess-results.com/tnr892911.aspx?lan=1&art=9&snr=47,SpielerSuche FIDE 8640831 tnr892911 CJK name column
8640840,"严率棋,",,,"严率棋,|2022年全国国际象棋锦标赛（个人乙组）男子组",724039,chess-results-spielersuche,https://s3.chess-results.com/tnr724039.aspx?lan=1&art=9&snr=179,SpielerSuche FIDE 8640840 tnr724039 CJK name column
8640858,陈潞钰,,,"陈潞钰,|2024年全国国际象棋青少年锦标赛（个人）暨第29 届""李成",892944,chess-results-spielersuche,https://s3.chess-results.com/tnr892944.aspx?lan=1&art=9&snr=42,SpielerSuche FIDE 8640858 tnr892944 CJK name column
8640866,李鼎铭,,,"李鼎铭,|2024全国国际象棋青少年锦标赛（个人）暨第29届“李成智杯",892909,chess-results-spielersuche,https://s3.chess-results.com/tnr892909.aspx?lan=1&art=9&snr=45,SpielerSuche FIDE 8640866 tnr892909 CJK name column
8640874,张天怡,,,"张天怡,|2025年全国国际象棋青少年锦标赛（个人）暨第30届“李成智",1111355,chess-results-spielersuche,https://s3.chess-results.com/tnr1111355.aspx?lan=1&art=9&snr=14,SpielerSuche FIDE 8640874 tnr1111355 CJK name column
8640882,"褚天亦泽,",,,"褚天亦泽,|2022年全国国际象棋锦标赛（个人乙组）男子组",724039,chess-results-spielersuche,https://s3.chess-results.com/tnr724039.aspx?lan=1&art=9&snr=93,SpielerSuche FIDE 8640882 tnr724039 CJK name column
8640890,"杨芮绮,",,,"杨芮绮,|2023年全国国际象棋青少年锦标赛(个人)暨第28届“李成智",798384,chess-results-spielersuche,https://s3.chess-results.com/tnr798384.aspx?lan=1&art=9&snr=59,SpielerSuche FIDE 8640890 tnr798384 CJK name column
8640904,"方皓翎,",,,"方皓翎,|2022年全国国际象棋锦标赛（个人乙组）男子组",724039,chess-results-spielersuche,https://s3.chess-results.com/tnr724039.aspx?lan=1&art=9&snr=97,SpielerSuche FIDE 8640904 tnr724039 CJK name column
8640912,阮嘉铭,,,"阮嘉铭,|2025年全国国际象棋棋协大师赛（绍兴站）棋协大师组",1214030,chess-results-spielersuche,https://s3.chess-results.com/tnr1214030.aspx?lan=1&art=9&snr=35,SpielerSuche FIDE 8640912 tnr1214030 CJK name column
8640920,田思远,,,"田思远,|2024全国国际象棋青少年锦标赛（个人）暨第29届“李成智杯",892910,chess-results-spielersuche,https://s3.chess-results.com/tnr892910.aspx?lan=1&art=9&snr=28,SpielerSuche FIDE 8640920 tnr892910 CJK name column
8640939,"彭少美,",,,"彭少美,|2022年全国国际象棋锦标赛（个人乙组）女子组",724041,chess-results-spielersuche,https://s3.chess-results.com/tnr724041.aspx?lan=1&art=9&snr=66,SpielerSuche FIDE 8640939 tnr724041 CJK name column
8640947,"杨喆,",,,"杨喆,|2024年中国国际象棋乙级联赛",984568,chess-results-spielersuche,https://s3.chess-results.com/tnr984568.aspx?lan=1&art=9&snr=59,SpielerSuche FIDE 8640947 tnr984568 CJK name column
8640955,梁晗喆,,,"梁晗喆,|2026年中国国际象棋甲级联赛 百叶龙杯”常规赛第一站长兴专",1443995,chess-results-spielersuche,https://s3.chess-results.com/tnr1443995.aspx?lan=1&art=9&snr=43,SpielerSuche FIDE 8640955 tnr1443995 CJK name column
8640963,罗辰禹,,,"罗辰禹,|2025重庆“大融城杯”国际象棋公开赛公开组",1210592,chess-results-spielersuche,https://s3.chess-results.com/tnr1210592.aspx?lan=1&art=9&snr=10,SpielerSuche FIDE 8640963 tnr1210592 CJK name column
8640971,张乐之,,,"张乐之,|2025年全国国际象棋公开赛（聊城站）",1200704,chess-results-spielersuche,https://s3.chess-results.com/tnr1200704.aspx?lan=1&art=9&snr=69,SpielerSuche FIDE 8640971 tnr1200704 CJK name column
8640980,张弘雅,,"Zhang, Hongya",2026年全国国际象棋青少年锦标赛（个人）暨第31届“李成智,1335529,chess-results-spielersuche,https://s3.chess-results.com/tnr1335529.aspx?lan=1&art=9&snr=6,SpielerSuche FIDE 8640980 tnr1335529 CJK name column
8640998,李琰,,,"李琰,|2025年中国国际象棋乙级联赛",1229905,chess-results-spielersuche,https://s3.chess-results.com/tnr1229905.aspx?lan=1&art=9&snr=22,SpielerSuche FIDE 8640998 tnr1229905 CJK name column
8641005,王攸冉,,,"王攸冉,|2025年全国国际象棋锦标赛（个人）男子组",1200589,chess-results-spielersuche,https://s3.chess-results.com/tnr1200589.aspx?lan=1&art=9&snr=54,SpielerSuche FIDE 8641005 tnr1200589 CJK name column
8641013,刘姝彤,,,"刘姝彤,|2025年全国国际象棋青少年锦标赛(个人)暨第30届'李成智",1110335,chess-results-spielersuche,https://s3.chess-results.com/tnr1110335.aspx?lan=1&art=9&snr=15,SpielerSuche FIDE 8641013 tnr1110335 CJK name column
8641021,沈复言,,,"沈复言,|2025年全国国际象棋公开赛（苏州站）",1250403,chess-results-spielersuche,https://s3.chess-results.com/tnr1250403.aspx?lan=1&art=9&snr=6,SpielerSuche FIDE 8641021 tnr1250403 CJK name column
8641030,宋国赫,,,"宋国赫,|2024全国国际象棋青少年锦标赛（个人）暨第29届“李成智杯",892910,chess-results-spielersuche,https://s3.chess-results.com/tnr892910.aspx?lan=1&art=9&snr=41,SpielerSuche FIDE 8641030 tnr892910 CJK name column
8641048,"马辰逸,",,,"马辰逸,|2022年全国国际象棋锦标赛（个人乙组）男子组",724039,chess-results-spielersuche,https://s3.chess-results.com/tnr724039.aspx?lan=1&art=9&snr=140,SpielerSuche FIDE 8641048 tnr724039 CJK name column
8641056,梁骏哲,,,"梁骏哲,|2025年中国国际象棋乙级联赛",1229905,chess-results-spielersuche,https://s3.chess-results.com/tnr1229905.aspx?lan=1&art=9&snr=53,SpielerSuche FIDE 8641056 tnr1229905 CJK name column
8641064,余政桓,,,"余政桓,|2025年全国国际象棋成人业余棋王挑战赛总决赛",1303568,chess-results-spielersuche,https://s3.chess-results.com/tnr1303568.aspx?lan=1&art=9&snr=26,SpielerSuche FIDE 8641064 tnr1303568 CJK name column
8641072,"赵旭,",,,"赵旭,|2022年全国国际象棋锦标赛（个人乙组）男子组",724039,chess-results-spielersuche,https://s3.chess-results.com/tnr724039.aspx?lan=1&art=9&snr=196,SpielerSuche FIDE 8641072 tnr724039 CJK name column
8641080,"朱曜泽,",,,"朱曜泽,|2022年全国国际象棋锦标赛（个人乙组）男子组",724039,chess-results-spielersuche,https://s3.chess-results.com/tnr724039.aspx?lan=1&art=9&snr=205,SpielerSuche FIDE 8641080 tnr724039 CJK name column
8641099,杨馥羽,,,"杨馥羽,|2024年全国国际象棋锦标赛（个人乙组）女子组",927195,chess-results-spielersuche,https://s3.chess-results.com/tnr927195.aspx?lan=1&art=9&snr=50,SpielerSuche FIDE 8641099 tnr927195 CJK name column
8641102,"裴东方,",,,"裴东方,|2025年全国国际象棋锦标赛（个人）男子组",1200589,chess-results-spielersuche,https://s3.chess-results.com/tnr1200589.aspx?lan=1&art=9&snr=60,SpielerSuche FIDE 8641102 tnr1200589 CJK name column
8641110,冯夔修,,,"冯夔修,|2025年全国国际象棋公开赛（苏州站）",1250403,chess-results-spielersuche,https://s3.chess-results.com/tnr1250403.aspx?lan=1&art=9&snr=21,SpielerSuche FIDE 8641110 tnr1250403 CJK name column
8641129,张亦成,,,"张亦成,|2025年全国国际象棋成人业余棋王挑战赛总决赛",1303568,chess-results-spielersuche,https://s3.chess-results.com/tnr1303568.aspx?lan=1&art=9&snr=34,SpielerSuche FIDE 8641129 tnr1303568 CJK name column
8641137,黄悦,,,"黄悦,|2024年全国国际象棋青少年锦标赛（个人）暨第29 届""李成",892941,chess-results-spielersuche,https://s3.chess-results.com/tnr892941.aspx?lan=1&art=9&snr=4,SpielerSuche FIDE 8641137 tnr892941 CJK name column
8641145,"朱柏翘,",,,"朱柏翘,|2022年全国国际象棋锦标赛（个人乙组）男子组",724039,chess-results-spielersuche,https://s3.chess-results.com/tnr724039.aspx?lan=1&art=9&snr=201,SpielerSuche FIDE 8641145 tnr724039 CJK name column
8641153,"顾浩锐,",,,"顾浩锐,|2022年全国国际象棋锦标赛（个人乙组）男子组",724039,chess-results-spielersuche,https://s3.chess-results.com/tnr724039.aspx?lan=1&art=9&snr=105,SpielerSuche FIDE 8641153 tnr724039 CJK name column
8641161,李思源,,,"李思源,|2025年全国国际象棋青少年锦标赛（个人）暨第30届“李成智",1111362,chess-results-spielersuche,https://s3.chess-results.com/tnr1111362.aspx?lan=1&art=9&snr=16,SpielerSuche FIDE 8641161 tnr1111362 CJK name column
8641170,吴双,,,"吴双,|2026年中国国际象棋甲级联赛 百叶龙杯”常规赛第一站长兴专",1443995,chess-results-spielersuche,https://s3.chess-results.com/tnr1443995.aspx?lan=1&art=9&snr=101,SpielerSuche FIDE 8641170 tnr1443995 CJK name column
8641188,耿国森,,,"耿国森,|2025年全国国际象棋公开赛（聊城站）",1200704,chess-results-spielersuche,https://s3.chess-results.com/tnr1200704.aspx?lan=1&art=9&snr=66,SpielerSuche FIDE 8641188 tnr1200704 CJK name column
8641196,"张瀚元,",,,"张瀚元,|2022年全国国际象棋锦标赛（个人乙组）男子组",724039,chess-results-spielersuche,https://s3.chess-results.com/tnr724039.aspx?lan=1&art=9&snr=188,SpielerSuche FIDE 8641196 tnr724039 CJK name column
8641200,"龚俊宇,",,,"龚俊宇,|2022年全国国际象棋锦标赛（个人乙组）男子组",724039,chess-results-spielersuche,https://s3.chess-results.com/tnr724039.aspx?lan=1&art=9&snr=104,SpielerSuche FIDE 8641200 tnr724039 CJK name column
8641218,"雷弘毅,",,,"雷弘毅,|2022年全国国际象棋锦标赛（个人乙组）男子组",724039,chess-results-spielersuche,https://s3.chess-results.com/tnr724039.aspx?lan=1&art=9&snr=116,SpielerSuche FIDE 8641218 tnr724039 CJK name column
8641226,赵舒行,,,"赵舒行,|2025年全国国际象棋公开赛（苏州站）",1250403,chess-results-spielersuche,https://s3.chess-results.com/tnr1250403.aspx?lan=1&art=9&snr=64,SpielerSuche FIDE 8641226 tnr1250403 CJK name column
8641234,"朱皓宇,",,,"朱皓宇,|2022年全国国际象棋锦标赛（个人乙组）男子组",724039,chess-results-spielersuche,https://s3.chess-results.com/tnr724039.aspx?lan=1&art=9&snr=202,SpielerSuche FIDE 8641234 tnr724039 CJK name column
8641242,"刘倚君,",,,"刘倚君,|2022年全国国际象棋锦标赛（个人乙组）男子组",724039,chess-results-spielersuche,https://s3.chess-results.com/tnr724039.aspx?lan=1&art=9&snr=133,SpielerSuche FIDE 8641242 tnr724039 CJK name column
8641250,"马祎泽,",,,"马祎泽,|2022年全国国际象棋锦标赛（个人乙组）男子组",724039,chess-results-spielersuche,https://s3.chess-results.com/tnr724039.aspx?lan=1&art=9&snr=141,SpielerSuche FIDE 8641250 tnr724039 CJK name column
8641269,"朱天龙,",,,"朱天龙,|""瑞贝卡杯“2022 全国国际象棋锦标赛（团体）男子组",729712,chess-results-spielersuche,https://s3.chess-results.com/tnr729712.aspx?lan=1&art=9&snr=70,SpielerSuche FIDE 8641269 tnr729712 CJK name column
8641277,"马跃祎,",,,"马跃祎,|2022年全国国际象棋锦标赛（个人乙组）男子组",724039,chess-results-spielersuche,https://s3.chess-results.com/tnr724039.aspx?lan=1&art=9&snr=142,SpielerSuche FIDE 8641277 tnr724039 CJK name column
8641285,2026年中俄体育交流周国际象棋青少年团体赛,,"Zhou, Zhilin",2026年中俄体育交流周国际象棋青少年团体赛,1415897,chess-results-spielersuche,https://s3.chess-results.com/tnr1415897.aspx?lan=1&art=9&snr=31,SpielerSuche FIDE 8641285 tnr1415897 CJK name column
8641293,"刘成飞,",,,"刘成飞,|2022年全国国际象棋锦标赛（个人乙组）男子组",724039,chess-results-spielersuche,https://s3.chess-results.com/tnr724039.aspx?lan=1&art=9&snr=130,SpielerSuche FIDE 8641293 tnr724039 CJK name column
8641307,"程梓迅,",,,"程梓迅,|2022年全国国际象棋锦标赛（个人乙组）男子组",724039,chess-results-spielersuche,https://s3.chess-results.com/tnr724039.aspx?lan=1&art=9&snr=92,SpielerSuche FIDE 8641307 tnr724039 CJK name column
8641315,胥柏麟,,,"胥柏麟,|2024全国国际象棋青少年锦标赛（个人）暨第29届“李成智杯",892912,chess-results-spielersuche,https://s3.chess-results.com/tnr892912.aspx?lan=1&art=9&snr=170,SpielerSuche FIDE 8641315 tnr892912 CJK name column
8641323,"高瑞泽,",,,"高瑞泽,|2022年全国国际象棋锦标赛（个人乙组）男子组",724039,chess-results-spielersuche,https://s3.chess-results.com/tnr724039.aspx?lan=1&art=9&snr=99,SpielerSuche FIDE 8641323 tnr724039 CJK name column
8641331,林新博,,,"林新博,|2024全国国际象棋青少年锦标赛（个人）暨第29届“李成智杯",892912,chess-results-spielersuche,https://s3.chess-results.com/tnr892912.aspx?lan=1&art=9&snr=112,SpielerSuche FIDE 8641331 tnr892912 CJK name column
8641340,俞悦兮,,,"俞悦兮,|2023年全国国际象棋青少年锦标赛(个人)暨第28届“李成智",798385,chess-results-spielersuche,https://s3.chess-results.com/tnr798385.aspx?lan=1&art=9&snr=2,SpielerSuche FIDE 8641340 tnr798385 CJK name column
8641358,赵乐雍,,,"赵乐雍,|2024全国国际象棋青少年锦标赛（个人）暨第29届“李成智杯",892910,chess-results-spielersuche,https://s3.chess-results.com/tnr892910.aspx?lan=1&art=9&snr=77,SpielerSuche FIDE 8641358 tnr892910 CJK name column
8641366,任婧墨,,,"任婧墨,|2025年全国国际象棋青少年锦标赛（个人）暨第30届“李成智",1111355,chess-results-spielersuche,https://s3.chess-results.com/tnr1111355.aspx?lan=1&art=9&snr=29,SpielerSuche FIDE 8641366 tnr1111355 CJK name column
8641374,林辰潞,,,"林辰潞,|2022年全国国际象棋锦标赛（个人乙组）女子组",724041,chess-results-spielersuche,https://s3.chess-results.com/tnr724041.aspx?lan=1&art=9&snr=60,SpielerSuche FIDE 8641374 tnr724041 CJK name column
8641382,"祝喆垚,",,,"祝喆垚,|2022年全国国际象棋锦标赛（个人乙组）男子组",724039,chess-results-spielersuche,https://s3.chess-results.com/tnr724039.aspx?lan=1&art=9&snr=206,SpielerSuche FIDE 8641382 tnr724039 CJK name column
8641390,陆璟慧,,,"陆璟慧,|2025年中国国际象棋乙级联赛",1229905,chess-results-spielersuche,https://s3.chess-results.com/tnr1229905.aspx?lan=1&art=9&snr=82,SpielerSuche FIDE 8641390 tnr1229905 CJK name column
8641404,"季凌辉,",,,"季凌辉,|2022年全国国际象棋锦标赛（个人乙组）男子组",724039,chess-results-spielersuche,https://s3.chess-results.com/tnr724039.aspx?lan=1&art=9&snr=111,SpielerSuche FIDE 8641404 tnr724039 CJK name column
8641412,"王潞,",,,"王潞,|2022年全国国际象棋锦标赛（个人乙组）女子组",724041,chess-results-spielersuche,https://s3.chess-results.com/tnr724041.aspx?lan=1&art=9&snr=75,SpielerSuche FIDE 8641412 tnr724041 CJK name column
8641420,曹熙杳,,,"曹熙杳,|2024年全国国际象棋青少年锦标赛（个人）暨第29 届""李成",892944,chess-results-spielersuche,https://s3.chess-results.com/tnr892944.aspx?lan=1&art=9&snr=41,SpielerSuche FIDE 8641420 tnr892944 CJK name column
8641439,陈培润,,,"陈培润,|2024全国国际象棋青少年锦标赛（个人）暨第29届“李成智杯",892912,chess-results-spielersuche,https://s3.chess-results.com/tnr892912.aspx?lan=1&art=9&snr=25,SpielerSuche FIDE 8641439 tnr892912 CJK name column
8641447,左钧予,,"Zuo, Junyu",2026年全国国际象棋青少年锦标赛（个人）暨第31届“李成智,1335529,chess-results-spielersuche,https://s3.chess-results.com/tnr1335529.aspx?lan=1&art=9&snr=1,SpielerSuche FIDE 8641447 tnr1335529 CJK name column
8641455,朱艺欣,,"Zhu, Yixin",2026年全国国际象棋青少年锦标赛（个人）暨第31届“李成智,1335531,chess-results-spielersuche,https://s3.chess-results.com/tnr1335531.aspx?lan=1&art=9&snr=41,SpielerSuche FIDE 8641455 tnr1335531 CJK name column
8641463,肖思颖,,,"肖思颖,|2024年全国国际象棋青少年锦标赛（个人）暨第29 届""李成",892945,chess-results-spielersuche,https://s3.chess-results.com/tnr892945.aspx?lan=1&art=9&snr=7,SpielerSuche FIDE 8641463 tnr892945 CJK name column
8641471,王霈骐,,,"王霈骐,|2025年全国国际象棋公开赛（苏州站）",1250403,chess-results-spielersuche,https://s3.chess-results.com/tnr1250403.aspx?lan=1&art=9&snr=35,SpielerSuche FIDE 8641471 tnr1250403 CJK name column
8641480,"陈奕羽,",,,"陈奕羽,|2023年全国国际象棋青少年锦标赛(个人)暨第28届“李成智",798387,chess-results-spielersuche,https://s3.chess-results.com/tnr798387.aspx?lan=1&art=9&snr=38,SpielerSuche FIDE 8641480 tnr798387 CJK name column
8641498,黄音畅,,,"黄音畅,|2024全国国际象棋青少年锦标赛（个人）暨第29届“李成智杯",892911,chess-results-spielersuche,https://s3.chess-results.com/tnr892911.aspx?lan=1&art=9&snr=103,SpielerSuche FIDE 8641498 tnr892911 CJK name column
8641501,李雅戈,,,"李雅戈,|“中国体育彩票杯”2025年第一届深圳市国际象棋新人王赛",1303559,chess-results-spielersuche,https://s3.chess-results.com/tnr1303559.aspx?lan=1&art=9&snr=5,SpielerSuche FIDE 8641501 tnr1303559 CJK name column
8641510,"林钿棋,",,,"林钿棋,|2023年全国国际象棋青少年锦标赛(个人)暨第28届“李成智",798389,chess-results-spielersuche,https://s3.chess-results.com/tnr798389.aspx?lan=1&art=9&snr=7,SpielerSuche FIDE 8641510 tnr798389 CJK name column
8641528,杨梓龙,,,"杨梓龙,|2026年中国国际象棋甲级联赛 百叶龙杯”常规赛第一站长兴专",1443995,chess-results-spielersuche,https://s3.chess-results.com/tnr1443995.aspx?lan=1&art=9&snr=66,SpielerSuche FIDE 8641528 tnr1443995 CJK name column
8641536,范书含,,"Fan, Shuhan",2026年全国国际象棋青少年锦标赛（个人）暨第31届“李成智,1335531,chess-results-spielersuche,https://s3.chess-results.com/tnr1335531.aspx?lan=1&art=9&snr=11,SpielerSuche FIDE 8641536 tnr1335531 CJK name column
8641544,张未艾,,"Zhang, Weiai",2026年全国国际象棋青少年锦标赛（个人）暨第31届“李成智,1335531,chess-results-spielersuche,https://s3.chess-results.com/tnr1335531.aspx?lan=1&art=9&snr=19,SpielerSuche FIDE 8641544 tnr1335531 CJK name column
8641552,张皓轩,,,"张皓轩,|2025年全国国际象棋青少年锦标赛(个人)暨第30届'李成智",1110333,chess-results-spielersuche,https://s3.chess-results.com/tnr1110333.aspx?lan=1&art=9&snr=4,SpielerSuche FIDE 8641552 tnr1110333 CJK name column
8641560,洪铭仁,,,"洪铭仁,|2026年中国国际象棋甲级联赛 百叶龙杯”常规赛第一站长兴专",1443995,chess-results-spielersuche,https://s3.chess-results.com/tnr1443995.aspx?lan=1&art=9&snr=95,SpielerSuche FIDE 8641560 tnr1443995 CJK name column
8641579,郭绮玥,,,"郭绮玥,|2024年全国国际象棋青少年锦标赛（个人）暨第29 届""李成",892944,chess-results-spielersuche,https://s3.chess-results.com/tnr892944.aspx?lan=1&art=9&snr=20,SpielerSuche FIDE 8641579 tnr892944 CJK name column
8641587,"陈韦铭,",,,"陈韦铭,|2023年全国国际象棋锦标赛(个人乙组)男子组",757168,chess-results-spielersuche,https://s3.chess-results.com/tnr757168.aspx?lan=1&art=9&snr=94,SpielerSuche FIDE 8641587 tnr757168 CJK name column
8641595,"乌斯嘎拉,",,,"乌斯嘎拉,|2025年全国国际象棋锦标赛（团体）女子组",1163657,chess-results-spielersuche,https://s3.chess-results.com/tnr1163657.aspx?lan=1&art=9&snr=12,SpielerSuche FIDE 8641595 tnr1163657 CJK name column
8641609,"孙伯闻,",,,"孙伯闻,|2022年全国国际象棋锦标赛（个人乙组）男子组",724039,chess-results-spielersuche,https://s3.chess-results.com/tnr724039.aspx?lan=1&art=9&snr=154,SpielerSuche FIDE 8641609 tnr724039 CJK name column
8641617,肖宸钰,,"Xiao, Chenyu",2026年中俄体育交流周国际象棋青少年团体赛,1415897,chess-results-spielersuche,https://s3.chess-results.com/tnr1415897.aspx?lan=1&art=9&snr=11,SpielerSuche FIDE 8641617 tnr1415897 CJK name column
8641625,"敖日格勒,",,,"敖日格勒,|第十五届全国运动会群众比赛国际象棋项目预赛混合团体业余组",1184153,chess-results-spielersuche,https://s3.chess-results.com/tnr1184153.aspx?lan=1&art=9&snr=7,SpielerSuche FIDE 8641625 tnr1184153 CJK name column
8641633,"高振皓,",,,"高振皓,|2023年全国国际象棋锦标赛(个人乙组)男子组",757168,chess-results-spielersuche,https://s3.chess-results.com/tnr757168.aspx?lan=1&art=9&snr=104,SpielerSuche FIDE 8641633 tnr757168 CJK name column
8641641,吴兆涵,,,"吴兆涵,|2025年全国国际象棋成人业余棋王挑战赛总决赛",1303568,chess-results-spielersuche,https://s3.chess-results.com/tnr1303568.aspx?lan=1&art=9&snr=48,SpielerSuche FIDE 8641641 tnr1303568 CJK name column
8641650,吴怡涵,,,"吴怡涵,|2025年全国国际象棋青少年锦标赛（个人）暨第30届“李成智",1111362,chess-results-spielersuche,https://s3.chess-results.com/tnr1111362.aspx?lan=1&art=9&snr=24,SpielerSuche FIDE 8641650 tnr1111362 CJK name column
8641668,余释,,,"余释,|2025年全国国际象棋公开赛（苏州站）",1250403,chess-results-spielersuche,https://s3.chess-results.com/tnr1250403.aspx?lan=1&art=9&snr=7,SpielerSuche FIDE 8641668 tnr1250403 CJK name column
8641676,杨舒繁,,,"杨舒繁,|第十五届全国运动会群众比赛国际象棋项目预赛混合团体公开组",1184152,chess-results-spielersuche,https://s3.chess-results.com/tnr1184152.aspx?lan=1&art=9&snr=16,SpielerSuche FIDE 8641676 tnr1184152 CJK name column
8641684,解思诚,,,"解思诚,|2024全国国际象棋青少年锦标赛（个人）暨第29届“李成智杯",892912,chess-results-spielersuche,https://s3.chess-results.com/tnr892912.aspx?lan=1&art=9&snr=44,SpielerSuche FIDE 8641684 tnr892912 CJK name column
8641692,车彦朔,,,"车彦朔,|2024全国国际象棋青少年锦标赛（个人）暨第29届“李成智杯",892911,chess-results-spielersuche,https://s3.chess-results.com/tnr892911.aspx?lan=1&art=9&snr=3,SpielerSuche FIDE 8641692 tnr892911 CJK name column
8641706,"郭钰,",,,"郭钰,|2022年全国国际象棋锦标赛（个人乙组）男子组",724039,chess-results-spielersuche,https://s3.chess-results.com/tnr724039.aspx?lan=1&art=9&snr=106,SpielerSuche FIDE 8641706 tnr724039 CJK name column
8641714,"朱柯瑾,",,,"朱柯瑾,|2022年全国国际象棋锦标赛（个人乙组）女子组",724041,chess-results-spielersuche,https://s3.chess-results.com/tnr724041.aspx?lan=1&art=9&snr=105,SpielerSuche FIDE 8641714 tnr724041 CJK name column
8641722,"伍思萌,",,,"伍思萌,|2022年全国国际象棋锦标赛（个人乙组）女子组",724041,chess-results-spielersuche,https://s3.chess-results.com/tnr724041.aspx?lan=1&art=9&snr=82,SpielerSuche FIDE 8641722 tnr724041 CJK name column
8641730,"贝尔,",,,"贝尔,|2023年全国国际象棋公开赛（呼和浩特站）",867741,chess-results-spielersuche,https://s3.chess-results.com/tnr867741.aspx?lan=1&art=9&snr=47,SpielerSuche FIDE 8641730 tnr867741 CJK name column
8641749,"乌日力格,",,,"乌日力格,|2022年全国国际象棋锦标赛（个人乙组）男子组",724039,chess-results-spielersuche,https://s3.chess-results.com/tnr724039.aspx?lan=1&art=9&snr=167,SpielerSuche FIDE 8641749 tnr724039 CJK name column
8641757,徐畅,,,"徐畅,|2026年中国国际象棋甲级联赛 百叶龙杯”常规赛第一站长兴专",1443995,chess-results-spielersuche,https://s3.chess-results.com/tnr1443995.aspx?lan=1&art=9&snr=41,SpielerSuche FIDE 8641757 tnr1443995 CJK name column
8641765,"王庶,",,,"王庶,|2022年全国国际象棋锦标赛（个人乙组）男子组",724039,chess-results-spielersuche,https://s3.chess-results.com/tnr724039.aspx?lan=1&art=9&snr=164,SpielerSuche FIDE 8641765 tnr724039 CJK name column
8641790,王涵辰,,,"王涵辰,|2025年全国国际象棋锦标赛（个人）女子组",1200590,chess-results-spielersuche,https://s3.chess-results.com/tnr1200590.aspx?lan=1&art=9&snr=28,SpielerSuche FIDE 8641790 tnr1200590 CJK name column
8641803,张歆雨,,,"张歆雨,|2024年全国国际象棋青少年锦标赛（个人）暨第29 届""李成",892944,chess-results-spielersuche,https://s3.chess-results.com/tnr892944.aspx?lan=1&art=9&snr=85,SpielerSuche FIDE 8641803 tnr892944 CJK name column
8641811,"张奕智,",,,"张奕智,|""瑞贝卡杯“2022 全国国际象棋锦标赛（团体）男子组",729712,chess-results-spielersuche,https://s3.chess-results.com/tnr729712.aspx?lan=1&art=9&snr=71,SpielerSuche FIDE 8641811 tnr729712 CJK name column
8641820,"林美伊,",,,"林美伊,|""瑞贝卡杯“2022 全国国际象棋锦标赛（团体）女子组",729716,chess-results-spielersuche,https://s3.chess-results.com/tnr729716.aspx?lan=1&art=9&snr=45,SpielerSuche FIDE 8641820 tnr729716 CJK name column
8641889,"辛佳怡,",,,"辛佳怡,|""瑞贝卡杯“2022 全国国际象棋锦标赛（团体）女子组",729716,chess-results-spielersuche,https://s3.chess-results.com/tnr729716.aspx?lan=1&art=9&snr=59,SpielerSuche FIDE 8641889 tnr729716 CJK name column
8641978,"张耀泽,",,,"张耀泽,|2025重庆“大融城杯”国际象棋公开赛公开组",1210592,chess-results-spielersuche,https://s3.chess-results.com/tnr1210592.aspx?lan=1&art=9&snr=20,SpielerSuche FIDE 8641978 tnr1210592 CJK name column
8642028,"戚天澍,",,,"戚天澍,|""瑞贝卡杯“2022 全国国际象棋锦标赛（团体）女子组",729716,chess-results-spielersuche,https://s3.chess-results.com/tnr729716.aspx?lan=1&art=9&snr=56,SpielerSuche FIDE 8642028 tnr729716 CJK name column
8642036,方奕雯,,,"方奕雯,|2025年全国国际象棋青少年锦标赛（个人）暨第30届“李成智",1111355,chess-results-spielersuche,https://s3.chess-results.com/tnr1111355.aspx?lan=1&art=9&snr=23,SpielerSuche FIDE 8642036 tnr1111355 CJK name column
8642044,吴斯年,,"Wu, Sinian",2026年全国国际象棋青少年锦标赛（个人）暨第31届“李成智,1335531,chess-results-spielersuche,https://s3.chess-results.com/tnr1335531.aspx?lan=1&art=9&snr=17,SpielerSuche FIDE 8642044 tnr1335531 CJK name column
8642176,刘昊洋,,"Liu, Haoyang(Gd)",2026年全国国际象棋青少年锦标赛（个人）暨第31届“李成智,1335510,chess-results-spielersuche,https://s3.chess-results.com/tnr1335510.aspx?lan=1&art=9&snr=5,SpielerSuche FIDE 8642176 tnr1335510 CJK name column
8642192,张天昆,,,"张天昆,|2025年中国国际象棋乙级联赛",1229905,chess-results-spielersuche,https://s3.chess-results.com/tnr1229905.aspx?lan=1&art=9&snr=55,SpielerSuche FIDE 8642192 tnr1229905 CJK name column
8642206,"邵页红,",,,"邵页红,|2023 年全国国际象棋锦标赛（个人乙组）女子组",757169,chess-results-spielersuche,https://s3.chess-results.com/tnr757169.aspx?lan=1&art=9&snr=83,SpielerSuche FIDE 8642206 tnr757169 CJK name column
8642214,顾毅,,,"顾毅,|2025年全国国际象棋锦标赛（个人）男子组",1200589,chess-results-spielersuche,https://s3.chess-results.com/tnr1200589.aspx?lan=1&art=9&snr=57,SpielerSuche FIDE 8642214 tnr1200589 CJK name column
8642230,"尤青熠,",,,"尤青熠,|第十五届全国运动会群众比赛国际象棋项目预赛男子个人公开组",1184154,chess-results-spielersuche,https://s3.chess-results.com/tnr1184154.aspx?lan=1&art=9&snr=16,SpielerSuche FIDE 8642230 tnr1184154 CJK name column
8642338,任子翼,,"Ren, Ziyi(SX)",2026年全国国际象棋青少年锦标赛（个人）暨第31届“李成智,1335529,chess-results-spielersuche,https://s3.chess-results.com/tnr1335529.aspx?lan=1&art=9&snr=101,SpielerSuche FIDE 8642338 tnr1335529 CJK name column
8642346,"王昊雨,",,,"王昊雨,|2024年全国国际象棋锦标赛（个人乙组）男子组",927196,chess-results-spielersuche,https://s3.chess-results.com/tnr927196.aspx?lan=1&art=9&snr=85,SpielerSuche FIDE 8642346 tnr927196 CJK name column
8642370,王梓涵,,,"王梓涵,|2025年全国国际象棋青少年锦标赛（个人）暨第30届“李成智",1111356,chess-results-spielersuche,https://s3.chess-results.com/tnr1111356.aspx?lan=1&art=9&snr=9,SpielerSuche FIDE 8642370 tnr1111356 CJK name column
8642389,"杨湘宁,",,,"杨湘宁,|2023年全国国际象棋青少年锦标赛(个人)暨第28届“李成智",798384,chess-results-spielersuche,https://s3.chess-results.com/tnr798384.aspx?lan=1&art=9&snr=60,SpielerSuche FIDE 8642389 tnr798384 CJK name column
8642397,康曦元,,,"康曦元,|2024年全国国际象棋青少年锦标赛（个人）暨第29 届""李成",892945,chess-results-spielersuche,https://s3.chess-results.com/tnr892945.aspx?lan=1&art=9&snr=21,SpielerSuche FIDE 8642397 tnr892945 CJK name column
8642400,林润初,,"Lin, Runchu",2026年中俄体育交流周国际象棋青少年团体赛,1415897,chess-results-spielersuche,https://s3.chess-results.com/tnr1415897.aspx?lan=1&art=9&snr=7,SpielerSuche FIDE 8642400 tnr1415897 CJK name column
8642419,"孙远航,",,,"孙远航,|2025年全国国际象棋成人业余棋王挑战赛总决赛",1303568,chess-results-spielersuche,https://s3.chess-results.com/tnr1303568.aspx?lan=1&art=9&snr=41,SpielerSuche FIDE 8642419 tnr1303568 CJK name column
8642435,"王德丽,",,,"王德丽,|2023年中国国际象棋乙级联赛",754014,chess-results-spielersuche,https://s3.chess-results.com/tnr754014.aspx?lan=1&art=9&snr=116,SpielerSuche FIDE 8642435 tnr754014 CJK name column
8642443,"徐亮亮,",,,"徐亮亮,|2023年中国国际象棋乙级联赛",754014,chess-results-spielersuche,https://s3.chess-results.com/tnr754014.aspx?lan=1&art=9&snr=114,SpielerSuche FIDE 8642443 tnr754014 CJK name column
8642451,"许沐之,",,,"许沐之,|2023年全国国际象棋锦标赛(个人乙组)男子组",757168,chess-results-spielersuche,https://s3.chess-results.com/tnr757168.aspx?lan=1&art=9&snr=144,SpielerSuche FIDE 8642451 tnr757168 CJK name column
8642460,许紫涵,,,"许紫涵,|2025年全国国际象棋青少年锦标赛(个人)暨第30届'李成智",1110338,chess-results-spielersuche,https://s3.chess-results.com/tnr1110338.aspx?lan=1&art=9&snr=70,SpielerSuche FIDE 8642460 tnr1110338 CJK name column
8642478,"刘栩希,",,,"刘栩希,|2023年中国国际象棋乙级联赛",754014,chess-results-spielersuche,https://s3.chess-results.com/tnr754014.aspx?lan=1&art=9&snr=118,SpielerSuche FIDE 8642478 tnr754014 CJK name column
8642486,"彭馨蕊,",,,"彭馨蕊,|2023年中国国际象棋乙级联赛",754014,chess-results-spielersuche,https://s3.chess-results.com/tnr754014.aspx?lan=1&art=9&snr=119,SpielerSuche FIDE 8642486 tnr754014 CJK name column
8642494,黄子奕,,,"黄子奕,|2025年全国国际象棋青少年锦标赛（个人）暨第30届“李成智",1111356,chess-results-spielersuche,https://s3.chess-results.com/tnr1111356.aspx?lan=1&art=9&snr=20,SpielerSuche FIDE 8642494 tnr1111356 CJK name column
8642508,黄小贺,,,"黄小贺,|第十五届全国运动会群众比赛国际象棋项目预赛混合团体公开组",1184152,chess-results-spielersuche,https://s3.chess-results.com/tnr1184152.aspx?lan=1&art=9&snr=36,SpielerSuche FIDE 8642508 tnr1184152 CJK name column
8642516,"郑依乐,",,,"郑依乐,|2023年中国国际象棋乙级联赛",754014,chess-results-spielersuche,https://s3.chess-results.com/tnr754014.aspx?lan=1&art=9&snr=122,SpielerSuche FIDE 8642516 tnr754014 CJK name column
8642524,柏礼,,,"柏礼,|2025年全国国际象棋青少年锦标赛（个人）暨第30届“李成智",1111361,chess-results-spielersuche,https://s3.chess-results.com/tnr1111361.aspx?lan=1&art=9&snr=28,SpielerSuche FIDE 8642524 tnr1111361 CJK name column
8642532,"徐沐菲,",,,"徐沐菲,|2023 年全国国际象棋锦标赛（个人乙组）女子组",757169,chess-results-spielersuche,https://s3.chess-results.com/tnr757169.aspx?lan=1&art=9&snr=99,SpielerSuche FIDE 8642532 tnr757169 CJK name column
8642540,郑晴予,,,"郑晴予,|2025年全国国际象棋青少年锦标赛（个人）暨第30届“李成智",1111356,chess-results-spielersuche,https://s3.chess-results.com/tnr1111356.aspx?lan=1&art=9&snr=6,SpielerSuche FIDE 8642540 tnr1111356 CJK name column
8642559,吴坤昱,,,"吴坤昱,|2025年全国国际象棋青少年锦标赛(个人)暨第30届'李成智",1110333,chess-results-spielersuche,https://s3.chess-results.com/tnr1110333.aspx?lan=1&art=9&snr=142,SpielerSuche FIDE 8642559 tnr1110333 CJK name column
8642567,栗鸿锦,,,"栗鸿锦,|2025年国家国际象棋二队（杭州）选拔赛男子组",1153141,chess-results-spielersuche,https://s3.chess-results.com/tnr1153141.aspx?lan=1&art=9&snr=23,SpielerSuche FIDE 8642567 tnr1153141 CJK name column
8642575,王继焱,,,"王继焱,|2025年中国国际象棋乙级联赛",1229905,chess-results-spielersuche,https://s3.chess-results.com/tnr1229905.aspx?lan=1&art=9&snr=95,SpielerSuche FIDE 8642575 tnr1229905 CJK name column
8642583,"朱俊霖,",,,"朱俊霖,|2023年中国国际象棋乙级联赛",754014,chess-results-spielersuche,https://s3.chess-results.com/tnr754014.aspx?lan=1&art=9&snr=133,SpielerSuche FIDE 8642583 tnr754014 CJK name column
8642591,"张珈齐,",,,"张珈齐,|2023年中国国际象棋乙级联赛",754014,chess-results-spielersuche,https://s3.chess-results.com/tnr754014.aspx?lan=1&art=9&snr=132,SpielerSuche FIDE 8642591 tnr754014 CJK name column
8642605,"杨漾,",,,"杨漾,|2023年中国国际象棋乙级联赛",754014,chess-results-spielersuche,https://s3.chess-results.com/tnr754014.aspx?lan=1&art=9&snr=136,SpielerSuche FIDE 8642605 tnr754014 CJK name column
8642613,"徐如一,",,,"徐如一,|2023年中国国际象棋乙级联赛",754014,chess-results-spielersuche,https://s3.chess-results.com/tnr754014.aspx?lan=1&art=9&snr=134,SpielerSuche FIDE 8642613 tnr754014 CJK name column
8642621,"徐如素,",,,"徐如素,|2023年中国国际象棋乙级联赛",754014,chess-results-spielersuche,https://s3.chess-results.com/tnr754014.aspx?lan=1&art=9&snr=135,SpielerSuche FIDE 8642621 tnr754014 CJK name column
8642630,何梓瑞,,,"何梓瑞,|2024全国国际象棋青少年锦标赛（个人）暨第29届“李成智杯",892911,chess-results-spielersuche,https://s3.chess-results.com/tnr892911.aspx?lan=1&art=9&snr=75,SpielerSuche FIDE 8642630 tnr892911 CJK name column
8642648,方辰羲,,,"方辰羲,|2025年全国国际象棋公开赛（苏州站）",1250403,chess-results-spielersuche,https://s3.chess-results.com/tnr1250403.aspx?lan=1&art=9&snr=27,SpielerSuche FIDE 8642648 tnr1250403 CJK name column
8642664,"赵尉彤,",,,"赵尉彤,|2023年中国国际象棋乙级联赛",754014,chess-results-spielersuche,https://s3.chess-results.com/tnr754014.aspx?lan=1&art=9&snr=130,SpielerSuche FIDE 8642664 tnr754014 CJK name column
8642672,"李倩,",,,"李倩,|第十五届全国运动会群众比赛国际象棋项目预赛女子个人业余组",1184157,chess-results-spielersuche,https://s3.chess-results.com/tnr1184157.aspx?lan=1&art=9&snr=21,SpielerSuche FIDE 8642672 tnr1184157 CJK name column
8642680,方泽龙,,,"方泽龙,|2025年全国国际象棋锦标赛（团体）男子组",1163659,chess-results-spielersuche,https://s3.chess-results.com/tnr1163659.aspx?lan=1&art=9&snr=37,SpielerSuche FIDE 8642680 tnr1163659 CJK name column
8642699,"刘俊毅,",,,"刘俊毅,|2025年全国国际象棋成人业余棋王挑战赛总决赛",1303568,chess-results-spielersuche,https://s3.chess-results.com/tnr1303568.aspx?lan=1&art=9&snr=46,SpielerSuche FIDE 8642699 tnr1303568 CJK name column
8642702,王宝琪,,,"王宝琪,|2024年中国国际象棋乙级联赛",984568,chess-results-spielersuche,https://s3.chess-results.com/tnr984568.aspx?lan=1&art=9&snr=127,SpielerSuche FIDE 8642702 tnr984568 CJK name column
8642729,张洛菲,,,"张洛菲,|2025年全国国际象棋公开赛（聊城站）",1200704,chess-results-spielersuche,https://s3.chess-results.com/tnr1200704.aspx?lan=1&art=9&snr=93,SpielerSuche FIDE 8642729 tnr1200704 CJK name column
8642737,"刘微波,",,,"刘微波,|2023年全国国际象棋锦标赛(个人乙组)男子组",757168,chess-results-spielersuche,https://s3.chess-results.com/tnr757168.aspx?lan=1&art=9&snr=114,SpielerSuche FIDE 8642737 tnr757168 CJK name column
8642745,"王渔涛,",,,"王渔涛,|2026第一届“和平杯”国际象棋公开赛",1379421,chess-results-spielersuche,https://s3.chess-results.com/tnr1379421.aspx?lan=1&art=9&snr=21,SpielerSuche FIDE 8642745 tnr1379421 CJK name column
8642753,谢文喆,,,"谢文喆,|2025年全国国际象棋青少年锦标赛（个人）暨第30届“李成智",1111363,chess-results-spielersuche,https://s3.chess-results.com/tnr1111363.aspx?lan=1&art=9&snr=35,SpielerSuche FIDE 8642753 tnr1111363 CJK name column
8642761,"徐恺琦,",,,"徐恺琦,|2023年全国国际象棋锦标赛(个人乙组)男子组",757168,chess-results-spielersuche,https://s3.chess-results.com/tnr757168.aspx?lan=1&art=9&snr=143,SpielerSuche FIDE 8642761 tnr757168 CJK name column
8642770,"修扬,",,,"修扬,|2025年全国国际象棋成人业余棋王挑战赛总决赛",1303568,chess-results-spielersuche,https://s3.chess-results.com/tnr1303568.aspx?lan=1&art=9&snr=36,SpielerSuche FIDE 8642770 tnr1303568 CJK name column
8642788,"谢牧心,",,,"谢牧心,|2023 年全国国际象棋锦标赛（个人乙组）女子组",757169,chess-results-spielersuche,https://s3.chess-results.com/tnr757169.aspx?lan=1&art=9&snr=97,SpielerSuche FIDE 8642788 tnr757169 CJK name column
8642796,王相益,,,"王相益,|2025年全国国际象棋青少年锦标赛（个人）暨第30届“李成智",1111356,chess-results-spielersuche,https://s3.chess-results.com/tnr1111356.aspx?lan=1&art=9&snr=11,SpielerSuche FIDE 8642796 tnr1111356 CJK name column
8642800,"王韬荣,",,,"王韬荣,|2023年全国国际象棋锦标赛(个人乙组)男子组",757168,chess-results-spielersuche,https://s3.chess-results.com/tnr757168.aspx?lan=1&art=9&snr=134,SpielerSuche FIDE 8642800 tnr757168 CJK name column
8642818,"李昊原,",,,"李昊原,|2023年全国国际象棋锦标赛(个人乙组)男子组",757168,chess-results-spielersuche,https://s3.chess-results.com/tnr757168.aspx?lan=1&art=9&snr=109,SpielerSuche FIDE 8642818 tnr757168 CJK name column
8642850,"陈春,",,,"陈春,|2023年全国国际象棋锦标赛(个人乙组)男子组",757168,chess-results-spielersuche,https://s3.chess-results.com/tnr757168.aspx?lan=1&art=9&snr=91,SpielerSuche FIDE 8642850 tnr757168 CJK name column
8642869,程子寒,,,"程子寒,|2025年全国国际象棋青少年锦标赛（个人）暨第30届“李成智",1111361,chess-results-spielersuche,https://s3.chess-results.com/tnr1111361.aspx?lan=1&art=9&snr=13,SpielerSuche FIDE 8642869 tnr1111361 CJK name column
8642877,"叶力畔·阿力肯,",,,"叶力畔·阿力肯,|2023年全国国际象棋锦标赛(个人乙组)男子组",757168,chess-results-spielersuche,https://s3.chess-results.com/tnr757168.aspx?lan=1&art=9&snr=154,SpielerSuche FIDE 8642877 tnr757168 CJK name column
8642885,周尘,,,"周尘,|2025年全国国际象棋青少年锦标赛（个人）暨第30届“李成智",1111363,chess-results-spielersuche,https://s3.chess-results.com/tnr1111363.aspx?lan=1&art=9&snr=21,SpielerSuche FIDE 8642885 tnr1111363 CJK name column
8642893,宋沁昕,,,"宋沁昕,|2024年全国国际象棋青少年锦标赛（个人）暨第29 届""李成",892944,chess-results-spielersuche,https://s3.chess-results.com/tnr892944.aspx?lan=1&art=9&snr=24,SpielerSuche FIDE 8642893 tnr892944 CJK name column
8642907,王子豪,,,"王子豪,|2025年全国国际象棋青少年锦标赛（个人）暨第30届“李成智",1111362,chess-results-spielersuche,https://s3.chess-results.com/tnr1111362.aspx?lan=1&art=9&snr=35,SpielerSuche FIDE 8642907 tnr1111362 CJK name column
8642915,周李谦,,,"周李谦,|2025年全国国际象棋青少年锦标赛（个人）暨第30届“李成智",1111362,chess-results-spielersuche,https://s3.chess-results.com/tnr1111362.aspx?lan=1&art=9&snr=21,SpielerSuche FIDE 8642915 tnr1111362 CJK name column
8642923,"李冉,",,,"李冉,|第十五届全国运动会群众比赛国际象棋项目决赛女子个人业余组循环",1245064,chess-results-spielersuche,https://s3.chess-results.com/tnr1245064.aspx?lan=1&art=9&snr=1,SpielerSuche FIDE 8642923 tnr1245064 CJK name column
8642940,张敬依,,,"张敬依,|2024年全国国际象棋青少年锦标赛（个人）暨第29 届""李成",892944,chess-results-spielersuche,https://s3.chess-results.com/tnr892944.aspx?lan=1&art=9&snr=29,SpielerSuche FIDE 8642940 tnr892944 CJK name column
8642958,王心妍,,,"王心妍,|2024年全国国际象棋青少年锦标赛（个人）暨第29 届""李成",892944,chess-results-spielersuche,https://s3.chess-results.com/tnr892944.aspx?lan=1&art=9&snr=68,SpielerSuche FIDE 8642958 tnr892944 CJK name column
8642966,"许锡斌,",,,"许锡斌,|2023年全国国际象棋锦标赛(个人乙组)男子组",757168,chess-results-spielersuche,https://s3.chess-results.com/tnr757168.aspx?lan=1&art=9&snr=147,SpielerSuche FIDE 8642966 tnr757168 CJK name column
8642974,"傅吟逍,",,,"傅吟逍,|2023年全国国际象棋锦标赛(个人乙组)男子组",757168,chess-results-spielersuche,https://s3.chess-results.com/tnr757168.aspx?lan=1&art=9&snr=103,SpielerSuche FIDE 8642974 tnr757168 CJK name column
8642982,"丘炜琳,",,,"丘炜琳,|2023年全国国际象棋锦标赛(个人乙组)男子组",757168,chess-results-spielersuche,https://s3.chess-results.com/tnr757168.aspx?lan=1&art=9&snr=123,SpielerSuche FIDE 8642982 tnr757168 CJK name column
8642990,"余梓涵,",,,"余梓涵,|2023 年全国国际象棋锦标赛（个人乙组）女子组",757169,chess-results-spielersuche,https://s3.chess-results.com/tnr757169.aspx?lan=1&art=9&snr=103,SpielerSuche FIDE 8642990 tnr757169 CJK name column
8643008,张先泽,,,"张先泽,|2025年全国国际象棋青少年锦标赛（个人）暨第30届“李成智",1111363,chess-results-spielersuche,https://s3.chess-results.com/tnr1111363.aspx?lan=1&art=9&snr=49,SpielerSuche FIDE 8643008 tnr1111363 CJK name column
8643016,张凯文,,,"张凯文,|2025年全国国际象棋青少年锦标赛（个人）暨第30届“李成智",1111362,chess-results-spielersuche,https://s3.chess-results.com/tnr1111362.aspx?lan=1&art=9&snr=25,SpielerSuche FIDE 8643016 tnr1111362 CJK name column
8643024,"李印,",,,"李印,|2023 年全国国际象棋锦标赛（个人乙组）女子组",757169,chess-results-spielersuche,https://s3.chess-results.com/tnr757169.aspx?lan=1&art=9&snr=72,SpielerSuche FIDE 8643024 tnr757169 CJK name column
8643032,樊羽潘,,,"樊羽潘,|2025年全国国际象棋公开赛（聊城站）",1200704,chess-results-spielersuche,https://s3.chess-results.com/tnr1200704.aspx?lan=1&art=9&snr=87,SpielerSuche FIDE 8643032 tnr1200704 CJK name column
8643040,"秦雅弗,",,,"秦雅弗,|2023年全国国际象棋锦标赛(个人乙组)男子组",757168,chess-results-spielersuche,https://s3.chess-results.com/tnr757168.aspx?lan=1&art=9&snr=122,SpielerSuche FIDE 8643040 tnr757168 CJK name column
8643059,"余之阳,",,,"余之阳,|2023年全国国际象棋锦标赛(个人乙组)男子组",757168,chess-results-spielersuche,https://s3.chess-results.com/tnr757168.aspx?lan=1&art=9&snr=159,SpielerSuche FIDE 8643059 tnr757168 CJK name column
8643067,李晗钰,,,"李晗钰,|2024年全国国际象棋锦标赛（个人乙组）女子组",927195,chess-results-spielersuche,https://s3.chess-results.com/tnr927195.aspx?lan=1&art=9&snr=62,SpielerSuche FIDE 8643067 tnr927195 CJK name column
8643075,吴雨霏,,,"吴雨霏,|2024年全国国际象棋青少年锦标赛（个人）暨第29 届""李成",892943,chess-results-spielersuche,https://s3.chess-results.com/tnr892943.aspx?lan=1&art=9&snr=12,SpielerSuche FIDE 8643075 tnr892943 CJK name column
8643083,"许泽宸,",,,"许泽宸,|2023年全国国际象棋锦标赛(个人乙组)男子组",757168,chess-results-spielersuche,https://s3.chess-results.com/tnr757168.aspx?lan=1&art=9&snr=149,SpielerSuche FIDE 8643083 tnr757168 CJK name column
8643091,"王孝锐,",,,"王孝锐,|第十五届全国运动会群众比赛国际象棋项目预赛男子个人业余组",1184155,chess-results-spielersuche,https://s3.chess-results.com/tnr1184155.aspx?lan=1&art=9&snr=15,SpielerSuche FIDE 8643091 tnr1184155 CJK name column
8643113,曲曼辰,,,"曲曼辰,|2025年全国国际象棋青少年锦标赛（个人）暨第30届“李成智",1111355,chess-results-spielersuche,https://s3.chess-results.com/tnr1111355.aspx?lan=1&art=9&snr=19,SpielerSuche FIDE 8643113 tnr1111355 CJK name column
8643121,"彭小,",,,"彭小,|2023年全国国际象棋锦标赛(个人乙组)男子组",757168,chess-results-spielersuche,https://s3.chess-results.com/tnr757168.aspx?lan=1&art=9&snr=121,SpielerSuche FIDE 8643121 tnr757168 CJK name column
8643130,"彭筱露,",,,"彭筱露,|2023 年全国国际象棋锦标赛（个人乙组）女子组",757169,chess-results-spielersuche,https://s3.chess-results.com/tnr757169.aspx?lan=1&art=9&snr=80,SpielerSuche FIDE 8643130 tnr757169 CJK name column
8643156,"曾欣怡,",,,"曾欣怡,|2023 年全国国际象棋锦标赛（个人乙组）女子组",757169,chess-results-spielersuche,https://s3.chess-results.com/tnr757169.aspx?lan=1&art=9&snr=104,SpielerSuche FIDE 8643156 tnr757169 CJK name column
8643164,罗逸宸,,,"罗逸宸,|【北京】第二届和平杯国际象棋公开赛",1405363,chess-results-spielersuche,https://s3.chess-results.com/tnr1405363.aspx?lan=1&art=9&snr=18,SpielerSuche FIDE 8643164 tnr1405363 CJK name column
8643172,张浩煊,,,"张浩煊,|2025年全国国际象棋青少年锦标赛（个人）暨第30届“李成智",1111361,chess-results-spielersuche,https://s3.chess-results.com/tnr1111361.aspx?lan=1&art=9&snr=10,SpielerSuche FIDE 8643172 tnr1111361 CJK name column
8643180,"于庆海,",,,"于庆海,|2023年全国国际象棋锦标赛(个人乙组)男子组",757168,chess-results-spielersuche,https://s3.chess-results.com/tnr757168.aspx?lan=1&art=9&snr=157,SpielerSuche FIDE 8643180 tnr757168 CJK name column
8643199,2026年中俄体育交流周国际象棋青少年团体赛,,"Pei, Mengen",2026年中俄体育交流周国际象棋青少年团体赛,1415897,chess-results-spielersuche,https://s3.chess-results.com/tnr1415897.aspx?lan=1&art=9&snr=30,SpielerSuche FIDE 8643199 tnr1415897 CJK name column
8643202,司马岐桢,,,"司马岐桢,|2025年全国国际象棋青少年锦标赛(个人)暨第30届'李成智",1110333,chess-results-spielersuche,https://s3.chess-results.com/tnr1110333.aspx?lan=1&art=9&snr=36,SpielerSuche FIDE 8643202 tnr1110333 CJK name column
8643210,"陈天嘉,",,,"陈天嘉,|2023年全国国际象棋锦标赛(个人乙组)男子组",757168,chess-results-spielersuche,https://s3.chess-results.com/tnr757168.aspx?lan=1&art=9&snr=93,SpielerSuche FIDE 8643210 tnr757168 CJK name column
8643229,刘靖榆,,,"刘靖榆,|2025年全国国际象棋公开赛（苏州站）",1250403,chess-results-spielersuche,https://s3.chess-results.com/tnr1250403.aspx?lan=1&art=9&snr=62,SpielerSuche FIDE 8643229 tnr1250403 CJK name column
8643237,熊香茗,,,"熊香茗,|2024年全国国际象棋青少年锦标赛（个人）暨第29 届""李成",892944,chess-results-spielersuche,https://s3.chess-results.com/tnr892944.aspx?lan=1&art=9&snr=21,SpielerSuche FIDE 8643237 tnr892944 CJK name column
8643245,"张晨曦,",,,"张晨曦,|2023年全国国际象棋锦标赛(个人乙组)男子组",757168,chess-results-spielersuche,https://s3.chess-results.com/tnr757168.aspx?lan=1&art=9&snr=160,SpielerSuche FIDE 8643245 tnr757168 CJK name column
8643253,王静安,,,"王静安,|2025年全国国际象棋青少年锦标赛（个人）暨第30届“李成智",1111363,chess-results-spielersuche,https://s3.chess-results.com/tnr1111363.aspx?lan=1&art=9&snr=18,SpielerSuche FIDE 8643253 tnr1111363 CJK name column
8643261,"莫祥艺,",,,"莫祥艺,|2023年全国国际象棋锦标赛(团体)男子组",765929,chess-results-spielersuche,https://s3.chess-results.com/tnr765929.aspx?lan=1&art=9&snr=76,SpielerSuche FIDE 8643261 tnr765929 CJK name column
8643270,吕昊青,,,"吕昊青,|2024全国国际象棋青少年锦标赛（个人）暨第29届“李成智杯",892912,chess-results-spielersuche,https://s3.chess-results.com/tnr892912.aspx?lan=1&art=9&snr=126,SpielerSuche FIDE 8643270 tnr892912 CJK name column
8643288,"郑茹源,",,,"郑茹源,|2023 年全国国际象棋锦标赛（个人乙组）女子组",757169,chess-results-spielersuche,https://s3.chess-results.com/tnr757169.aspx?lan=1&art=9&snr=110,SpielerSuche FIDE 8643288 tnr757169 CJK name column
8643296,余青杨,,,"余青杨,|2024年全国国际象棋青少年锦标赛（个人）暨第29 届""李成",892943,chess-results-spielersuche,https://s3.chess-results.com/tnr892943.aspx?lan=1&art=9&snr=27,SpielerSuche FIDE 8643296 tnr892943 CJK name column
8643300,许婷惠,,,"许婷惠,|2025年全国国际象棋青少年锦标赛（个人）暨第30届“李成智",1111357,chess-results-spielersuche,https://s3.chess-results.com/tnr1111357.aspx?lan=1&art=9&snr=19,SpielerSuche FIDE 8643300 tnr1111357 CJK name column
8643318,"徐巍,",,,"徐巍,|2024年全国国际象棋锦标赛（个人乙组）男子组",927196,chess-results-spielersuche,https://s3.chess-results.com/tnr927196.aspx?lan=1&art=9&snr=18,SpielerSuche FIDE 8643318 tnr927196 CJK name column
8643326,王书卿,,,"王书卿,|2024年全国国际象棋青少年锦标赛（个人）暨第29 届""李成",892945,chess-results-spielersuche,https://s3.chess-results.com/tnr892945.aspx?lan=1&art=9&snr=14,SpielerSuche FIDE 8643326 tnr892945 CJK name column
8643334,宋天睿,,,"宋天睿,|2024年中国国际象棋国家队二队选拔赛(杭州训练基地)男子组",930454,chess-results-spielersuche,https://s3.chess-results.com/tnr930454.aspx?lan=1&art=9&snr=12,SpielerSuche FIDE 8643334 tnr930454 CJK name column
8643350,季悦然,,,"季悦然,|2024年全国国际象棋锦标赛（个人乙组）女子组",927195,chess-results-spielersuche,https://s3.chess-results.com/tnr927195.aspx?lan=1&art=9&snr=39,SpielerSuche FIDE 8643350 tnr927195 CJK name column
8643369,"何逸豪,",,,"何逸豪,|2023年全国国际象棋锦标赛(个人乙组)男子组",757168,chess-results-spielersuche,https://s3.chess-results.com/tnr757168.aspx?lan=1&art=9&snr=107,SpielerSuche FIDE 8643369 tnr757168 CJK name column
8643377,丁天一,,,"丁天一,|2025年全国国际象棋青少年锦标赛（个人）暨第30届“李成智",1111357,chess-results-spielersuche,https://s3.chess-results.com/tnr1111357.aspx?lan=1&art=9&snr=10,SpielerSuche FIDE 8643377 tnr1111357 CJK name column
8643385,孙逸轩,,,"孙逸轩,|2024全国国际象棋青少年锦标赛（个人）暨第29届“李成智杯",892911,chess-results-spielersuche,https://s3.chess-results.com/tnr892911.aspx?lan=1&art=9&snr=76,SpielerSuche FIDE 8643385 tnr892911 CJK name column
8643393,徐天奇,,,"徐天奇,|2024年全国国际象棋锦标赛（个人乙组）男子组",927196,chess-results-spielersuche,https://s3.chess-results.com/tnr927196.aspx?lan=1&art=9&snr=96,SpielerSuche FIDE 8643393 tnr927196 CJK name column
8643407,赵泽阳,,,"赵泽阳,|2024全国国际象棋青少年锦标赛（个人）暨第29届“李成智杯",892911,chess-results-spielersuche,https://s3.chess-results.com/tnr892911.aspx?lan=1&art=9&snr=60,SpielerSuche FIDE 8643407 tnr892911 CJK name column
8643415,"朱影,",,,"朱影,|2023 年全国国际象棋锦标赛（个人乙组）女子组",757169,chess-results-spielersuche,https://s3.chess-results.com/tnr757169.aspx?lan=1&art=9&snr=111,SpielerSuche FIDE 8643415 tnr757169 CJK name column
8643423,"殷笑儒,",,,"殷笑儒,|2023年全国国际象棋锦标赛(个人乙组)男子组",757168,chess-results-spielersuche,https://s3.chess-results.com/tnr757168.aspx?lan=1&art=9&snr=155,SpielerSuche FIDE 8643423 tnr757168 CJK name column
8643431,"张耀辉,",,,"张耀辉,|2023年全国国际象棋锦标赛(个人乙组)男子组",757168,chess-results-spielersuche,https://s3.chess-results.com/tnr757168.aspx?lan=1&art=9&snr=165,SpielerSuche FIDE 8643431 tnr757168 CJK name column
8643440,"冯建勋,",,,"冯建勋,|2025年全国国际象棋棋协大师赛（绍兴站）棋协大师组",1214030,chess-results-spielersuche,https://s3.chess-results.com/tnr1214030.aspx?lan=1&art=9&snr=8,SpielerSuche FIDE 8643440 tnr1214030 CJK name column
8643458,王迦淇,,,"王迦淇,|2024全国国际象棋青少年锦标赛（个人）暨第29届“李成智杯",892911,chess-results-spielersuche,https://s3.chess-results.com/tnr892911.aspx?lan=1&art=9&snr=70,SpielerSuche FIDE 8643458 tnr892911 CJK name column
8643466,于书畅,,,"于书畅,|2025年全国国际象棋青少年锦标赛（个人）暨第30届“李成智",1111356,chess-results-spielersuche,https://s3.chess-results.com/tnr1111356.aspx?lan=1&art=9&snr=21,SpielerSuche FIDE 8643466 tnr1111356 CJK name column
8643474,"徐一帆,",,,"徐一帆,|2023年全国国际象棋锦标赛(个人乙组)男子组",757168,chess-results-spielersuche,https://s3.chess-results.com/tnr757168.aspx?lan=1&art=9&snr=148,SpielerSuche FIDE 8643474 tnr757168 CJK name column
8643482,程功仆,,,"程功仆,|2026年中国国际象棋甲级联赛 百叶龙杯”常规赛第一站长兴专",1443995,chess-results-spielersuche,https://s3.chess-results.com/tnr1443995.aspx?lan=1&art=9&snr=100,SpielerSuche FIDE 8643482 tnr1443995 CJK name column
8643490,张懿轩,,,"张懿轩,|2024全国国际象棋青少年锦标赛（个人）暨第29届“李成智杯",892912,chess-results-spielersuche,https://s3.chess-results.com/tnr892912.aspx?lan=1&art=9&snr=203,SpielerSuche FIDE 8643490 tnr892912 CJK name column
8669384,张水天,,,"张水天,|2025年全国国际象棋青少年锦标赛(个人)暨第30届'李成智",1110336,chess-results-spielersuche,https://s3.chess-results.com/tnr1110336.aspx?lan=1&art=9&snr=230,SpielerSuche FIDE 8669384 tnr1110336 CJK name column
8669392,何超逸,,"He, Chaoyi",2026年全国国际象棋青少年锦标赛（个人）暨第31届“李成智,1335529,chess-results-spielersuche,https://s3.chess-results.com/tnr1335529.aspx?lan=1&art=9&snr=15,SpielerSuche FIDE 8669392 tnr1335529 CJK name column
8669406,贺宙泽,,,"贺宙泽,|2025年全国国际象棋青少年锦标赛(个人)暨第30届'李成智",1110336,chess-results-spielersuche,https://s3.chess-results.com/tnr1110336.aspx?lan=1&art=9&snr=72,SpielerSuche FIDE 8669406 tnr1110336 CJK name column
8669414,胡梓浚,,,"胡梓浚,|2025年全国国际象棋青少年锦标赛(个人)暨第30届'李成智",1110336,chess-results-spielersuche,https://s3.chess-results.com/tnr1110336.aspx?lan=1&art=9&snr=78,SpielerSuche FIDE 8669414 tnr1110336 CJK name column
8669422,黄柏明,,,"黄柏明,|2025年全国国际象棋青少年锦标赛(个人)暨第30届'李成智",1110336,chess-results-spielersuche,https://s3.chess-results.com/tnr1110336.aspx?lan=1&art=9&snr=79,SpielerSuche FIDE 8669422 tnr1110336 CJK name column
8669430,黄蕴之,,,"黄蕴之,|2025年全国国际象棋青少年锦标赛(个人)暨第30届'李成智",1110336,chess-results-spielersuche,https://s3.chess-results.com/tnr1110336.aspx?lan=1&art=9&snr=82,SpielerSuche FIDE 8669430 tnr1110336 CJK name column
8669449,黄子进,,,"黄子进,|2025年全国国际象棋青少年锦标赛(个人)暨第30届'李成智",1110336,chess-results-spielersuche,https://s3.chess-results.com/tnr1110336.aspx?lan=1&art=9&snr=83,SpielerSuche FIDE 8669449 tnr1110336 CJK name column
8669457,黄梓睿,,"Huang, Zirui",2026年全国国际象棋青少年锦标赛（个人）暨第31届“李成智,1335515,chess-results-spielersuche,https://s3.chess-results.com/tnr1335515.aspx?lan=1&art=9&snr=108,SpielerSuche FIDE 8669457 tnr1335515 CJK name column
8669465,姜羽,,"Jiang, Yu",2026年全国国际象棋青少年锦标赛（个人）暨第31届“李成智,1335515,chess-results-spielersuche,https://s3.chess-results.com/tnr1335515.aspx?lan=1&art=9&snr=55,SpielerSuche FIDE 8669465 tnr1335515 CJK name column
8669473,蒋承瑜,,,"蒋承瑜,|2025年全国国际象棋青少年锦标赛(个人)暨第30届'李成智",1110336,chess-results-spielersuche,https://s3.chess-results.com/tnr1110336.aspx?lan=1&art=9&snr=85,SpielerSuche FIDE 8669473 tnr1110336 CJK name column
8669481,蒋佳霖,,,"蒋佳霖,|2025年全国国际象棋青少年锦标赛(个人)暨第30届'李成智",1110336,chess-results-spielersuche,https://s3.chess-results.com/tnr1110336.aspx?lan=1&art=9&snr=86,SpielerSuche FIDE 8669481 tnr1110336 CJK name column
8669490,冷芃飞,,,"冷芃飞,|2025年全国国际象棋青少年锦标赛(个人)暨第30届'李成智",1110336,chess-results-spielersuche,https://s3.chess-results.com/tnr1110336.aspx?lan=1&art=9&snr=97,SpielerSuche FIDE 8669490 tnr1110336 CJK name column
8669503,李昶宏,,"Li, Changhong",2026年全国国际象棋青少年锦标赛（个人）暨第31届“李成智,1335529,chess-results-spielersuche,https://s3.chess-results.com/tnr1335529.aspx?lan=1&art=9&snr=71,SpielerSuche FIDE 8669503 tnr1335529 CJK name column
8669511,李承悦,,"Li, Chengyue",2026年全国国际象棋青少年锦标赛（个人）暨第31届“李成智,1335529,chess-results-spielersuche,https://s3.chess-results.com/tnr1335529.aspx?lan=1&art=9&snr=17,SpielerSuche FIDE 8669511 tnr1335529 CJK name column
8669520,李一劢,,"Li, Yimai",2026年全国国际象棋青少年锦标赛（个人）暨第31届“李成智,1335515,chess-results-spielersuche,https://s3.chess-results.com/tnr1335515.aspx?lan=1&art=9&snr=129,SpielerSuche FIDE 8669520 tnr1335515 CJK name column
8669538,梁兴宇,,,"梁兴宇,|2025重庆“大融城杯”国际象棋公开赛公开组",1210592,chess-results-spielersuche,https://s3.chess-results.com/tnr1210592.aspx?lan=1&art=9&snr=18,SpielerSuche FIDE 8669538 tnr1210592 CJK name column
8669546,梁蕴韬,,,"梁蕴韬,|2025年全国国际象棋青少年锦标赛(个人)暨第30届'李成智",1110336,chess-results-spielersuche,https://s3.chess-results.com/tnr1110336.aspx?lan=1&art=9&snr=114,SpielerSuche FIDE 8669546 tnr1110336 CJK name column
8669554,廖品皓,,,"廖品皓,|2025年全国国际象棋青少年锦标赛(个人)暨第30届'李成智",1110336,chess-results-spielersuche,https://s3.chess-results.com/tnr1110336.aspx?lan=1&art=9&snr=116,SpielerSuche FIDE 8669554 tnr1110336 CJK name column
8669562,廖泊霖,,,"廖泊霖,|2025年全国国际象棋青少年锦标赛(个人)暨第30届'李成智",1110336,chess-results-spielersuche,https://s3.chess-results.com/tnr1110336.aspx?lan=1&art=9&snr=115,SpielerSuche FIDE 8669562 tnr1110336 CJK name column
8669570,林晨,,,"林晨,|2025年全国国际象棋青少年锦标赛(个人)暨第30届'李成智",1110336,chess-results-spielersuche,https://s3.chess-results.com/tnr1110336.aspx?lan=1&art=9&snr=118,SpielerSuche FIDE 8669570 tnr1110336 CJK name column
8669589,刘恒铄,,,"刘恒铄,|2025年全国国际象棋青少年锦标赛(个人)暨第30届'李成智",1110336,chess-results-spielersuche,https://s3.chess-results.com/tnr1110336.aspx?lan=1&art=9&snr=121,SpielerSuche FIDE 8669589 tnr1110336 CJK name column
8669597,刘峻铉,,,"刘峻铉,|2025年全国国际象棋青少年锦标赛(个人)暨第30届'李成智",1110336,chess-results-spielersuche,https://s3.chess-results.com/tnr1110336.aspx?lan=1&art=9&snr=123,SpielerSuche FIDE 8669597 tnr1110336 CJK name column
8669600,刘宇宸,,,"刘宇宸,|2025年全国国际象棋青少年锦标赛(个人)暨第30届'李成智",1110336,chess-results-spielersuche,https://s3.chess-results.com/tnr1110336.aspx?lan=1&art=9&snr=126,SpielerSuche FIDE 8669600 tnr1110336 CJK name column
8669619,刘昱辰,,,"刘昱辰,|2025年全国国际象棋青少年锦标赛(个人)暨第30届'李成智",1110336,chess-results-spielersuche,https://s3.chess-results.com/tnr1110336.aspx?lan=1&art=9&snr=127,SpielerSuche FIDE 8669619 tnr1110336 CJK name column
8669627,刘耘瑄,,,"刘耘瑄,|2025年全国国际象棋青少年锦标赛(个人)暨第30届'李成智",1110336,chess-results-spielersuche,https://s3.chess-results.com/tnr1110336.aspx?lan=1&art=9&snr=128,SpielerSuche FIDE 8669627 tnr1110336 CJK name column
8669635,龙泽函,,,"龙泽函,|2025年全国国际象棋青少年锦标赛(个人)暨第30届'李成智",1110336,chess-results-spielersuche,https://s3.chess-results.com/tnr1110336.aspx?lan=1&art=9&snr=133,SpielerSuche FIDE 8669635 tnr1110336 CJK name column
8669643,陆修远,,,"陆修远,|2025年全国国际象棋青少年锦标赛(个人)暨第30届'李成智",1110336,chess-results-spielersuche,https://s3.chess-results.com/tnr1110336.aspx?lan=1&art=9&snr=135,SpielerSuche FIDE 8669643 tnr1110336 CJK name column
8669651,马佳宇,,"Ma, Jiayu",2026年全国国际象棋青少年锦标赛（个人）暨第31届“李成智,1335515,chess-results-spielersuche,https://s3.chess-results.com/tnr1335515.aspx?lan=1&art=9&snr=149,SpielerSuche FIDE 8669651 tnr1335515 CJK name column
8669660,毛宇驰,,,"毛宇驰,|2025年全国国际象棋青少年锦标赛(个人)暨第30届'李成智",1110336,chess-results-spielersuche,https://s3.chess-results.com/tnr1110336.aspx?lan=1&art=9&snr=141,SpielerSuche FIDE 8669660 tnr1110336 CJK name column
8669678,毛宇翔,,"Mao, Yuxiang",2026年全国国际象棋青少年锦标赛（个人）暨第31届“李成智,1335529,chess-results-spielersuche,https://s3.chess-results.com/tnr1335529.aspx?lan=1&art=9&snr=136,SpielerSuche FIDE 8669678 tnr1335529 CJK name column
8669686,彭康成,,"Peng, Kangcheng",2026年全国国际象棋青少年锦标赛（个人）暨第31届“李成智,1335515,chess-results-spielersuche,https://s3.chess-results.com/tnr1335515.aspx?lan=1&art=9&snr=155,SpielerSuche FIDE 8669686 tnr1335515 CJK name column
8669694,钱恒鲲,,,"钱恒鲲,|2025年全国国际象棋青少年锦标赛(个人)暨第30届'李成智",1110336,chess-results-spielersuche,https://s3.chess-results.com/tnr1110336.aspx?lan=1&art=9&snr=149,SpielerSuche FIDE 8669694 tnr1110336 CJK name column
8669708,沙克楠,,"Sha, Kenan",2026年全国国际象棋青少年锦标赛（个人）暨第31届“李成智,1335515,chess-results-spielersuche,https://s3.chess-results.com/tnr1335515.aspx?lan=1&art=9&snr=165,SpielerSuche FIDE 8669708 tnr1335515 CJK name column
8669716,刘万诚,,,"刘万诚,|2025年全国国际象棋青少年锦标赛(个人)暨第30届'李成智",1110336,chess-results-spielersuche,https://s3.chess-results.com/tnr1110336.aspx?lan=1&art=9&snr=124,SpielerSuche FIDE 8669716 tnr1110336 CJK name column
8669724,孙佳瑞,,"Sun, Jiarui",2026年全国国际象棋青少年锦标赛（个人）暨第31届“李成智,1335529,chess-results-spielersuche,https://s3.chess-results.com/tnr1335529.aspx?lan=1&art=9&snr=82,SpielerSuche FIDE 8669724 tnr1335529 CJK name column
8669732,孙瑀初,,"Sun, Yuchu",2026年全国国际象棋青少年锦标赛（个人）暨第31届“李成智,1335515,chess-results-spielersuche,https://s3.chess-results.com/tnr1335515.aspx?lan=1&art=9&snr=37,SpielerSuche FIDE 8669732 tnr1335515 CJK name column
8669740,汤埝哲,,,"汤埝哲,|2025年全国国际象棋青少年锦标赛(个人)暨第30届'李成智",1110336,chess-results-spielersuche,https://s3.chess-results.com/tnr1110336.aspx?lan=1&art=9&snr=165,SpielerSuche FIDE 8669740 tnr1110336 CJK name column
8669759,唐锦博,,,"唐锦博,|2025年全国国际象棋青少年锦标赛(个人)暨第30届'李成智",1110336,chess-results-spielersuche,https://s3.chess-results.com/tnr1110336.aspx?lan=1&art=9&snr=164,SpielerSuche FIDE 8669759 tnr1110336 CJK name column
8669767,陶乐辰,,,"陶乐辰,|2025年全国国际象棋青少年锦标赛(个人)暨第30届'李成智",1110336,chess-results-spielersuche,https://s3.chess-results.com/tnr1110336.aspx?lan=1&art=9&snr=168,SpielerSuche FIDE 8669767 tnr1110336 CJK name column
8669775,王澍德,,,"王澍德,|2025年全国国际象棋青少年锦标赛(个人)暨第30届'李成智",1110336,chess-results-spielersuche,https://s3.chess-results.com/tnr1110336.aspx?lan=1&art=9&snr=177,SpielerSuche FIDE 8669775 tnr1110336 CJK name column
8669783,王昭然,,,"王昭然,|2025年全国国际象棋青少年锦标赛(个人)暨第30届'李成智",1110336,chess-results-spielersuche,https://s3.chess-results.com/tnr1110336.aspx?lan=1&art=9&snr=180,SpielerSuche FIDE 8669783 tnr1110336 CJK name column
8669791,魏宏睿,,,"魏宏睿,|2025年全国国际象棋青少年锦标赛(个人)暨第30届'李成智",1110336,chess-results-spielersuche,https://s3.chess-results.com/tnr1110336.aspx?lan=1&art=9&snr=183,SpielerSuche FIDE 8669791 tnr1110336 CJK name column
8669805,肖培元,,,"肖培元,|2025年全国国际象棋青少年锦标赛(个人)暨第30届'李成智",1110336,chess-results-spielersuche,https://s3.chess-results.com/tnr1110336.aspx?lan=1&art=9&snr=194,SpielerSuche FIDE 8669805 tnr1110336 CJK name column
8669813,肖智桐,,,"肖智桐,|2025年全国国际象棋青少年锦标赛(个人)暨第30届'李成智",1110336,chess-results-spielersuche,https://s3.chess-results.com/tnr1110336.aspx?lan=1&art=9&snr=195,SpielerSuche FIDE 8669813 tnr1110336 CJK name column
8669821,徐子洋,,"Xu, Ziyang",2026年全国国际象棋青少年锦标赛（个人）暨第31届“李成智,1335515,chess-results-spielersuche,https://s3.chess-results.com/tnr1335515.aspx?lan=1&art=9&snr=201,SpielerSuche FIDE 8669821 tnr1335515 CJK name column
8669830,徐梓睿,,,"徐梓睿,|2025年全国国际象棋青少年锦标赛(个人)暨第30届'李成智",1110336,chess-results-spielersuche,https://s3.chess-results.com/tnr1110336.aspx?lan=1&art=9&snr=202,SpielerSuche FIDE 8669830 tnr1110336 CJK name column
8669848,许瑞宸,,"Xu, Ruichen",2026年全国国际象棋青少年锦标赛（个人）暨第31届“李成智,1335529,chess-results-spielersuche,https://s3.chess-results.com/tnr1335529.aspx?lan=1&art=9&snr=157,SpielerSuche FIDE 8669848 tnr1335529 CJK name column
8669856,许同异,,,"许同异,|2025年全国国际象棋青少年锦标赛(个人)暨第30届'李成智",1110336,chess-results-spielersuche,https://s3.chess-results.com/tnr1110336.aspx?lan=1&art=9&snr=201,SpielerSuche FIDE 8669856 tnr1110336 CJK name column
8669864,闫永昊,,,"闫永昊,|2025年全国国际象棋青少年锦标赛(个人)暨第30届'李成智",1110336,chess-results-spielersuche,https://s3.chess-results.com/tnr1110336.aspx?lan=1&art=9&snr=208,SpielerSuche FIDE 8669864 tnr1110336 CJK name column
8669872,颜靖霖,,,"颜靖霖,|2025年全国国际象棋青少年锦标赛(个人)暨第30届'李成智",1110336,chess-results-spielersuche,https://s3.chess-results.com/tnr1110336.aspx?lan=1&art=9&snr=204,SpielerSuche FIDE 8669872 tnr1110336 CJK name column
8669880,叶俊含,,,"叶俊含,|2025年全国国际象棋青少年锦标赛(个人)暨第30届'李成智",1110336,chess-results-spielersuche,https://s3.chess-results.com/tnr1110336.aspx?lan=1&art=9&snr=215,SpielerSuche FIDE 8669880 tnr1110336 CJK name column
8669899,易泽阳,,"Yi, Zeyang",2026年全国国际象棋青少年锦标赛（个人）暨第31届“李成智,1335529,chess-results-spielersuche,https://s3.chess-results.com/tnr1335529.aspx?lan=1&art=9&snr=57,SpielerSuche FIDE 8669899 tnr1335529 CJK name column
8669902,尹梓骅,,,"尹梓骅,|2025年全国国际象棋青少年锦标赛(个人)暨第30届'李成智",1110336,chess-results-spielersuche,https://s3.chess-results.com/tnr1110336.aspx?lan=1&art=9&snr=217,SpielerSuche FIDE 8669902 tnr1110336 CJK name column
8669910,袁茂勋,,"Yuan, Maoxun",2026年全国国际象棋青少年锦标赛（个人）暨第31届“李成智,1335529,chess-results-spielersuche,https://s3.chess-results.com/tnr1335529.aspx?lan=1&art=9&snr=33,SpielerSuche FIDE 8669910 tnr1335529 CJK name column
8669929,张靖杰,,,"张靖杰,|2025年全国国际象棋青少年锦标赛(个人)暨第30届'李成智",1110336,chess-results-spielersuche,https://s3.chess-results.com/tnr1110336.aspx?lan=1&art=9&snr=227,SpielerSuche FIDE 8669929 tnr1110336 CJK name column
8669937,张启辰,,,"张启辰,|2025年全国国际象棋青少年锦标赛(个人)暨第30届'李成智",1110336,chess-results-spielersuche,https://s3.chess-results.com/tnr1110336.aspx?lan=1&art=9&snr=229,SpielerSuche FIDE 8669937 tnr1110336 CJK name column
8669945,张图南,,,"张图南,|2025年全国国际象棋青少年锦标赛(个人)暨第30届'李成智",1110336,chess-results-spielersuche,https://s3.chess-results.com/tnr1110336.aspx?lan=1&art=9&snr=231,SpielerSuche FIDE 8669945 tnr1110336 CJK name column
8669953,张奕阳,,,"张奕阳,|2025年全国国际象棋青少年锦标赛(个人)暨第30届'李成智",1110336,chess-results-spielersuche,https://s3.chess-results.com/tnr1110336.aspx?lan=1&art=9&snr=232,SpielerSuche FIDE 8669953 tnr1110336 CJK name column
8669961,张致远,,"Zhang, Zhiyuan",2026年全国国际象棋青少年锦标赛（个人）暨第31届“李成智,1335515,chess-results-spielersuche,https://s3.chess-results.com/tnr1335515.aspx?lan=1&art=9&snr=230,SpielerSuche FIDE 8669961 tnr1335515 CJK name column
8669970,赵俊博,,"Zhao, Junbo",2026年全国国际象棋青少年锦标赛（个人）暨第31届“李成智,1335529,chess-results-spielersuche,https://s3.chess-results.com/tnr1335529.aspx?lan=1&art=9&snr=52,SpielerSuche FIDE 8669970 tnr1335529 CJK name column
8669988,赵之尧,,"Zhao, Zhiyao",2026年全国国际象棋青少年锦标赛（个人）暨第31届“李成智,1335515,chess-results-spielersuche,https://s3.chess-results.com/tnr1335515.aspx?lan=1&art=9&snr=233,SpielerSuche FIDE 8669988 tnr1335515 CJK name column
8669996,钟梓珅,,"Zhong, Zishen",2026年全国国际象棋青少年锦标赛（个人）暨第31届“李成智,1335515,chess-results-spielersuche,https://s3.chess-results.com/tnr1335515.aspx?lan=1&art=9&snr=237,SpielerSuche FIDE 8669996 tnr1335515 CJK name column
8670005,李嘉睿,,,"李嘉睿,|2025年全国国际象棋青少年锦标赛(个人)暨第30届'李成智",1110336,chess-results-spielersuche,https://s3.chess-results.com/tnr1110336.aspx?lan=1&art=9&snr=104,SpielerSuche FIDE 8670005 tnr1110336 CJK name column
8670013,陈辛洋,,,"陈辛洋,|2025年全国国际象棋青少年锦标赛(个人)暨第30届'李成智",1110336,chess-results-spielersuche,https://s3.chess-results.com/tnr1110336.aspx?lan=1&art=9&snr=40,SpielerSuche FIDE 8670013 tnr1110336 CJK name column
8670021,欧明羲,,,"欧明羲,|2025年全国国际象棋青少年锦标赛(个人)暨第30届'李成智",1110336,chess-results-spielersuche,https://s3.chess-results.com/tnr1110336.aspx?lan=1&art=9&snr=145,SpielerSuche FIDE 8670021 tnr1110336 CJK name column
8670030,周前诺,,"Zhou, Qiannuo",2026年全国国际象棋青少年锦标赛（个人）暨第31届“李成智,1335529,chess-results-spielersuche,https://s3.chess-results.com/tnr1335529.aspx?lan=1&art=9&snr=176,SpielerSuche FIDE 8670030 tnr1335529 CJK name column
8670048,周义扬,,,"周义扬,|2025年全国国际象棋青少年锦标赛(个人)暨第30届'李成智",1110336,chess-results-spielersuche,https://s3.chess-results.com/tnr1110336.aspx?lan=1&art=9&snr=246,SpielerSuche FIDE 8670048 tnr1110336 CJK name column
8670056,朱诚俊,,,"朱诚俊,|2025年全国国际象棋青少年锦标赛(个人)暨第30届'李成智",1110336,chess-results-spielersuche,https://s3.chess-results.com/tnr1110336.aspx?lan=1&art=9&snr=247,SpielerSuche FIDE 8670056 tnr1110336 CJK name column
8670064,邹连锴,,"Zou, Liankai",2026年全国国际象棋青少年锦标赛（个人）暨第31届“李成智,1335515,chess-results-spielersuche,https://s3.chess-results.com/tnr1335515.aspx?lan=1&art=9&snr=25,SpielerSuche FIDE 8670064 tnr1335515 CJK name column
8670072,余尚稣,,,"余尚稣,|2025年全国国际象棋青少年锦标赛(个人)暨第30届'李成智",1110333,chess-results-spielersuche,https://s3.chess-results.com/tnr1110333.aspx?lan=1&art=9&snr=158,SpielerSuche FIDE 8670072 tnr1110333 CJK name column
8670080,王韬羽,,"Wang, Taoyu",2026年全国国际象棋青少年锦标赛（个人）暨第31届“李成智,1335529,chess-results-spielersuche,https://s3.chess-results.com/tnr1335529.aspx?lan=1&art=9&snr=92,SpielerSuche FIDE 8670080 tnr1335529 CJK name column
8670099,白阿吉奈,,"Bai, Ajinai",2026年全国国际象棋青少年锦标赛（个人）暨第31届“李成智,1335529,chess-results-spielersuche,https://s3.chess-results.com/tnr1335529.aspx?lan=1&art=9&snr=75,SpielerSuche FIDE 8670099 tnr1335529 CJK name column
8670102,蔡俊丞,,"Cai, Juncheng",2026年全国国际象棋青少年锦标赛（个人）暨第31届“李成智,1335529,chess-results-spielersuche,https://s3.chess-results.com/tnr1335529.aspx?lan=1&art=9&snr=105,SpielerSuche FIDE 8670102 tnr1335529 CJK name column
8670110,曾冠宇,,,"曾冠宇,|2025年国家国际象棋二队（杭州）选拔赛男子组",1153141,chess-results-spielersuche,https://s3.chess-results.com/tnr1153141.aspx?lan=1&art=9&snr=19,SpielerSuche FIDE 8670110 tnr1153141 CJK name column
8670129,陈泓舟,,,"陈泓舟,|2025年全国国际象棋青少年锦标赛(个人)暨第30届'李成智",1110333,chess-results-spielersuche,https://s3.chess-results.com/tnr1110333.aspx?lan=1&art=9&snr=65,SpielerSuche FIDE 8670129 tnr1110333 CJK name column
8670137,陈家齐,,"Chen, Jiaqi",2026年全国国际象棋青少年锦标赛（个人）暨第31届“李成智,1335529,chess-results-spielersuche,https://s3.chess-results.com/tnr1335529.aspx?lan=1&art=9&snr=107,SpielerSuche FIDE 8670137 tnr1335529 CJK name column
8670145,陈宇航,,,"陈宇航,|2025年全国国际象棋青少年锦标赛(个人)暨第30届'李成智",1110333,chess-results-spielersuche,https://s3.chess-results.com/tnr1110333.aspx?lan=1&art=9&snr=68,SpielerSuche FIDE 8670145 tnr1110333 CJK name column
8670153,东野锦轩,,,"东野锦轩,|2025年全国国际象棋青少年锦标赛(个人)暨第30届'李成智",1110333,chess-results-spielersuche,https://s3.chess-results.com/tnr1110333.aspx?lan=1&art=9&snr=70,SpielerSuche FIDE 8670153 tnr1110333 CJK name column
8670161,段奕辰,,,"段奕辰,|2025年全国国际象棋公开赛（聊城站）",1200704,chess-results-spielersuche,https://s3.chess-results.com/tnr1200704.aspx?lan=1&art=9&snr=118,SpielerSuche FIDE 8670161 tnr1200704 CJK name column
8670170,方栎翔,,,"方栎翔,|2025年全国国际象棋公开赛（聊城站）",1200704,chess-results-spielersuche,https://s3.chess-results.com/tnr1200704.aspx?lan=1&art=9&snr=42,SpielerSuche FIDE 8670170 tnr1200704 CJK name column
8670188,方啸羽,,"Fang, Xiaoyu",2026年全国国际象棋青少年锦标赛（个人）暨第31届“李成智,1335529,chess-results-spielersuche,https://s3.chess-results.com/tnr1335529.aspx?lan=1&art=9&snr=22,SpielerSuche FIDE 8670188 tnr1335529 CJK name column
8670196,邱铭杰,,,"邱铭杰,|2025年全国国际象棋青少年锦标赛(个人)暨第30届'李成智",1110333,chess-results-spielersuche,https://s3.chess-results.com/tnr1110333.aspx?lan=1&art=9&snr=116,SpielerSuche FIDE 8670196 tnr1110333 CJK name column
8670200,许凯文,,,"许凯文,|2025年全国国际象棋青少年锦标赛(个人)暨第30届'李成智",1110333,chess-results-spielersuche,https://s3.chess-results.com/tnr1110333.aspx?lan=1&art=9&snr=148,SpielerSuche FIDE 8670200 tnr1110333 CJK name column
8670218,毕郑权,,,"毕郑权,|2025年全国国际象棋青少年锦标赛(个人)暨第30届'李成智",1110333,chess-results-spielersuche,https://s3.chess-results.com/tnr1110333.aspx?lan=1&art=9&snr=62,SpielerSuche FIDE 8670218 tnr1110333 CJK name column
8670226,袁靖皓,,,"袁靖皓,|2025年全国国际象棋青少年锦标赛(个人)暨第30届'李成智",1110333,chess-results-spielersuche,https://s3.chess-results.com/tnr1110333.aspx?lan=1&art=9&snr=159,SpielerSuche FIDE 8670226 tnr1110333 CJK name column
8670234,康云斌,,,"康云斌,|2025年全国国际象棋青少年锦标赛(个人)暨第30届'李成智",1110333,chess-results-spielersuche,https://s3.chess-results.com/tnr1110333.aspx?lan=1&art=9&snr=92,SpielerSuche FIDE 8670234 tnr1110333 CJK name column
8670242,曲星宇,,,"曲星宇,|2025年全国国际象棋青少年锦标赛(个人)暨第30届'李成智",1110333,chess-results-spielersuche,https://s3.chess-results.com/tnr1110333.aspx?lan=1&art=9&snr=117,SpielerSuche FIDE 8670242 tnr1110333 CJK name column
8670250,杨徐彬,,,"杨徐彬,|2025年全国国际象棋青少年锦标赛(个人)暨第30届'李成智",1110333,chess-results-spielersuche,https://s3.chess-results.com/tnr1110333.aspx?lan=1&art=9&snr=155,SpielerSuche FIDE 8670250 tnr1110333 CJK name column
8670269,李明泽,,,"李明泽,|2025年全国国际象棋青少年锦标赛(个人)暨第30届'李成智",1110333,chess-results-spielersuche,https://s3.chess-results.com/tnr1110333.aspx?lan=1&art=9&snr=98,SpielerSuche FIDE 8670269 tnr1110333 CJK name column
8670277,熊信礼,,,"熊信礼,|2026年深圳市国际象棋棋协大师公开赛",1333506,chess-results-spielersuche,https://s3.chess-results.com/tnr1333506.aspx?lan=1&art=9&snr=50,SpielerSuche FIDE 8670277 tnr1333506 CJK name column
8670285,林俊毅,,,"林俊毅,|2025年全国国际象棋青少年锦标赛(个人)暨第30届'李成智",1110333,chess-results-spielersuche,https://s3.chess-results.com/tnr1110333.aspx?lan=1&art=9&snr=101,SpielerSuche FIDE 8670285 tnr1110333 CJK name column
8670293,祁天帅,,,"祁天帅,|2025年全国国际象棋青少年锦标赛(个人)暨第30届'李成智",1110333,chess-results-spielersuche,https://s3.chess-results.com/tnr1110333.aspx?lan=1&art=9&snr=115,SpielerSuche FIDE 8670293 tnr1110333 CJK name column
8670307,任桐泽,,,"任桐泽,|2025年全国国际象棋青少年锦标赛(个人)暨第30届'李成智",1110333,chess-results-spielersuche,https://s3.chess-results.com/tnr1110333.aspx?lan=1&art=9&snr=118,SpielerSuche FIDE 8670307 tnr1110333 CJK name column
8670315,周寒晨,,,"周寒晨,|2025年全国国际象棋青少年锦标赛(个人)暨第30届'李成智",1110333,chess-results-spielersuche,https://s3.chess-results.com/tnr1110333.aspx?lan=1&art=9&snr=169,SpielerSuche FIDE 8670315 tnr1110333 CJK name column
8670323,朱栩,,,"朱栩,|2025年全国国际象棋青少年锦标赛(个人)暨第30届'李成智",1110333,chess-results-spielersuche,https://s3.chess-results.com/tnr1110333.aspx?lan=1&art=9&snr=174,SpielerSuche FIDE 8670323 tnr1110333 CJK name column
8670331,那云昊,,,"那云昊,|2025年全国国际象棋青少年锦标赛(个人)暨第30届'李成智",1110333,chess-results-spielersuche,https://s3.chess-results.com/tnr1110333.aspx?lan=1&art=9&snr=111,SpielerSuche FIDE 8670331 tnr1110333 CJK name column
8670340,薛寒钰,,,"薛寒钰,|2025年全国国际象棋青少年锦标赛(个人)暨第30届'李成智",1110333,chess-results-spielersuche,https://s3.chess-results.com/tnr1110333.aspx?lan=1&art=9&snr=151,SpielerSuche FIDE 8670340 tnr1110333 CJK name column
8670358,高锦芃,,,"高锦芃,|2025年全国国际象棋青少年锦标赛(个人)暨第30届'李成智",1110333,chess-results-spielersuche,https://s3.chess-results.com/tnr1110333.aspx?lan=1&art=9&snr=76,SpielerSuche FIDE 8670358 tnr1110333 CJK name column
8670366,耿浩林,,,"耿浩林,|2025年中国国际象棋乙级联赛",1229905,chess-results-spielersuche,https://s3.chess-results.com/tnr1229905.aspx?lan=1&art=9&snr=33,SpielerSuche FIDE 8670366 tnr1229905 CJK name column
8670374,龚文和,,,"龚文和,|2025年全国国际象棋青少年锦标赛(个人)暨第30届'李成智",1110333,chess-results-spielersuche,https://s3.chess-results.com/tnr1110333.aspx?lan=1&art=9&snr=79,SpielerSuche FIDE 8670374 tnr1110333 CJK name column
8670382,勾思远,,,"勾思远,|2025年全国国际象棋青少年锦标赛(个人)暨第30届'李成智",1110333,chess-results-spielersuche,https://s3.chess-results.com/tnr1110333.aspx?lan=1&art=9&snr=80,SpielerSuche FIDE 8670382 tnr1110333 CJK name column
8670390,谷俊良,,,"谷俊良,|2025年全国国际象棋青少年锦标赛(个人)暨第30届'李成智",1110333,chess-results-spielersuche,https://s3.chess-results.com/tnr1110333.aspx?lan=1&art=9&snr=81,SpielerSuche FIDE 8670390 tnr1110333 CJK name column
8670404,韩金坤,,,"韩金坤,|2025年全国国际象棋青少年锦标赛(个人)暨第30届'李成智",1110333,chess-results-spielersuche,https://s3.chess-results.com/tnr1110333.aspx?lan=1&art=9&snr=84,SpielerSuche FIDE 8670404 tnr1110333 CJK name column
8670412,靳泽安,,,"靳泽安,|2025年全国国际象棋青少年锦标赛(个人)暨第30届'李成智",1110333,chess-results-spielersuche,https://s3.chess-results.com/tnr1110333.aspx?lan=1&art=9&snr=90,SpielerSuche FIDE 8670412 tnr1110333 CJK name column
8670420,申可多,,"Shen, Keduo",2026年全国国际象棋青少年锦标赛（个人）暨第31届“李成智,1335529,chess-results-spielersuche,https://s3.chess-results.com/tnr1335529.aspx?lan=1&art=9&snr=86,SpielerSuche FIDE 8670420 tnr1335529 CJK name column
8670439,王思程,,,"王思程,|2025年全国国际象棋青少年锦标赛(个人)暨第30届'李成智",1110333,chess-results-spielersuche,https://s3.chess-results.com/tnr1110333.aspx?lan=1&art=9&snr=130,SpielerSuche FIDE 8670439 tnr1110333 CJK name column
8670447,李嘉航,,,"李嘉航,|2025年全国国际象棋青少年锦标赛(个人)暨第30届'李成智",1110333,chess-results-spielersuche,https://s3.chess-results.com/tnr1110333.aspx?lan=1&art=9&snr=97,SpielerSuche FIDE 8670447 tnr1110333 CJK name column
8670455,杜南一,,,"杜南一,|2025年全国国际象棋青少年锦标赛(个人)暨第30届'李成智",1110333,chess-results-spielersuche,https://s3.chess-results.com/tnr1110333.aspx?lan=1&art=9&snr=71,SpielerSuche FIDE 8670455 tnr1110333 CJK name column
8670463,马浅行,,,"马浅行,|2025年全国国际象棋青少年锦标赛(个人)暨第30届'李成智",1110333,chess-results-spielersuche,https://s3.chess-results.com/tnr1110333.aspx?lan=1&art=9&snr=108,SpielerSuche FIDE 8670463 tnr1110333 CJK name column
8670471,朱宇陆,,,"朱宇陆,|2025年全国国际象棋青少年锦标赛(个人)暨第30届'李成智",1110333,chess-results-spielersuche,https://s3.chess-results.com/tnr1110333.aspx?lan=1&art=9&snr=175,SpielerSuche FIDE 8670471 tnr1110333 CJK name column
8670480,何柯辰,,,"何柯辰,|2025年全国国际象棋青少年锦标赛(个人)暨第30届'李成智",1110333,chess-results-spielersuche,https://s3.chess-results.com/tnr1110333.aspx?lan=1&art=9&snr=85,SpielerSuche FIDE 8670480 tnr1110333 CJK name column
8670498,朱笑锟,,,"朱笑锟,|2025年全国国际象棋青少年锦标赛(个人)暨第30届'李成智",1110333,chess-results-spielersuche,https://s3.chess-results.com/tnr1110333.aspx?lan=1&art=9&snr=173,SpielerSuche FIDE 8670498 tnr1110333 CJK name column
8670501,蒋沂昊,,"Jiang, Yihao",2026年全国国际象棋青少年锦标赛（个人）暨第31届“李成智,1335529,chess-results-spielersuche,https://s3.chess-results.com/tnr1335529.aspx?lan=1&art=9&snr=64,SpielerSuche FIDE 8670501 tnr1335529 CJK name column
8670510,井嘉树,,,"井嘉树,|2025年全国国际象棋青少年锦标赛(个人)暨第30届'李成智",1110333,chess-results-spielersuche,https://s3.chess-results.com/tnr1110333.aspx?lan=1&art=9&snr=91,SpielerSuche FIDE 8670510 tnr1110333 CJK name column
8670528,兰青临,,"Lan, Qinglin",2026年全国国际象棋青少年锦标赛（个人）暨第31届“李成智,1335529,chess-results-spielersuche,https://s3.chess-results.com/tnr1335529.aspx?lan=1&art=9&snr=41,SpielerSuche FIDE 8670528 tnr1335529 CJK name column
8670536,李果阳,,,"李果阳,|2025年全国国际象棋青少年锦标赛(个人)暨第30届'李成智",1110333,chess-results-spielersuche,https://s3.chess-results.com/tnr1110333.aspx?lan=1&art=9&snr=96,SpielerSuche FIDE 8670536 tnr1110333 CJK name column
8670544,李书墨,,"Li, Shumo",2026年全国国际象棋青少年锦标赛（个人）暨第31届“李成智,1335529,chess-results-spielersuche,https://s3.chess-results.com/tnr1335529.aspx?lan=1&art=9&snr=53,SpielerSuche FIDE 8670544 tnr1335529 CJK name column
8670552,李梓宸,,,"李梓宸,|2025年全国国际象棋青少年锦标赛(个人)暨第30届'李成智",1110333,chess-results-spielersuche,https://s3.chess-results.com/tnr1110333.aspx?lan=1&art=9&snr=100,SpielerSuche FIDE 8670552 tnr1110333 CJK name column
8670560,刘嘉栋,,,"刘嘉栋,|2025年全国国际象棋公开赛（聊城站）",1200704,chess-results-spielersuche,https://s3.chess-results.com/tnr1200704.aspx?lan=1&art=9&snr=94,SpielerSuche FIDE 8670560 tnr1200704 CJK name column
8670579,刘骞,,,"刘骞,|2025年全国国际象棋青少年锦标赛(个人)暨第30届'李成智",1110333,chess-results-spielersuche,https://s3.chess-results.com/tnr1110333.aspx?lan=1&art=9&snr=104,SpielerSuche FIDE 8670579 tnr1110333 CJK name column
8670587,刘有恒,,,"刘有恒,|2025年全国国际象棋青少年锦标赛(个人)暨第30届'李成智",1110333,chess-results-spielersuche,https://s3.chess-results.com/tnr1110333.aspx?lan=1&art=9&snr=105,SpielerSuche FIDE 8670587 tnr1110333 CJK name column
8670595,鲁非,,,"鲁非,|2025年全国国际象棋青少年锦标赛(个人)暨第30届'李成智",1110333,chess-results-spielersuche,https://s3.chess-results.com/tnr1110333.aspx?lan=1&art=9&snr=106,SpielerSuche FIDE 8670595 tnr1110333 CJK name column
8670609,马梓雄,,,"马梓雄,|2025年全国国际象棋青少年锦标赛(个人)暨第30届'李成智",1110333,chess-results-spielersuche,https://s3.chess-results.com/tnr1110333.aspx?lan=1&art=9&snr=109,SpielerSuche FIDE 8670609 tnr1110333 CJK name column
8670617,倪辰,,"Ni, Chen",2026年全国国际象棋青少年锦标赛（个人）暨第31届“李成智,1335529,chess-results-spielersuche,https://s3.chess-results.com/tnr1335529.aspx?lan=1&art=9&snr=77,SpielerSuche FIDE 8670617 tnr1335529 CJK name column
8670625,潘习之,,,"潘习之,|2025年全国国际象棋锦标赛（团体）男子组",1163659,chess-results-spielersuche,https://s3.chess-results.com/tnr1163659.aspx?lan=1&art=9&snr=59,SpielerSuche FIDE 8670625 tnr1163659 CJK name column
8670633,彭子涵,,"Peng, Zihan",2026年全国国际象棋青少年锦标赛（个人）暨第31届“李成智,1335529,chess-results-spielersuche,https://s3.chess-results.com/tnr1335529.aspx?lan=1&art=9&snr=49,SpielerSuche FIDE 8670633 tnr1335529 CJK name column
8670641,施鸿灏,,,"施鸿灏,|2025年全国国际象棋青少年锦标赛(个人)暨第30届'李成智",1110333,chess-results-spielersuche,https://s3.chess-results.com/tnr1110333.aspx?lan=1&art=9&snr=122,SpielerSuche FIDE 8670641 tnr1110333 CJK name column
8670650,谭沐宸,,,"谭沐宸,|2025年全国国际象棋青少年锦标赛(个人)暨第30届'李成智",1110333,chess-results-spielersuche,https://s3.chess-results.com/tnr1110333.aspx?lan=1&art=9&snr=123,SpielerSuche FIDE 8670650 tnr1110333 CJK name column
8670668,唐泽勤,,,"唐泽勤,|2025年中国国际象棋乙级联赛",1229905,chess-results-spielersuche,https://s3.chess-results.com/tnr1229905.aspx?lan=1&art=9&snr=34,SpielerSuche FIDE 8670668 tnr1229905 CJK name column
8670676,王可嘉,,,"王可嘉,|2025年全国国际象棋青少年锦标赛(个人)暨第30届'李成智",1110333,chess-results-spielersuche,https://s3.chess-results.com/tnr1110333.aspx?lan=1&art=9&snr=125,SpielerSuche FIDE 8670676 tnr1110333 CJK name column
8670684,王理元,,,"王理元,|2025年全国国际象棋青少年锦标赛(个人)暨第30届'李成智",1110333,chess-results-spielersuche,https://s3.chess-results.com/tnr1110333.aspx?lan=1&art=9&snr=126,SpielerSuche FIDE 8670684 tnr1110333 CJK name column
8670692,王沐言,,,"王沐言,|2025年中国国际象棋乙级联赛",1229905,chess-results-spielersuche,https://s3.chess-results.com/tnr1229905.aspx?lan=1&art=9&snr=50,SpielerSuche FIDE 8670692 tnr1229905 CJK name column
8670706,王湃,,"Wang, Pai",2026年中俄体育交流周国际象棋青少年团体赛,1415897,chess-results-spielersuche,https://s3.chess-results.com/tnr1415897.aspx?lan=1&art=9&snr=16,SpielerSuche FIDE 8670706 tnr1415897 CJK name column
8670714,王薏搏,,,"王薏搏,|2025年全国国际象棋青少年锦标赛(个人)暨第30届'李成智",1110333,chess-results-spielersuche,https://s3.chess-results.com/tnr1110333.aspx?lan=1&art=9&snr=132,SpielerSuche FIDE 8670714 tnr1110333 CJK name column
8670722,王雨柏,,,"王雨柏,|2025年全国国际象棋青少年锦标赛(个人)暨第30届'李成智",1110333,chess-results-spielersuche,https://s3.chess-results.com/tnr1110333.aspx?lan=1&art=9&snr=135,SpielerSuche FIDE 8670722 tnr1110333 CJK name column
8670730,王子璘,,,"王子璘,|2025年全国国际象棋青少年锦标赛(个人)暨第30届'李成智",1110333,chess-results-spielersuche,https://s3.chess-results.com/tnr1110333.aspx?lan=1&art=9&snr=137,SpielerSuche FIDE 8670730 tnr1110333 CJK name column
8670749,吴秉拙,,,"吴秉拙,|2025年全国国际象棋青少年锦标赛(个人)暨第30届'李成智",1110333,chess-results-spielersuche,https://s3.chess-results.com/tnr1110333.aspx?lan=1&art=9&snr=141,SpielerSuche FIDE 8670749 tnr1110333 CJK name column
8670757,徐梓轩,,,"徐梓轩,|2025年全国国际象棋青少年锦标赛(个人)暨第30届'李成智",1110333,chess-results-spielersuche,https://s3.chess-results.com/tnr1110333.aspx?lan=1&art=9&snr=150,SpielerSuche FIDE 8670757 tnr1110333 CJK name column
8670765,许皓扬,,,"许皓扬,|2025年全国国际象棋棋协大师赛（绍兴站）棋协大师组",1214030,chess-results-spielersuche,https://s3.chess-results.com/tnr1214030.aspx?lan=1&art=9&snr=46,SpielerSuche FIDE 8670765 tnr1214030 CJK name column
8670773,杨皓喆,,,"杨皓喆,|2025年全国国际象棋青少年锦标赛(个人)暨第30届'李成智",1110333,chess-results-spielersuche,https://s3.chess-results.com/tnr1110333.aspx?lan=1&art=9&snr=154,SpielerSuche FIDE 8670773 tnr1110333 CJK name column
8670781,张鼎喆,,,"张鼎喆,|2025年全国国际象棋青少年锦标赛(个人)暨第30届'李成智",1110333,chess-results-spielersuche,https://s3.chess-results.com/tnr1110333.aspx?lan=1&art=9&snr=161,SpielerSuche FIDE 8670781 tnr1110333 CJK name column
8670790,张绍棠,,,"张绍棠,|2025年全国国际象棋青少年锦标赛(个人)暨第30届'李成智",1110333,chess-results-spielersuche,https://s3.chess-results.com/tnr1110333.aspx?lan=1&art=9&snr=163,SpielerSuche FIDE 8670790 tnr1110333 CJK name column
8670803,张纭菘,,,"张纭菘,|2025年全国国际象棋青少年锦标赛(个人)暨第30届'李成智",1110333,chess-results-spielersuche,https://s3.chess-results.com/tnr1110333.aspx?lan=1&art=9&snr=165,SpielerSuche FIDE 8670803 tnr1110333 CJK name column
8670811,赵奕乔,,,"赵奕乔,|2025年全国国际象棋青少年锦标赛(个人)暨第30届'李成智",1110333,chess-results-spielersuche,https://s3.chess-results.com/tnr1110333.aspx?lan=1&art=9&snr=166,SpielerSuche FIDE 8670811 tnr1110333 CJK name column
8670820,赵梓臻,,,"赵梓臻,|2025年全国国际象棋公开赛（苏州站）",1250403,chess-results-spielersuche,https://s3.chess-results.com/tnr1250403.aspx?lan=1&art=9&snr=40,SpielerSuche FIDE 8670820 tnr1250403 CJK name column
8670838,周鸿铭,,,"周鸿铭,|2025年全国国际象棋青少年锦标赛(个人)暨第30届'李成智",1110333,chess-results-spielersuche,https://s3.chess-results.com/tnr1110333.aspx?lan=1&art=9&snr=170,SpielerSuche FIDE 8670838 tnr1110333 CJK name column
8670846,朱明铎,,,"朱明铎,|2025年中国国际象棋乙级联赛",1229905,chess-results-spielersuche,https://s3.chess-results.com/tnr1229905.aspx?lan=1&art=9&snr=151,SpielerSuche FIDE 8670846 tnr1229905 CJK name column
8670854,李禹涵,,,"李禹涵,|2026“未来之城”国际象棋友谊赛Rapid",1380970,chess-results-spielersuche,https://s3.chess-results.com/tnr1380970.aspx?lan=1&art=9&snr=4,SpielerSuche FIDE 8670854 tnr1380970 CJK name column
8670862,潘雾晓,,,"潘雾晓,|2025年全国国际象棋青少年锦标赛(个人)暨第30届'李成智",1110335,chess-results-spielersuche,https://s3.chess-results.com/tnr1110335.aspx?lan=1&art=9&snr=45,SpielerSuche FIDE 8670862 tnr1110335 CJK name column
8670870,曾芊赟,,"Zeng, Qianyun",2026年全国国际象棋青少年锦标赛（个人）暨第31届“李成智,1335531,chess-results-spielersuche,https://s3.chess-results.com/tnr1335531.aspx?lan=1&art=9&snr=42,SpielerSuche FIDE 8670870 tnr1335531 CJK name column
8670889,陈玥蓁,,,"陈玥蓁,|2025年全国国际象棋青少年锦标赛(个人)暨第30届'李成智",1110335,chess-results-spielersuche,https://s3.chess-results.com/tnr1110335.aspx?lan=1&art=9&snr=29,SpielerSuche FIDE 8670889 tnr1110335 CJK name column
8670897,陈籽言,,,"陈籽言,|2025年全国国际象棋青少年锦标赛(个人)暨第30届'李成智",1110335,chess-results-spielersuche,https://s3.chess-results.com/tnr1110335.aspx?lan=1&art=9&snr=30,SpielerSuche FIDE 8670897 tnr1110335 CJK name column
8670900,方晗溪,,,"方晗溪,|2025年全国国际象棋青少年锦标赛(个人)暨第30届'李成智",1110335,chess-results-spielersuche,https://s3.chess-results.com/tnr1110335.aspx?lan=1&art=9&snr=33,SpielerSuche FIDE 8670900 tnr1110335 CJK name column
8670919,陈栩禾,,"Chen, Xuhe",2026年全国国际象棋青少年锦标赛（个人）暨第31届“李成智,1335531,chess-results-spielersuche,https://s3.chess-results.com/tnr1335531.aspx?lan=1&art=9&snr=14,SpielerSuche FIDE 8670919 tnr1335531 CJK name column
8670927,蓝昕亿,,,"蓝昕亿,|2025年全国国际象棋青少年锦标赛(个人)暨第30届'李成智",1110335,chess-results-spielersuche,https://s3.chess-results.com/tnr1110335.aspx?lan=1&art=9&snr=38,SpielerSuche FIDE 8670927 tnr1110335 CJK name column
8670935,王紫璇,,,"王紫璇,|2025年全国国际象棋青少年锦标赛(个人)暨第30届'李成智",1110335,chess-results-spielersuche,https://s3.chess-results.com/tnr1110335.aspx?lan=1&art=9&snr=54,SpielerSuche FIDE 8670935 tnr1110335 CJK name column
8670943,张宁芮,,,"张宁芮,|2025年全国国际象棋青少年锦标赛(个人)暨第30届'李成智",1110335,chess-results-spielersuche,https://s3.chess-results.com/tnr1110335.aspx?lan=1&art=9&snr=62,SpielerSuche FIDE 8670943 tnr1110335 CJK name column
8670951,问爱喻,,,"问爱喻,|2025年全国国际象棋青少年锦标赛(个人)暨第30届'李成智",1110335,chess-results-spielersuche,https://s3.chess-results.com/tnr1110335.aspx?lan=1&art=9&snr=56,SpielerSuche FIDE 8670951 tnr1110335 CJK name column
8670960,刘千荇,,,"刘千荇,|2025年全国国际象棋棋协大师赛（绍兴站）棋协大师组",1214030,chess-results-spielersuche,https://s3.chess-results.com/tnr1214030.aspx?lan=1&art=9&snr=41,SpielerSuche FIDE 8670960 tnr1214030 CJK name column
8670978,孟芊荨,,,"孟芊荨,|2025年中国国际象棋乙级联赛",1229905,chess-results-spielersuche,https://s3.chess-results.com/tnr1229905.aspx?lan=1&art=9&snr=83,SpielerSuche FIDE 8670978 tnr1229905 CJK name column
8670986,魏遵达,,,"魏遵达,|2025年全国国际象棋青少年锦标赛(个人)暨第30届'李成智",1110335,chess-results-spielersuche,https://s3.chess-results.com/tnr1110335.aspx?lan=1&art=9&snr=55,SpielerSuche FIDE 8670986 tnr1110335 CJK name column
8670994,顾淑妍,,,"顾淑妍,|2025年全国国际象棋青少年锦标赛(个人)暨第30届'李成智",1110335,chess-results-spielersuche,https://s3.chess-results.com/tnr1110335.aspx?lan=1&art=9&snr=35,SpielerSuche FIDE 8670994 tnr1110335 CJK name column
8671001,朱宸一,,,"朱宸一,|2025年全国国际象棋青少年锦标赛(个人)暨第30届'李成智",1110335,chess-results-spielersuche,https://s3.chess-results.com/tnr1110335.aspx?lan=1&art=9&snr=64,SpielerSuche FIDE 8671001 tnr1110335 CJK name column
8671010,沈琳珊,,,"沈琳珊,|2025年全国国际象棋青少年锦标赛(个人)暨第30届'李成智",1110335,chess-results-spielersuche,https://s3.chess-results.com/tnr1110335.aspx?lan=1&art=9&snr=48,SpielerSuche FIDE 8671010 tnr1110335 CJK name column
8671028,蒋心湉,,,"蒋心湉,|2025年全国国际象棋青少年锦标赛(个人)暨第30届'李成智",1110335,chess-results-spielersuche,https://s3.chess-results.com/tnr1110335.aspx?lan=1&art=9&snr=37,SpielerSuche FIDE 8671028 tnr1110335 CJK name column
8671036,彭诗焱,,"Peng, Shiyan",2026年全国国际象棋青少年锦标赛（个人）暨第31届“李成智,1335531,chess-results-spielersuche,https://s3.chess-results.com/tnr1335531.aspx?lan=1&art=9&snr=27,SpielerSuche FIDE 8671036 tnr1335531 CJK name column
8671044,沈宥宓,,,"沈宥宓,|2025年全国国际象棋青少年锦标赛(个人)暨第30届'李成智",1110335,chess-results-spielersuche,https://s3.chess-results.com/tnr1110335.aspx?lan=1&art=9&snr=49,SpielerSuche FIDE 8671044 tnr1110335 CJK name column
8671052,吴海诺,,,"吴海诺,|2025年全国国际象棋青少年锦标赛(个人)暨第30届'李成智",1110335,chess-results-spielersuche,https://s3.chess-results.com/tnr1110335.aspx?lan=1&art=9&snr=57,SpielerSuche FIDE 8671052 tnr1110335 CJK name column
8671060,徐茉涵,,,"徐茉涵,|2025年全国国际象棋青少年锦标赛(个人)暨第30届'李成智",1110335,chess-results-spielersuche,https://s3.chess-results.com/tnr1110335.aspx?lan=1&art=9&snr=59,SpielerSuche FIDE 8671060 tnr1110335 CJK name column
8671079,明怀希,,,"明怀希,|2025年全国国际象棋青少年锦标赛(个人)暨第30届'李成智",1110335,chess-results-spielersuche,https://s3.chess-results.com/tnr1110335.aspx?lan=1&art=9&snr=44,SpielerSuche FIDE 8671079 tnr1110335 CJK name column
8671087,王晨媛,,,"王晨媛,|2025年全国国际象棋青少年锦标赛(个人)暨第30届'李成智",1110335,chess-results-spielersuche,https://s3.chess-results.com/tnr1110335.aspx?lan=1&art=9&snr=50,SpielerSuche FIDE 8671087 tnr1110335 CJK name column
8671095,王语诗,,,"王语诗,|2025年全国国际象棋青少年锦标赛(个人)暨第30届'李成智",1110335,chess-results-spielersuche,https://s3.chess-results.com/tnr1110335.aspx?lan=1&art=9&snr=52,SpielerSuche FIDE 8671095 tnr1110335 CJK name column
8671109,李昕芮,,,"李昕芮,|2025年全国国际象棋青少年锦标赛(个人)暨第30届'李成智",1110335,chess-results-spielersuche,https://s3.chess-results.com/tnr1110335.aspx?lan=1&art=9&snr=39,SpielerSuche FIDE 8671109 tnr1110335 CJK name column
8671117,李金熹,,,"李金熹,|2026“未来之城”国际象棋友谊赛Rapid",1380970,chess-results-spielersuche,https://s3.chess-results.com/tnr1380970.aspx?lan=1&art=9&snr=19,SpielerSuche FIDE 8671117 tnr1380970 CJK name column
8671125,谢佩妤,,,"谢佩妤,|2025年全国国际象棋青少年锦标赛(个人)暨第30届'李成智",1110338,chess-results-spielersuche,https://s3.chess-results.com/tnr1110338.aspx?lan=1&art=9&snr=69,SpielerSuche FIDE 8671125 tnr1110338 CJK name column
8671133,陈邻宇,,"Chen, Linyu",2026年全国国际象棋青少年锦标赛（个人）暨第31届“李成智,1335516,chess-results-spielersuche,https://s3.chess-results.com/tnr1335516.aspx?lan=1&art=9&snr=26,SpielerSuche FIDE 8671133 tnr1335516 CJK name column
8671141,陈玥汐,,,"陈玥汐,|2025年全国国际象棋青少年锦标赛(个人)暨第30届'李成智",1110338,chess-results-spielersuche,https://s3.chess-results.com/tnr1110338.aspx?lan=1&art=9&snr=14,SpielerSuche FIDE 8671141 tnr1110338 CJK name column
8671150,褚璟桓,,,"褚璟桓,|2025年全国国际象棋青少年锦标赛(个人)暨第30届'李成智",1110338,chess-results-spielersuche,https://s3.chess-results.com/tnr1110338.aspx?lan=1&art=9&snr=16,SpielerSuche FIDE 8671150 tnr1110338 CJK name column
8671168,付一诺,,"Fu, Yinuo",2026年全国国际象棋青少年锦标赛（个人）暨第31届“李成智,1335516,chess-results-spielersuche,https://s3.chess-results.com/tnr1335516.aspx?lan=1&art=9&snr=40,SpielerSuche FIDE 8671168 tnr1335516 CJK name column
8671176,陈伊一,,,"陈伊一,|2025年全国国际象棋青少年锦标赛(个人)暨第30届'李成智",1110338,chess-results-spielersuche,https://s3.chess-results.com/tnr1110338.aspx?lan=1&art=9&snr=13,SpielerSuche FIDE 8671176 tnr1110338 CJK name column
8671184,桂雪萌,,,"桂雪萌,|2025年全国国际象棋青少年锦标赛(个人)暨第30届'李成智",1110338,chess-results-spielersuche,https://s3.chess-results.com/tnr1110338.aspx?lan=1&art=9&snr=20,SpielerSuche FIDE 8671184 tnr1110338 CJK name column
8671192,韩奕曦,,,"韩奕曦,|2025年全国国际象棋青少年锦标赛(个人)暨第30届'李成智",1110338,chess-results-spielersuche,https://s3.chess-results.com/tnr1110338.aspx?lan=1&art=9&snr=24,SpielerSuche FIDE 8671192 tnr1110338 CJK name column
8671206,蓝谦易,,"Lan, Qianyi",2026年全国国际象棋青少年锦标赛（个人）暨第31届“李成智,1335516,chess-results-spielersuche,https://s3.chess-results.com/tnr1335516.aspx?lan=1&art=9&snr=54,SpielerSuche FIDE 8671206 tnr1335516 CJK name column
8671214,印楒媛,,,"印楒媛,|2025年全国国际象棋青少年锦标赛(个人)暨第30届'李成智",1110338,chess-results-spielersuche,https://s3.chess-results.com/tnr1110338.aspx?lan=1&art=9&snr=78,SpielerSuche FIDE 8671214 tnr1110338 CJK name column
8671222,石语菲,,"Shi, Yufei",2026年全国国际象棋青少年锦标赛（个人）暨第31届“李成智,1335516,chess-results-spielersuche,https://s3.chess-results.com/tnr1335516.aspx?lan=1&art=9&snr=13,SpielerSuche FIDE 8671222 tnr1335516 CJK name column
8671249,曹语萱,,,"曹语萱,|2025年全国国际象棋青少年锦标赛(个人)暨第30届'李成智",1110338,chess-results-spielersuche,https://s3.chess-results.com/tnr1110338.aspx?lan=1&art=9&snr=11,SpielerSuche FIDE 8671249 tnr1110338 CJK name column
8671257,黄睿加,,,"黄睿加,|2025年全国国际象棋青少年锦标赛(个人)暨第30届'李成智",1110338,chess-results-spielersuche,https://s3.chess-results.com/tnr1110338.aspx?lan=1&art=9&snr=30,SpielerSuche FIDE 8671257 tnr1110338 CJK name column
8671265,余昕忆,,,"余昕忆,|2025年全国国际象棋青少年锦标赛(个人)暨第30届'李成智",1110338,chess-results-spielersuche,https://s3.chess-results.com/tnr1110338.aspx?lan=1&art=9&snr=79,SpielerSuche FIDE 8671265 tnr1110338 CJK name column
8671273,郭梓辰,,,"郭梓辰,|2025年全国国际象棋青少年锦标赛(个人)暨第30届'李成智",1110338,chess-results-spielersuche,https://s3.chess-results.com/tnr1110338.aspx?lan=1&art=9&snr=21,SpielerSuche FIDE 8671273 tnr1110338 CJK name column
8671281,谢安颐,,,"谢安颐,|2025年全国国际象棋青少年锦标赛(个人)暨第30届'李成智",1110338,chess-results-spielersuche,https://s3.chess-results.com/tnr1110338.aspx?lan=1&art=9&snr=68,SpielerSuche FIDE 8671281 tnr1110338 CJK name column
8671290,郝玥伊,,,"郝玥伊,|2025年全国国际象棋青少年锦标赛(个人)暨第30届'李成智",1110338,chess-results-spielersuche,https://s3.chess-results.com/tnr1110338.aspx?lan=1&art=9&snr=25,SpielerSuche FIDE 8671290 tnr1110338 CJK name column
8671303,何翊瑄,,,"何翊瑄,|2025年全国国际象棋青少年锦标赛(个人)暨第30届'李成智",1110338,chess-results-spielersuche,https://s3.chess-results.com/tnr1110338.aspx?lan=1&art=9&snr=27,SpielerSuche FIDE 8671303 tnr1110338 CJK name column
8671311,李知妤,,"Li, Zhiyu(SH)",2026年全国国际象棋青少年锦标赛（个人）暨第31届“李成智,1335516,chess-results-spielersuche,https://s3.chess-results.com/tnr1335516.aspx?lan=1&art=9&snr=60,SpielerSuche FIDE 8671311 tnr1335516 CJK name column
8671320,叶芊寻,,,"叶芊寻,|2025年全国国际象棋青少年锦标赛(个人)暨第30届'李成智",1110338,chess-results-spielersuche,https://s3.chess-results.com/tnr1110338.aspx?lan=1&art=9&snr=73,SpielerSuche FIDE 8671320 tnr1110338 CJK name column
8671338,叶芊妤,,,"叶芊妤,|2025年全国国际象棋青少年锦标赛(个人)暨第30届'李成智",1110338,chess-results-spielersuche,https://s3.chess-results.com/tnr1110338.aspx?lan=1&art=9&snr=74,SpielerSuche FIDE 8671338 tnr1110338 CJK name column
8671346,赵芸熹,,"Zhao, Yunxi",2026年全国国际象棋青少年锦标赛（个人）暨第31届“李成智,1335531,chess-results-spielersuche,https://s3.chess-results.com/tnr1335531.aspx?lan=1&art=9&snr=65,SpielerSuche FIDE 8671346 tnr1335531 CJK name column
8671354,何妍可,,,"何妍可,|2025年全国国际象棋青少年锦标赛(个人)暨第30届'李成智",1110338,chess-results-spielersuche,https://s3.chess-results.com/tnr1110338.aspx?lan=1&art=9&snr=26,SpielerSuche FIDE 8671354 tnr1110338 CJK name column
8671362,李诗茵,,,"李诗茵,|2025年全国国际象棋公开赛（聊城站）",1200704,chess-results-spielersuche,https://s3.chess-results.com/tnr1200704.aspx?lan=1&art=9&snr=124,SpielerSuche FIDE 8671362 tnr1200704 CJK name column
8671370,刘卿,,,"刘卿,|2025年全国国际象棋青少年锦标赛(个人)暨第30届'李成智",1110338,chess-results-spielersuche,https://s3.chess-results.com/tnr1110338.aspx?lan=1&art=9&snr=48,SpielerSuche FIDE 8671370 tnr1110338 CJK name column
8671389,施琳琅,,,"施琳琅,|2025年全国国际象棋青少年锦标赛(个人)暨第30届'李成智",1110338,chess-results-spielersuche,https://s3.chess-results.com/tnr1110338.aspx?lan=1&art=9&snr=54,SpielerSuche FIDE 8671389 tnr1110338 CJK name column
8671397,王舒可,,"Wang, Shuke",2026年中俄体育交流周国际象棋青少年团体赛,1415897,chess-results-spielersuche,https://s3.chess-results.com/tnr1415897.aspx?lan=1&art=9&snr=12,SpielerSuche FIDE 8671397 tnr1415897 CJK name column
8671400,张紫溪,,,"张紫溪,|2025年全国国际象棋青少年锦标赛(个人)暨第30届'李成智",1110338,chess-results-spielersuche,https://s3.chess-results.com/tnr1110338.aspx?lan=1&art=9&snr=86,SpielerSuche FIDE 8671400 tnr1110338 CJK name column
8671419,李安萁,,,"李安萁,|2025年全国国际象棋青少年锦标赛(个人)暨第30届'李成智",1110338,chess-results-spielersuche,https://s3.chess-results.com/tnr1110338.aspx?lan=1&art=9&snr=36,SpielerSuche FIDE 8671419 tnr1110338 CJK name column
8671427,龚悦薇,,,"龚悦薇,|2025年全国国际象棋青少年锦标赛(个人)暨第30届'李成智",1110338,chess-results-spielersuche,https://s3.chess-results.com/tnr1110338.aspx?lan=1&art=9&snr=19,SpielerSuche FIDE 8671427 tnr1110338 CJK name column
8671435,李果儿,,"Li, Guoer",2026年全国国际象棋青少年锦标赛（个人）暨第31届“李成智,1335516,chess-results-spielersuche,https://s3.chess-results.com/tnr1335516.aspx?lan=1&art=9&snr=12,SpielerSuche FIDE 8671435 tnr1335516 CJK name column
8671443,任佳仪,,"Ren, Jiayi",2026年全国国际象棋青少年锦标赛（个人）暨第31届“李成智,1335516,chess-results-spielersuche,https://s3.chess-results.com/tnr1335516.aspx?lan=1&art=9&snr=79,SpielerSuche FIDE 8671443 tnr1335516 CJK name column
8671451,周沫妍,,,"周沫妍,|2025年全国国际象棋青少年锦标赛(个人)暨第30届'李成智",1110338,chess-results-spielersuche,https://s3.chess-results.com/tnr1110338.aspx?lan=1&art=9&snr=93,SpielerSuche FIDE 8671451 tnr1110338 CJK name column
8671460,张博奕,,"Zhang, Boyi",2026年全国国际象棋青少年锦标赛（个人）暨第31届“李成智,1335516,chess-results-spielersuche,https://s3.chess-results.com/tnr1335516.aspx?lan=1&art=9&snr=110,SpielerSuche FIDE 8671460 tnr1335516 CJK name column
8671478,卫舒原,,,"卫舒原,|2025年全国国际象棋公开赛（聊城站）",1200704,chess-results-spielersuche,https://s3.chess-results.com/tnr1200704.aspx?lan=1&art=9&snr=137,SpielerSuche FIDE 8671478 tnr1200704 CJK name column
8671486,张韵颐,,"Zhang, Yunyi",2026年全国国际象棋青少年锦标赛（个人）暨第31届“李成智,1335516,chess-results-spielersuche,https://s3.chess-results.com/tnr1335516.aspx?lan=1&art=9&snr=119,SpielerSuche FIDE 8671486 tnr1335516 CJK name column
8671494,韩珦菀,,,"韩珦菀,|2025年全国国际象棋青少年锦标赛(个人)暨第30届'李成智",1110338,chess-results-spielersuche,https://s3.chess-results.com/tnr1110338.aspx?lan=1&art=9&snr=23,SpielerSuche FIDE 8671494 tnr1110338 CJK name column
8671508,李晨曦,,,"李晨曦,|2025年全国国际象棋青少年锦标赛(个人)暨第30届'李成智",1110338,chess-results-spielersuche,https://s3.chess-results.com/tnr1110338.aspx?lan=1&art=9&snr=37,SpielerSuche FIDE 8671508 tnr1110338 CJK name column
8671516,徐梓恬,,,"徐梓恬,|2025年全国国际象棋青少年锦标赛(个人)暨第30届'李成智",1110338,chess-results-spielersuche,https://s3.chess-results.com/tnr1110338.aspx?lan=1&art=9&snr=71,SpielerSuche FIDE 8671516 tnr1110338 CJK name column
8671524,胡宸涵,,"Hu, Chenhan",2026年全国国际象棋青少年锦标赛（个人）暨第31届“李成智,1335516,chess-results-spielersuche,https://s3.chess-results.com/tnr1335516.aspx?lan=1&art=9&snr=45,SpielerSuche FIDE 8671524 tnr1335516 CJK name column
8671532,姜妍,,"Jiang, Yan",2026年全国国际象棋青少年锦标赛（个人）暨第31届“李成智,1335516,chess-results-spielersuche,https://s3.chess-results.com/tnr1335516.aspx?lan=1&art=9&snr=51,SpielerSuche FIDE 8671532 tnr1335516 CJK name column
8671540,雷雅涵,,,"雷雅涵,|2025年全国国际象棋青少年锦标赛(个人)暨第30届'李成智",1110338,chess-results-spielersuche,https://s3.chess-results.com/tnr1110338.aspx?lan=1&art=9&snr=35,SpielerSuche FIDE 8671540 tnr1110338 CJK name column
8671559,李佩恩,,"Li, Peien",2026年全国国际象棋青少年锦标赛（个人）暨第31届“李成智,1335516,chess-results-spielersuche,https://s3.chess-results.com/tnr1335516.aspx?lan=1&art=9&snr=57,SpielerSuche FIDE 8671559 tnr1335516 CJK name column
8671567,李小荷,,,"李小荷,|2025年全国国际象棋青少年锦标赛(个人)暨第30届'李成智",1110338,chess-results-spielersuche,https://s3.chess-results.com/tnr1110338.aspx?lan=1&art=9&snr=43,SpielerSuche FIDE 8671567 tnr1110338 CJK name column
8671575,李雨馨,,"Li, Yuxin",2026年全国国际象棋青少年锦标赛（个人）暨第31届“李成智,1335516,chess-results-spielersuche,https://s3.chess-results.com/tnr1335516.aspx?lan=1&art=9&snr=5,SpielerSuche FIDE 8671575 tnr1335516 CJK name column
8671583,李至序,,"Li, Zhixu(Cq)",2026年全国国际象棋青少年锦标赛（个人）暨第31届“李成智,1335531,chess-results-spielersuche,https://s3.chess-results.com/tnr1335531.aspx?lan=1&art=9&snr=21,SpielerSuche FIDE 8671583 tnr1335531 CJK name column
8671591,连心,,,"连心,|【北京】第二届和平杯国际象棋公开赛",1405363,chess-results-spielersuche,https://s3.chess-results.com/tnr1405363.aspx?lan=1&art=9&snr=19,SpielerSuche FIDE 8671591 tnr1405363 CJK name column
8671605,马可儿,,,"马可儿,|2025年全国国际象棋青少年锦标赛(个人)暨第30届'李成智",1110338,chess-results-spielersuche,https://s3.chess-results.com/tnr1110338.aspx?lan=1&art=9&snr=49,SpielerSuche FIDE 8671605 tnr1110338 CJK name column
8671613,马伊墨,,"Ma, Yimo",2026年全国国际象棋青少年锦标赛（个人）暨第31届“李成智,1335516,chess-results-spielersuche,https://s3.chess-results.com/tnr1335516.aspx?lan=1&art=9&snr=69,SpielerSuche FIDE 8671613 tnr1335516 CJK name column
8671621,宁姝萱,,"Ning, Shuxuan",2026年全国国际象棋青少年锦标赛（个人）暨第31届“李成智,1335531,chess-results-spielersuche,https://s3.chess-results.com/tnr1335531.aspx?lan=1&art=9&snr=54,SpielerSuche FIDE 8671621 tnr1335531 CJK name column
8671630,苏暄婷,,"Su, Xuanting",2026年全国国际象棋青少年锦标赛（个人）暨第31届“李成智,1335531,chess-results-spielersuche,https://s3.chess-results.com/tnr1335531.aspx?lan=1&art=9&snr=39,SpielerSuche FIDE 8671630 tnr1335531 CJK name column
8671648,涂淑滢,,"Tu, Shuying",2026年全国国际象棋青少年锦标赛（个人）暨第31届“李成智,1335531,chess-results-spielersuche,https://s3.chess-results.com/tnr1335531.aspx?lan=1&art=9&snr=55,SpielerSuche FIDE 8671648 tnr1335531 CJK name column
8671656,王诗语,,,"王诗语,|2025年全国国际象棋青少年锦标赛(个人)暨第30届'李成智",1110338,chess-results-spielersuche,https://s3.chess-results.com/tnr1110338.aspx?lan=1&art=9&snr=59,SpielerSuche FIDE 8671656 tnr1110338 CJK name column
8671664,王一茉,,,"王一茉,|2025年全国国际象棋青少年锦标赛(个人)暨第30届'李成智",1110338,chess-results-spielersuche,https://s3.chess-results.com/tnr1110338.aspx?lan=1&art=9&snr=61,SpielerSuche FIDE 8671664 tnr1110338 CJK name column
8671672,王怡婷,,,"王怡婷,|2025年全国国际象棋青少年锦标赛(个人)暨第30届'李成智",1110338,chess-results-spielersuche,https://s3.chess-results.com/tnr1110338.aspx?lan=1&art=9&snr=62,SpielerSuche FIDE 8671672 tnr1110338 CJK name column
8671680,王梓妤,,"Wang, Ziyu",2026年全国国际象棋青少年锦标赛（个人）暨第31届“李成智,1335531,chess-results-spielersuche,https://s3.chess-results.com/tnr1335531.aspx?lan=1&art=9&snr=25,SpielerSuche FIDE 8671680 tnr1335531 CJK name column
8671699,温馨悦,,"Wen, Xinyue",2026年全国国际象棋青少年锦标赛（个人）暨第31届“李成智,1335531,chess-results-spielersuche,https://s3.chess-results.com/tnr1335531.aspx?lan=1&art=9&snr=33,SpielerSuche FIDE 8671699 tnr1335531 CJK name column
8671702,吴若熙,,,"吴若熙,|2025年全国国际象棋青少年锦标赛(个人)暨第30届'李成智",1110338,chess-results-spielersuche,https://s3.chess-results.com/tnr1110338.aspx?lan=1&art=9&snr=66,SpielerSuche FIDE 8671702 tnr1110338 CJK name column
8671710,肖聆伊,,"Xiao, Lingyi",2026年全国国际象棋青少年锦标赛（个人）暨第31届“李成智,1335516,chess-results-spielersuche,https://s3.chess-results.com/tnr1335516.aspx?lan=1&art=9&snr=96,SpielerSuche FIDE 8671710 tnr1335516 CJK name column
8671729,杨若研,,,"杨若研,|2025年全国国际象棋青少年锦标赛(个人)暨第30届'李成智",1110338,chess-results-spielersuche,https://s3.chess-results.com/tnr1110338.aspx?lan=1&art=9&snr=72,SpielerSuche FIDE 8671729 tnr1110338 CJK name column
8671737,叶欣蕊,,"Ye, Xinrui",2026年全国国际象棋青少年锦标赛（个人）暨第31届“李成智,1335516,chess-results-spielersuche,https://s3.chess-results.com/tnr1335516.aspx?lan=1&art=9&snr=106,SpielerSuche FIDE 8671737 tnr1335516 CJK name column
8671745,叶子萌,,,"叶子萌,|2025年全国国际象棋青少年锦标赛(个人)暨第30届'李成智",1110338,chess-results-spielersuche,https://s3.chess-results.com/tnr1110338.aspx?lan=1&art=9&snr=77,SpielerSuche FIDE 8671745 tnr1110338 CJK name column
8671753,张攸宁,,"Zhang, Youning",2026年全国国际象棋青少年锦标赛（个人）暨第31届“李成智,1335516,chess-results-spielersuche,https://s3.chess-results.com/tnr1335516.aspx?lan=1&art=9&snr=116,SpielerSuche FIDE 8671753 tnr1335516 CJK name column
8671761,原芮乔,,"Yuan, Ruiqiao",2026年全国国际象棋青少年锦标赛（个人）暨第31届“李成智,1335531,chess-results-spielersuche,https://s3.chess-results.com/tnr1335531.aspx?lan=1&art=9&snr=37,SpielerSuche FIDE 8671761 tnr1335531 CJK name column
8671770,张艺龄,,,"张艺龄,|2025年全国国际象棋青少年锦标赛(个人)暨第30届'李成智",1110338,chess-results-spielersuche,https://s3.chess-results.com/tnr1110338.aspx?lan=1&art=9&snr=83,SpielerSuche FIDE 8671770 tnr1110338 CJK name column
8671788,赵莯凡,,,"赵莯凡,|2025年全国国际象棋青少年锦标赛(个人)暨第30届'李成智",1110338,chess-results-spielersuche,https://s3.chess-results.com/tnr1110338.aspx?lan=1&art=9&snr=88,SpielerSuche FIDE 8671788 tnr1110338 CJK name column
8671796,赵若淇,,"Zhao, Ruoqi",2026年全国国际象棋青少年锦标赛（个人）暨第31届“李成智,1335516,chess-results-spielersuche,https://s3.chess-results.com/tnr1335516.aspx?lan=1&art=9&snr=7,SpielerSuche FIDE 8671796 tnr1335516 CJK name column
8671800,钟梓涵,,,"钟梓涵,|2025年全国国际象棋青少年锦标赛(个人)暨第30届'李成智",1110338,chess-results-spielersuche,https://s3.chess-results.com/tnr1110338.aspx?lan=1&art=9&snr=92,SpielerSuche FIDE 8671800 tnr1110338 CJK name column
8671818,周彦希,,,"周彦希,|2025年全国国际象棋青少年锦标赛(个人)暨第30届'李成智",1110338,chess-results-spielersuche,https://s3.chess-results.com/tnr1110338.aspx?lan=1&art=9&snr=94,SpielerSuche FIDE 8671818 tnr1110338 CJK name column
8671826,赵美茵,,,"赵美茵,|2025年全国国际象棋青少年锦标赛(个人)暨第30届'李成智",1110338,chess-results-spielersuche,https://s3.chess-results.com/tnr1110338.aspx?lan=1&art=9&snr=87,SpielerSuche FIDE 8671826 tnr1110338 CJK name column
8671834,张陈仪,,,"张陈仪,|2025年全国国际象棋青少年锦标赛(个人)暨第30届'李成智",1110338,chess-results-spielersuche,https://s3.chess-results.com/tnr1110338.aspx?lan=1&art=9&snr=82,SpielerSuche FIDE 8671834 tnr1110338 CJK name column
8671842,郝思宁,,"Hao, Sining(BJ)",2026年全国国际象棋青少年锦标赛（个人）暨第31届“李成智,1335529,chess-results-spielersuche,https://s3.chess-results.com/tnr1335529.aspx?lan=1&art=9&snr=119,SpielerSuche FIDE 8671842 tnr1335529 CJK name column
8671850,汪芷萱,,"Wang, Zhixuan(HLJ)",2026年全国国际象棋青少年锦标赛（个人）暨第31届“李成智,1335531,chess-results-spielersuche,https://s3.chess-results.com/tnr1335531.aspx?lan=1&art=9&snr=58,SpielerSuche FIDE 8671850 tnr1335531 CJK name column
8671869,王子逸,,,"王子逸,|2025年全国国际象棋青少年锦标赛(个人)暨第30届'李成智",1110333,chess-results-spielersuche,https://s3.chess-results.com/tnr1110333.aspx?lan=1&art=9&snr=139,SpielerSuche FIDE 8671869 tnr1110333 CJK name column
8671877,吴昕宸,,"Wu, Xinchen(AH)",2026年全国国际象棋青少年锦标赛（个人）暨第31届“李成智,1335529,chess-results-spielersuche,https://s3.chess-results.com/tnr1335529.aspx?lan=1&art=9&snr=93,SpielerSuche FIDE 8671877 tnr1335529 CJK name column
8671966,陈旖安,,,"陈旖安,|2025年全国国际象棋锦标赛（团体）女子组",1163657,chess-results-spielersuche,https://s3.chess-results.com/tnr1163657.aspx?lan=1&art=9&snr=14,SpielerSuche FIDE 8671966 tnr1163657 CJK name column
8671974,汪洵,,"Wang, Xun",2026年全国国际象棋青少年锦标赛（个人）暨第31届“李成智,1335515,chess-results-spielersuche,https://s3.chess-results.com/tnr1335515.aspx?lan=1&art=9&snr=6,SpielerSuche FIDE 8671974 tnr1335515 CJK name column
8671990,王家禾,,"Wang, Jiahe",2026年全国国际象棋青少年锦标赛（个人）暨第31届“李成智,1335529,chess-results-spielersuche,https://s3.chess-results.com/tnr1335529.aspx?lan=1&art=9&snr=80,SpielerSuche FIDE 8671990 tnr1335529 CJK name column
8672105,杨之洲,,"Yang, Zhizhou",2026年全国国际象棋青少年锦标赛（个人）暨第31届“李成智,1335515,chess-results-spielersuche,https://s3.chess-results.com/tnr1335515.aspx?lan=1&art=9&snr=205,SpielerSuche FIDE 8672105 tnr1335515 CJK name column
8672130,"陈博,",,,"陈博,|2025年全国国际象棋棋协大师赛（绍兴站）棋协大师组",1214030,chess-results-spielersuche,https://s3.chess-results.com/tnr1214030.aspx?lan=1&art=9&snr=51,SpielerSuche FIDE 8672130 tnr1214030 CJK name column
8672164,肖乐晗,,"Xiao, Lehan",2026年全国国际象棋青少年锦标赛（个人）暨第31届“李成智,1335515,chess-results-spielersuche,https://s3.chess-results.com/tnr1335515.aspx?lan=1&art=9&snr=33,SpielerSuche FIDE 8672164 tnr1335515 CJK name column
8672440,"邹薇榕,",,,"邹薇榕,|2025年全国国际象棋公开赛（聊城站）",1200704,chess-results-spielersuche,https://s3.chess-results.com/tnr1200704.aspx?lan=1&art=9&snr=150,SpielerSuche FIDE 8672440 tnr1200704 CJK name column
8672458,"吕右洵,",,,"吕右洵,|2025年全国国际象棋公开赛（聊城站）",1200704,chess-results-spielersuche,https://s3.chess-results.com/tnr1200704.aspx?lan=1&art=9&snr=73,SpielerSuche FIDE 8672458 tnr1200704 CJK name column
8672504,"孟克,",,,"孟克,|2025年全国国际象棋锦标赛（团体）男子组",1163659,chess-results-spielersuche,https://s3.chess-results.com/tnr1163659.aspx?lan=1&art=9&snr=11,SpielerSuche FIDE 8672504 tnr1163659 CJK name column
8672512,"陈青泽,",,,"陈青泽,|2025年全国国际象棋锦标赛（团体）男子组",1163659,chess-results-spielersuche,https://s3.chess-results.com/tnr1163659.aspx?lan=1&art=9&snr=83,SpielerSuche FIDE 8672512 tnr1163659 CJK name column
8672601,"高嘉政,",,,"高嘉政,|2025年全国国际象棋成人业余棋王挑战赛总决赛",1303568,chess-results-spielersuche,https://s3.chess-results.com/tnr1303568.aspx?lan=1&art=9&snr=10,SpielerSuche FIDE 8672601 tnr1303568 CJK name column
8672610,"孟祥宇,",,,"孟祥宇,|2025年全国国际象棋锦标赛（团体）男子组",1163659,chess-results-spielersuche,https://s3.chess-results.com/tnr1163659.aspx?lan=1&art=9&snr=85,SpielerSuche FIDE 8672610 tnr1163659 CJK name column
8672636,"李圣宸,",,,"李圣宸,|2025年全国国际象棋锦标赛（团体）男子组",1163659,chess-results-spielersuche,https://s3.chess-results.com/tnr1163659.aspx?lan=1&art=9&snr=88,SpielerSuche FIDE 8672636 tnr1163659 CJK name column
8672644,"涂远垚,",,,"涂远垚,|2025年全国国际象棋锦标赛（团体）男子组",1163659,chess-results-spielersuche,https://s3.chess-results.com/tnr1163659.aspx?lan=1&art=9&snr=87,SpielerSuche FIDE 8672644 tnr1163659 CJK name column
8672709,刘逸之,,"Liu, Yizhi",2026年全国国际象棋青少年锦标赛（个人）暨第31届“李成智,1335510,chess-results-spielersuche,https://s3.chess-results.com/tnr1335510.aspx?lan=1&art=9&snr=3,SpielerSuche FIDE 8672709 tnr1335510 CJK name column
8672733,华奕泽,,"Hua, Yize",2026年全国国际象棋青少年锦标赛（个人）暨第31届“李成智,1335510,chess-results-spielersuche,https://s3.chess-results.com/tnr1335510.aspx?lan=1&art=9&snr=2,SpielerSuche FIDE 8672733 tnr1335510 CJK name column
8672776,袁韵琳,,"Yuan, Yunlin",2026年全国国际象棋青少年锦标赛（个人）暨第31届“李成智,1335514,chess-results-spielersuche,https://s3.chess-results.com/tnr1335514.aspx?lan=1&art=9&snr=3,SpielerSuche FIDE 8672776 tnr1335514 CJK name column
8672806,"仲梓豪,",,,"仲梓豪,|2025年全国国际象棋公开赛（聊城站）",1200704,chess-results-spielersuche,https://s3.chess-results.com/tnr1200704.aspx?lan=1&art=9&snr=147,SpielerSuche FIDE 8672806 tnr1200704 CJK name column
8672814,"李晓鹏,",,,"李晓鹏,|第十五届全国运动会群众比赛国际象棋项目预赛男子个人业余组",1184155,chess-results-spielersuche,https://s3.chess-results.com/tnr1184155.aspx?lan=1&art=9&snr=19,SpielerSuche FIDE 8672814 tnr1184155 CJK name column
8672911,"景俊豪,",,,"景俊豪,|2025重庆“大融城杯”国际象棋公开赛公开组",1210592,chess-results-spielersuche,https://s3.chess-results.com/tnr1210592.aspx?lan=1&art=9&snr=17,SpielerSuche FIDE 8672911 tnr1210592 CJK name column
8672938,梁浩扬,,"Liang, Haoyang",2026年全国国际象棋青少年锦标赛（个人）暨第31届“李成智,1335515,chess-results-spielersuche,https://s3.chess-results.com/tnr1335515.aspx?lan=1&art=9&snr=41,SpielerSuche FIDE 8672938 tnr1335515 CJK name column
8672946,杨知一,,"Yang, Zhiyi",2026年全国国际象棋青少年锦标赛（个人）暨第31届“李成智,1335515,chess-results-spielersuche,https://s3.chess-results.com/tnr1335515.aspx?lan=1&art=9&snr=60,SpielerSuche FIDE 8672946 tnr1335515 CJK name column
8672970,吴一可,,"Wu, Yike",2026年全国国际象棋青少年锦标赛（个人）暨第31届“李成智,1335516,chess-results-spielersuche,https://s3.chess-results.com/tnr1335516.aspx?lan=1&art=9&snr=95,SpielerSuche FIDE 8672970 tnr1335516 CJK name column
8673004,卜希梦,,"Bu, Ximeng",2026年全国国际象棋青少年锦标赛（个人）暨第31届“李成智,1335516,chess-results-spielersuche,https://s3.chess-results.com/tnr1335516.aspx?lan=1&art=9&snr=22,SpielerSuche FIDE 8673004 tnr1335516 CJK name column
8673039,"黄婧熠,",,,"黄婧熠,|2025年中国国际象棋乙级联赛",1229905,chess-results-spielersuche,https://s3.chess-results.com/tnr1229905.aspx?lan=1&art=9&snr=149,SpielerSuche FIDE 8673039 tnr1229905 CJK name column
8673098,陈楠,,"Chen, Nan",2026年全国国际象棋青少年锦标赛（个人）暨第31届“李成智,1335516,chess-results-spielersuche,https://s3.chess-results.com/tnr1335516.aspx?lan=1&art=9&snr=27,SpielerSuche FIDE 8673098 tnr1335516 CJK name column
8673128,"温朗,",,,"温朗,|2026“未来之城”国际象棋友谊赛Rapid",1380970,chess-results-spielersuche,https://s3.chess-results.com/tnr1380970.aspx?lan=1&art=9&snr=26,SpielerSuche FIDE 8673128 tnr1380970 CJK name column
8673136,蓝嘉,,"Lan, Jia",2026年全国国际象棋青少年锦标赛（个人）暨第31届“李成智,1335514,chess-results-spielersuche,https://s3.chess-results.com/tnr1335514.aspx?lan=1&art=9&snr=15,SpielerSuche FIDE 8673136 tnr1335514 CJK name column
8673160,高子芮,,"Gao, Zirui",2026年全国国际象棋青少年锦标赛（个人）暨第31届“李成智,1335516,chess-results-spielersuche,https://s3.chess-results.com/tnr1335516.aspx?lan=1&art=9&snr=41,SpielerSuche FIDE 8673160 tnr1335516 CJK name column
8673195,林泽睿,,"Lin, Zerui",2026年全国国际象棋青少年锦标赛（个人）暨第31届“李成智,1335510,chess-results-spielersuche,https://s3.chess-results.com/tnr1335510.aspx?lan=1&art=9&snr=56,SpielerSuche FIDE 8673195 tnr1335510 CJK name column
8673217,"彭一城,",,,"彭一城,|【北京】第二届和平杯国际象棋公开赛",1405363,chess-results-spielersuche,https://s3.chess-results.com/tnr1405363.aspx?lan=1&art=9&snr=52,SpielerSuche FIDE 8673217 tnr1405363 CJK name column
8673365,叶叡潇,,"Ye, Ruixiao",2026年全国国际象棋青少年锦标赛（个人）暨第31届“李成智,1335529,chess-results-spielersuche,https://s3.chess-results.com/tnr1335529.aspx?lan=1&art=9&snr=66,SpielerSuche FIDE 8673365 tnr1335529 CJK name column
8673381,"曲家禾,",,,"曲家禾,|2025年全国国际象棋公开赛（苏州站）",1250403,chess-results-spielersuche,https://s3.chess-results.com/tnr1250403.aspx?lan=1&art=9&snr=87,SpielerSuche FIDE 8673381 tnr1250403 CJK name column
8673390,王奕同,,"Wang, Yitong",2026年全国国际象棋青少年锦标赛（个人）暨第31届“李成智,1335510,chess-results-spielersuche,https://s3.chess-results.com/tnr1335510.aspx?lan=1&art=9&snr=99,SpielerSuche FIDE 8673390 tnr1335510 CJK name column
8673462,"何梓熔,",,,"何梓熔,|【北京】第二届和平杯国际象棋公开赛",1405363,chess-results-spielersuche,https://s3.chess-results.com/tnr1405363.aspx?lan=1&art=9&snr=36,SpielerSuche FIDE 8673462 tnr1405363 CJK name column
8673608,孔维允,,"Kong, Weiyun",2026年全国国际象棋青少年锦标赛（个人）暨第31届“李成智,1335515,chess-results-spielersuche,https://s3.chess-results.com/tnr1335515.aspx?lan=1&art=9&snr=117,SpielerSuche FIDE 8673608 tnr1335515 CJK name column
8673616,姜楷熙,,"Jiang, Kaixi",2026年全国国际象棋青少年锦标赛（个人）暨第31届“李成智,1335510,chess-results-spielersuche,https://s3.chess-results.com/tnr1335510.aspx?lan=1&art=9&snr=4,SpielerSuche FIDE 8673616 tnr1335510 CJK name column
8673667,周维翰,,"Zhou, Weihan",2026年全国国际象棋青少年锦标赛（个人）暨第31届“李成智,1335510,chess-results-spielersuche,https://s3.chess-results.com/tnr1335510.aspx?lan=1&art=9&snr=149,SpielerSuche FIDE 8673667 tnr1335510 CJK name column
8673683,杜尚,,"Du, Shang",2026年全国国际象棋青少年锦标赛（个人）暨第31届“李成智,1335515,chess-results-spielersuche,https://s3.chess-results.com/tnr1335515.aspx?lan=1&art=9&snr=89,SpielerSuche FIDE 8673683 tnr1335515 CJK name column
8673721,边子彧,,"Bian, Ziyu",2026年全国国际象棋青少年锦标赛（个人）暨第31届“李成智,1335516,chess-results-spielersuche,https://s3.chess-results.com/tnr1335516.aspx?lan=1&art=9&snr=21,SpielerSuche FIDE 8673721 tnr1335516 CJK name column
8673853,金昱忻,,"Jin, Yuxin",2026年全国国际象棋青少年锦标赛（个人）暨第31届“李成智,1335510,chess-results-spielersuche,https://s3.chess-results.com/tnr1335510.aspx?lan=1&art=9&snr=1,SpielerSuche FIDE 8673853 tnr1335510 CJK name column
8673950,黄涣文,,"Huang, Huanwen",2026年全国国际象棋青少年锦标赛（个人）暨第31届“李成智,1335529,chess-results-spielersuche,https://s3.chess-results.com/tnr1335529.aspx?lan=1&art=9&snr=68,SpielerSuche FIDE 8673950 tnr1335529 CJK name column
8674019,杨舜潆,,"Yang, Shunying",2026年全国国际象棋青少年锦标赛（个人）暨第31届“李成智,1335531,chess-results-spielersuche,https://s3.chess-results.com/tnr1335531.aspx?lan=1&art=9&snr=28,SpielerSuche FIDE 8674019 tnr1335531 CJK name column
8674027,朱宇阳,,"Zhu, Yuyang",2026年全国国际象棋青少年锦标赛（个人）暨第31届“李成智,1335529,chess-results-spielersuche,https://s3.chess-results.com/tnr1335529.aspx?lan=1&art=9&snr=61,SpielerSuche FIDE 8674027 tnr1335529 CJK name column
8674124,龚橴漪萱,,"Gong, Ziyixuan",2026年全国国际象棋青少年锦标赛（个人）暨第31届“李成智,1335514,chess-results-spielersuche,https://s3.chess-results.com/tnr1335514.aspx?lan=1&art=9&snr=4,SpielerSuche FIDE 8674124 tnr1335514 CJK name column
8674140,陈宇轩,,"Chen, Yuxuan(GD)",2026年全国国际象棋青少年锦标赛（个人）暨第31届“李成智,1335529,chess-results-spielersuche,https://s3.chess-results.com/tnr1335529.aspx?lan=1&art=9&snr=13,SpielerSuche FIDE 8674140 tnr1335529 CJK name column
8674191,"刘家齐,",,,"刘家齐,|2025年全国国际象棋公开赛（聊城站）",1200704,chess-results-spielersuche,https://s3.chess-results.com/tnr1200704.aspx?lan=1&art=9&snr=125,SpielerSuche FIDE 8674191 tnr1200704 CJK name column
8674205,"张广宇,",,,"张广宇,|2025年全国国际象棋公开赛（聊城站）",1200704,chess-results-spielersuche,https://s3.chess-results.com/tnr1200704.aspx?lan=1&art=9&snr=145,SpielerSuche FIDE 8674205 tnr1200704 CJK name column
8674256,"时睿谦,",,,"时睿谦,|2025年全国国际象棋公开赛（聊城站）",1200704,chess-results-spielersuche,https://s3.chess-results.com/tnr1200704.aspx?lan=1&art=9&snr=131,SpielerSuche FIDE 8674256 tnr1200704 CJK name column
8674302,王涵,,"Wang, Han",2026年全国国际象棋青少年锦标赛（个人）暨第31届“李成智,1335529,chess-results-spielersuche,https://s3.chess-results.com/tnr1335529.aspx?lan=1&art=9&snr=146,SpielerSuche FIDE 8674302 tnr1335529 CJK name column
8674337,赵伯安,,"Zhao, Boan",2026年全国国际象棋青少年锦标赛（个人）暨第31届“李成智,1335515,chess-results-spielersuche,https://s3.chess-results.com/tnr1335515.aspx?lan=1&art=9&snr=231,SpielerSuche FIDE 8674337 tnr1335515 CJK name column
8674361,"赵为,",,,"赵为,|2025年全国国际象棋棋协大师赛（绍兴站）棋协大师组",1214030,chess-results-spielersuche,https://s3.chess-results.com/tnr1214030.aspx?lan=1&art=9&snr=71,SpielerSuche FIDE 8674361 tnr1214030 CJK name column
8674370,赵殊扬,,"Zhao, Shuyang",2026年全国国际象棋青少年锦标赛（个人）暨第31届“李成智,1335510,chess-results-spielersuche,https://s3.chess-results.com/tnr1335510.aspx?lan=1&art=9&snr=140,SpielerSuche FIDE 8674370 tnr1335510 CJK name column
8674450,"黄沾篱,",,,"黄沾篱,|【北京】第二届和平杯国际象棋公开赛",1405363,chess-results-spielersuche,https://s3.chess-results.com/tnr1405363.aspx?lan=1&art=9&snr=38,SpielerSuche FIDE 8674450 tnr1405363 CJK name column
8674469,"叶沛林,",,,"叶沛林,|2025年全国国际象棋成人业余棋王挑战赛总决赛",1303568,chess-results-spielersuche,https://s3.chess-results.com/tnr1303568.aspx?lan=1&art=9&snr=4,SpielerSuche FIDE 8674469 tnr1303568 CJK name column
8674493,秦祎栋,,,"秦祎栋,|【北京】第二届和平杯国际象棋公开赛",1405363,chess-results-spielersuche,https://s3.chess-results.com/tnr1405363.aspx?lan=1&art=9&snr=31,SpielerSuche FIDE 8674493 tnr1405363 CJK name column
8674531,"丛楚函,",,,"丛楚函,|2025年全国国际象棋公开赛（聊城站）",1200704,chess-results-spielersuche,https://s3.chess-results.com/tnr1200704.aspx?lan=1&art=9&snr=114,SpielerSuche FIDE 8674531 tnr1200704 CJK name column
8674558,李泽瑞,,"Li, Zerui",2026年全国国际象棋青少年锦标赛（个人）暨第31届“李成智,1335510,chess-results-spielersuche,https://s3.chess-results.com/tnr1335510.aspx?lan=1&art=9&snr=7,SpielerSuche FIDE 8674558 tnr1335510 CJK name column
8674566,杨译诚,,"Yang, Yicheng",2026年全国国际象棋青少年锦标赛（个人）暨第31届“李成智,1335515,chess-results-spielersuche,https://s3.chess-results.com/tnr1335515.aspx?lan=1&art=9&snr=49,SpielerSuche FIDE 8674566 tnr1335515 CJK name column
8674574,章正航,,"Zhang, Zhenghang",2026年全国国际象棋青少年锦标赛（个人）暨第31届“李成智,1335515,chess-results-spielersuche,https://s3.chess-results.com/tnr1335515.aspx?lan=1&art=9&snr=53,SpielerSuche FIDE 8674574 tnr1335515 CJK name column
8674582,章正轩,,"Zhang, Zhengxuan",2026年全国国际象棋青少年锦标赛（个人）暨第31届“李成智,1335515,chess-results-spielersuche,https://s3.chess-results.com/tnr1335515.aspx?lan=1&art=9&snr=22,SpielerSuche FIDE 8674582 tnr1335515 CJK name column
8674590,张宁皓,,"Zhang, Ninghao",2026年全国国际象棋青少年锦标赛（个人）暨第31届“李成智,1335515,chess-results-spielersuche,https://s3.chess-results.com/tnr1335515.aspx?lan=1&art=9&snr=57,SpielerSuche FIDE 8674590 tnr1335515 CJK name column
8674604,朱奕淳,,"Zhu, Yichun",2026年全国国际象棋青少年锦标赛（个人）暨第31届“李成智,1335516,chess-results-spielersuche,https://s3.chess-results.com/tnr1335516.aspx?lan=1&art=9&snr=131,SpielerSuche FIDE 8674604 tnr1335516 CJK name column
8674639,高林逸,,"Gao, Linyi",2026年全国国际象棋青少年锦标赛（个人）暨第31届“李成智,1335510,chess-results-spielersuche,https://s3.chess-results.com/tnr1335510.aspx?lan=1&art=9&snr=25,SpielerSuche FIDE 8674639 tnr1335510 CJK name column
8674736,许树本,,"Xu, Shuben",2026年全国国际象棋青少年锦标赛（个人）暨第31届“李成智,1335515,chess-results-spielersuche,https://s3.chess-results.com/tnr1335515.aspx?lan=1&art=9&snr=40,SpielerSuche FIDE 8674736 tnr1335515 CJK name column
8674744,"余泽洋,",,,"余泽洋,|2025年全国国际象棋公开赛（苏州站）",1250403,chess-results-spielersuche,https://s3.chess-results.com/tnr1250403.aspx?lan=1&art=9&snr=47,SpielerSuche FIDE 8674744 tnr1250403 CJK name column
8674752,"李俊逸,",,,"李俊逸,|【北京】第二届和平杯国际象棋公开赛",1405363,chess-results-spielersuche,https://s3.chess-results.com/tnr1405363.aspx?lan=1&art=9&snr=29,SpielerSuche FIDE 8674752 tnr1405363 CJK name column
8674795,钟均睿,,"Zhong, Junrui",2026年全国国际象棋青少年锦标赛（个人）暨第31届“李成智,1335510,chess-results-spielersuche,https://s3.chess-results.com/tnr1335510.aspx?lan=1&art=9&snr=146,SpielerSuche FIDE 8674795 tnr1335510 CJK name column
8674906,孟令一,,"Meng, Lingyi",2026年全国国际象棋青少年锦标赛（个人）暨第31届“李成智,1335515,chess-results-spielersuche,https://s3.chess-results.com/tnr1335515.aspx?lan=1&art=9&snr=56,SpielerSuche FIDE 8674906 tnr1335515 CJK name column
8674990,"王恒硕,",,,"王恒硕,|2025年全国国际象棋棋协大师赛（绍兴站）棋协大师组",1214030,chess-results-spielersuche,https://s3.chess-results.com/tnr1214030.aspx?lan=1&art=9&snr=65,SpielerSuche FIDE 8674990 tnr1214030 CJK name column
8675007,"朱思齐,",,,"朱思齐,|2025年全国国际象棋公开赛（聊城站）",1200704,chess-results-spielersuche,https://s3.chess-results.com/tnr1200704.aspx?lan=1&art=9&snr=148,SpielerSuche FIDE 8675007 tnr1200704 CJK name column
8675023,刘瀚文,,"Liu, Hanwen",2026年全国国际象棋青少年锦标赛（个人）暨第31届“李成智,1335510,chess-results-spielersuche,https://s3.chess-results.com/tnr1335510.aspx?lan=1&art=9&snr=58,SpielerSuche FIDE 8675023 tnr1335510 CJK name column
8675058,于泽梵,,"Yu, Zefan",2026年全国国际象棋青少年锦标赛（个人）暨第31届“李成智,1335529,chess-results-spielersuche,https://s3.chess-results.com/tnr1335529.aspx?lan=1&art=9&snr=88,SpielerSuche FIDE 8675058 tnr1335529 CJK name column
8675180,马一航,,"Ma, Yihang",2026年全国国际象棋青少年锦标赛（个人）暨第31届“李成智,1335515,chess-results-spielersuche,https://s3.chess-results.com/tnr1335515.aspx?lan=1&art=9&snr=48,SpielerSuche FIDE 8675180 tnr1335515 CJK name column
8675201,邱泽曦,,"Qiu, Zexi",2026年全国国际象棋青少年锦标赛（个人）暨第31届“李成智,1335529,chess-results-spielersuche,https://s3.chess-results.com/tnr1335529.aspx?lan=1&art=9&snr=20,SpielerSuche FIDE 8675201 tnr1335529 CJK name column
8675287,苏桃瑶,,"Su, Taoyao",2026年全国国际象棋青少年锦标赛（个人）暨第31届“李成智,1335516,chess-results-spielersuche,https://s3.chess-results.com/tnr1335516.aspx?lan=1&art=9&snr=18,SpielerSuche FIDE 8675287 tnr1335516 CJK name column
8675333,裴姵绮,,"Pei, Peiqi",2026年全国国际象棋青少年锦标赛（个人）暨第31届“李成智,1335516,chess-results-spielersuche,https://s3.chess-results.com/tnr1335516.aspx?lan=1&art=9&snr=73,SpielerSuche FIDE 8675333 tnr1335516 CJK name column
8675490,"宋元明,",,,"宋元明,|2025年中国国际象棋乙级联赛",1229905,chess-results-spielersuche,https://s3.chess-results.com/tnr1229905.aspx?lan=1&art=9&snr=106,SpielerSuche FIDE 8675490 tnr1229905 CJK name column
8675520,周家琛,,"Zhou, Jiachen",2026年全国国际象棋青少年锦标赛（个人）暨第31届“李成智,1335510,chess-results-spielersuche,https://s3.chess-results.com/tnr1335510.aspx?lan=1&art=9&snr=147,SpielerSuche FIDE 8675520 tnr1335510 CJK name column
8675619,"刘俊程,",,,"刘俊程,|2025年全国国际象棋棋协大师赛（绍兴站）棋协大师组",1214030,chess-results-spielersuche,https://s3.chess-results.com/tnr1214030.aspx?lan=1&art=9&snr=60,SpielerSuche FIDE 8675619 tnr1214030 CJK name column
8675651,"孙静娴,",,,"孙静娴,|2025年中国国际象棋乙级联赛",1229905,chess-results-spielersuche,https://s3.chess-results.com/tnr1229905.aspx?lan=1&art=9&snr=104,SpielerSuche FIDE 8675651 tnr1229905 CJK name column
8675708,"周源琳,",,,"周源琳,|2025重庆“大融城杯”国际象棋公开赛公开组",1210592,chess-results-spielersuche,https://s3.chess-results.com/tnr1210592.aspx?lan=1&art=9&snr=22,SpielerSuche FIDE 8675708 tnr1210592 CJK name column
8675783,"许耀龙,",,,"许耀龙,|2025年全国国际象棋公开赛（聊城站）",1200704,chess-results-spielersuche,https://s3.chess-results.com/tnr1200704.aspx?lan=1&art=9&snr=141,SpielerSuche FIDE 8675783 tnr1200704 CJK name column
8675910,王金瑞,,"Wang, Jinrui",2026年全国国际象棋青少年锦标赛（个人）暨第31届“李成智,1335515,chess-results-spielersuche,https://s3.chess-results.com/tnr1335515.aspx?lan=1&art=9&snr=61,SpielerSuche FIDE 8675910 tnr1335515 CJK name column
8675961,吴彦辰,,"Wu, Yanchen",2026年全国国际象棋青少年锦标赛（个人）暨第31届“李成智,1335529,chess-results-spielersuche,https://s3.chess-results.com/tnr1335529.aspx?lan=1&art=9&snr=23,SpielerSuche FIDE 8675961 tnr1335529 CJK name column
8676070,马瑞泽,,"Ma, Ruize",2026年全国国际象棋青少年锦标赛（个人）暨第31届“李成智,1335510,chess-results-spielersuche,https://s3.chess-results.com/tnr1335510.aspx?lan=1&art=9&snr=67,SpielerSuche FIDE 8676070 tnr1335510 CJK name column
8676097,王怡昕,,"Wang, Yixin(AH)",2026年全国国际象棋青少年锦标赛（个人）暨第31届“李成智,1335516,chess-results-spielersuche,https://s3.chess-results.com/tnr1335516.aspx?lan=1&art=9&snr=93,SpielerSuche FIDE 8676097 tnr1335516 CJK name column
8676461,赵耀,,"Zhao, Yao",2026年全国国际象棋青少年锦标赛（个人）暨第31届“李成智,1335515,chess-results-spielersuche,https://s3.chess-results.com/tnr1335515.aspx?lan=1&art=9&snr=45,SpielerSuche FIDE 8676461 tnr1335515 CJK name column
8676542,朱曜承,,"Zhu, Yaocheng",2026年全国国际象棋青少年锦标赛（个人）暨第31届“李成智,1335510,chess-results-spielersuche,https://s3.chess-results.com/tnr1335510.aspx?lan=1&art=9&snr=150,SpielerSuche FIDE 8676542 tnr1335510 CJK name column
8676550,邱天宇,,"Qiu, Tianyu",2026年全国国际象棋青少年锦标赛（个人）暨第31届“李成智,1335529,chess-results-spielersuche,https://s3.chess-results.com/tnr1335529.aspx?lan=1&art=9&snr=58,SpielerSuche FIDE 8676550 tnr1335529 CJK name column
8676569,"夏熙和,",,,"夏熙和,|2026年深圳市国际象棋棋协大师公开赛",1333506,chess-results-spielersuche,https://s3.chess-results.com/tnr1333506.aspx?lan=1&art=9&snr=48,SpielerSuche FIDE 8676569 tnr1333506 CJK name column
8676577,王顺恺,,"Wang, Shunkai",2026年全国国际象棋青少年锦标赛（个人）暨第31届“李成智,1335515,chess-results-spielersuche,https://s3.chess-results.com/tnr1335515.aspx?lan=1&art=9&snr=31,SpielerSuche FIDE 8676577 tnr1335515 CJK name column
8676631,王晨骁,,"Wang, Chenxiao",2026年全国国际象棋青少年锦标赛（个人）暨第31届“李成智,1335529,chess-results-spielersuche,https://s3.chess-results.com/tnr1335529.aspx?lan=1&art=9&snr=145,SpielerSuche FIDE 8676631 tnr1335529 CJK name column
8676666,沈少荃,,"Shen, Shaoquan",2026年全国国际象棋青少年锦标赛（个人）暨第31届“李成智,1335510,chess-results-spielersuche,https://s3.chess-results.com/tnr1335510.aspx?lan=1&art=9&snr=76,SpielerSuche FIDE 8676666 tnr1335510 CJK name column
8676674,彭珹,,"Peng, Cheng",2026年全国国际象棋青少年锦标赛（个人）暨第31届“李成智,1335516,chess-results-spielersuche,https://s3.chess-results.com/tnr1335516.aspx?lan=1&art=9&snr=74,SpielerSuche FIDE 8676674 tnr1335516 CJK name column
8676720,"丁诗萱,",,,"丁诗萱,|2026年深圳市国际象棋棋协大师公开赛",1333506,chess-results-spielersuche,https://s3.chess-results.com/tnr1333506.aspx?lan=1&art=9&snr=8,SpielerSuche FIDE 8676720 tnr1333506 CJK name column
8676747,"徐启瑞,",,,"徐启瑞,|2025年全国国际象棋公开赛（聊城站）",1200704,chess-results-spielersuche,https://s3.chess-results.com/tnr1200704.aspx?lan=1&art=9&snr=140,SpielerSuche FIDE 8676747 tnr1200704 CJK name column
8676763,李铭锴,,"Li, Mingkai",2026年全国国际象棋青少年锦标赛（个人）暨第31届“李成智,1335515,chess-results-spielersuche,https://s3.chess-results.com/tnr1335515.aspx?lan=1&art=9&snr=51,SpielerSuche FIDE 8676763 tnr1335515 CJK name column
8676852,李仕诚,,"Li, Shicheng",2026年全国国际象棋青少年锦标赛（个人）暨第31届“李成智,1335529,chess-results-spielersuche,https://s3.chess-results.com/tnr1335529.aspx?lan=1&art=9&snr=32,SpielerSuche FIDE 8676852 tnr1335529 CJK name column
8676860,赵佑祺,,"Zhao, Youqi(Ln)",2026年全国国际象棋青少年锦标赛（个人）暨第31届“李成智,1335510,chess-results-spielersuche,https://s3.chess-results.com/tnr1335510.aspx?lan=1&art=9&snr=6,SpielerSuche FIDE 8676860 tnr1335510 CJK name column
8676895,党艺涵,,"Dang, Yihan",2026年全国国际象棋青少年锦标赛（个人）暨第31届“李成智,1335516,chess-results-spielersuche,https://s3.chess-results.com/tnr1335516.aspx?lan=1&art=9&snr=9,SpielerSuche FIDE 8676895 tnr1335516 CJK name column
8676909,"刘铭浩,",,,"刘铭浩,|2025年全国国际象棋公开赛（聊城站）",1200704,chess-results-spielersuche,https://s3.chess-results.com/tnr1200704.aspx?lan=1&art=9&snr=126,SpielerSuche FIDE 8676909 tnr1200704 CJK name column
8676917,刘伟宸,,"Liu, Weichen",2026年全国国际象棋青少年锦标赛（个人）暨第31届“李成智,1335529,chess-results-spielersuche,https://s3.chess-results.com/tnr1335529.aspx?lan=1&art=9&snr=24,SpielerSuche FIDE 8676917 tnr1335529 CJK name column
8676925,"刘张晟睿,",,,"刘张晟睿,|2025年全国国际象棋公开赛（聊城站）",1200704,chess-results-spielersuche,https://s3.chess-results.com/tnr1200704.aspx?lan=1&art=9&snr=128,SpielerSuche FIDE 8676925 tnr1200704 CJK name column
8676941,"王世嘉,",,,"王世嘉,|2025年全国国际象棋公开赛（聊城站）",1200704,chess-results-spielersuche,https://s3.chess-results.com/tnr1200704.aspx?lan=1&art=9&snr=135,SpielerSuche FIDE 8676941 tnr1200704 CJK name column
8676950,王学喆,,"Wang, Xuezhe",2026年全国国际象棋青少年锦标赛（个人）暨第31届“李成智,1335529,chess-results-spielersuche,https://s3.chess-results.com/tnr1335529.aspx?lan=1&art=9&snr=76,SpielerSuche FIDE 8676950 tnr1335529 CJK name column
8676968,"杨中睿,",,,"杨中睿,|2025年全国国际象棋公开赛（聊城站）",1200704,chess-results-spielersuche,https://s3.chess-results.com/tnr1200704.aspx?lan=1&art=9&snr=142,SpielerSuche FIDE 8676968 tnr1200704 CJK name column
8677077,"胡荌迪,",,,"胡荌迪,|2025年全国国际象棋公开赛（聊城站）",1200704,chess-results-spielersuche,https://s3.chess-results.com/tnr1200704.aspx?lan=1&art=9&snr=119,SpielerSuche FIDE 8677077 tnr1200704 CJK name column
8677085,"姜衍泽,",,,"姜衍泽,|2025年全国国际象棋公开赛（聊城站）",1200704,chess-results-spielersuche,https://s3.chess-results.com/tnr1200704.aspx?lan=1&art=9&snr=121,SpielerSuche FIDE 8677085 tnr1200704 CJK name column
8677093,"马洪林,",,,"马洪林,|2025年全国国际象棋公开赛（聊城站）",1200704,chess-results-spielersuche,https://s3.chess-results.com/tnr1200704.aspx?lan=1&art=9&snr=129,SpielerSuche FIDE 8677093 tnr1200704 CJK name column
8677131,王睿泽,,"Wang, Ruize",2026年全国国际象棋青少年锦标赛（个人）暨第31届“李成智,1335529,chess-results-spielersuche,https://s3.chess-results.com/tnr1335529.aspx?lan=1&art=9&snr=149,SpielerSuche FIDE 8677131 tnr1335529 CJK name column
8677247,许文昱,,"Xu, Wenyu",2026年全国国际象棋青少年锦标赛（个人）暨第31届“李成智,1335510,chess-results-spielersuche,https://s3.chess-results.com/tnr1335510.aspx?lan=1&art=9&snr=114,SpielerSuche FIDE 8677247 tnr1335510 CJK name column
8677298,张路兮,,"Zhang, Luxi",2026年全国国际象棋青少年锦标赛（个人）暨第31届“李成智,1335516,chess-results-spielersuche,https://s3.chess-results.com/tnr1335516.aspx?lan=1&art=9&snr=112,SpielerSuche FIDE 8677298 tnr1335516 CJK name column
8677352,刘逸馨,,"Liu, Yixin",2026年全国国际象棋青少年锦标赛（个人）暨第31届“李成智,1335516,chess-results-spielersuche,https://s3.chess-results.com/tnr1335516.aspx?lan=1&art=9&snr=14,SpielerSuche FIDE 8677352 tnr1335516 CJK name column
8677417,武文修,,"Wu, Wenxiu",2026年全国国际象棋青少年锦标赛（个人）暨第31届“李成智,1335515,chess-results-spielersuche,https://s3.chess-results.com/tnr1335515.aspx?lan=1&art=9&snr=186,SpielerSuche FIDE 8677417 tnr1335515 CJK name column
8677492,柴嘉睿,,"Chai, Jiarui(HZ)",2026年全国国际象棋青少年锦标赛（个人）暨第31届“李成智,1335529,chess-results-spielersuche,https://s3.chess-results.com/tnr1335529.aspx?lan=1&art=9&snr=106,SpielerSuche FIDE 8677492 tnr1335529 CJK name column
8677581,王书朗,,"Wang, Shulang",2026“未来之城”国际象棋友谊赛Team Match,1382346,chess-results-spielersuche,https://s3.chess-results.com/tnr1382346.aspx?lan=1&art=9&snr=7,SpielerSuche FIDE 8677581 tnr1382346 CJK name column
8677603,章轩鹏,,"Zhang, Xuanpeng",2026年全国国际象棋青少年锦标赛（个人）暨第31届“李成智,1335515,chess-results-spielersuche,https://s3.chess-results.com/tnr1335515.aspx?lan=1&art=9&snr=46,SpielerSuche FIDE 8677603 tnr1335515 CJK name column
8677620,龙奕安,,"Long, Yian",2026“未来之城”国际象棋友谊赛Team Match,1382346,chess-results-spielersuche,https://s3.chess-results.com/tnr1382346.aspx?lan=1&art=9&snr=9,SpielerSuche FIDE 8677620 tnr1382346 CJK name column
8677654,"曲晓雯,",,,"曲晓雯,|第十五届全国运动会群众比赛国际象棋项目决赛女子个人业余组循环",1245064,chess-results-spielersuche,https://s3.chess-results.com/tnr1245064.aspx?lan=1&art=9&snr=2,SpielerSuche FIDE 8677654 tnr1245064 CJK name column
8677719,"邓意宣,",,,"邓意宣,|2025年中国国际象棋乙级联赛",1229905,chess-results-spielersuche,https://s3.chess-results.com/tnr1229905.aspx?lan=1&art=9&snr=135,SpielerSuche FIDE 8677719 tnr1229905 CJK name column
8677743,刘礼墨,,"Liu, Limo",2026年全国国际象棋青少年锦标赛（个人）暨第31届“李成智,1335529,chess-results-spielersuche,https://s3.chess-results.com/tnr1335529.aspx?lan=1&art=9&snr=133,SpielerSuche FIDE 8677743 tnr1335529 CJK name column
8677786,俱一珊,,"Ju, Yishan",2026年全国国际象棋青少年锦标赛（个人）暨第31届“李成智,1335531,chess-results-spielersuche,https://s3.chess-results.com/tnr1335531.aspx?lan=1&art=9&snr=48,SpielerSuche FIDE 8677786 tnr1335531 CJK name column
8677794,余宵曈,,"Yu, Xiaotong",2026年全国国际象棋青少年锦标赛（个人）暨第31届“李成智,1335510,chess-results-spielersuche,https://s3.chess-results.com/tnr1335510.aspx?lan=1&art=9&snr=127,SpielerSuche FIDE 8677794 tnr1335510 CJK name column
8677808,"杨昊燊,",,,"杨昊燊,|2025年中国国际象棋乙级联赛",1229905,chess-results-spielersuche,https://s3.chess-results.com/tnr1229905.aspx?lan=1&art=9&snr=71,SpielerSuche FIDE 8677808 tnr1229905 CJK name column
8677816,徐哲洋,,"Xu, Zheyang",2026年全国国际象棋青少年锦标赛（个人）暨第31届“李成智,1335510,chess-results-spielersuche,https://s3.chess-results.com/tnr1335510.aspx?lan=1&art=9&snr=116,SpielerSuche FIDE 8677816 tnr1335510 CJK name column
8677891,"叶雪冰,",,,"叶雪冰,|2025年全国国际象棋棋协大师赛（绍兴站）棋协大师组",1214030,chess-results-spielersuche,https://s3.chess-results.com/tnr1214030.aspx?lan=1&art=9&snr=67,SpielerSuche FIDE 8677891 tnr1214030 CJK name column
8677905,"黄栎焕,",,,"黄栎焕,|2025年全国国际象棋棋协大师赛（绍兴站）棋协大师组",1214030,chess-results-spielersuche,https://s3.chess-results.com/tnr1214030.aspx?lan=1&art=9&snr=55,SpielerSuche FIDE 8677905 tnr1214030 CJK name column
8677921,马彧之,,"Ma, Yuzhi",2026年全国国际象棋青少年锦标赛（个人）暨第31届“李成智,1335515,chess-results-spielersuche,https://s3.chess-results.com/tnr1335515.aspx?lan=1&art=9&snr=20,SpielerSuche FIDE 8677921 tnr1335515 CJK name column
8677980,"刘峻江,",,,"刘峻江,|2025年中国国际象棋乙级联赛",1229905,chess-results-spielersuche,https://s3.chess-results.com/tnr1229905.aspx?lan=1&art=9&snr=102,SpielerSuche FIDE 8677980 tnr1229905 CJK name column
8678006,王宣贺,,"Wang, Xuanhe",2026年全国国际象棋青少年锦标赛（个人）暨第31届“李成智,1335529,chess-results-spielersuche,https://s3.chess-results.com/tnr1335529.aspx?lan=1&art=9&snr=150,SpielerSuche FIDE 8678006 tnr1335529 CJK name column
8678090,张睿科,,"Zhang, Ruike",2026年全国国际象棋青少年锦标赛（个人）暨第31届“李成智,1335510,chess-results-spielersuche,https://s3.chess-results.com/tnr1335510.aspx?lan=1&art=9&snr=131,SpielerSuche FIDE 8678090 tnr1335510 CJK name column
8678138,李言蹊,,"Li, Yanxi(SH)",2026年全国国际象棋青少年锦标赛（个人）暨第31届“李成智,1335515,chess-results-spielersuche,https://s3.chess-results.com/tnr1335515.aspx?lan=1&art=9&snr=128,SpielerSuche FIDE 8678138 tnr1335515 CJK name column
8678316,张铮杰,,"Zhang, ZhengJie",2026年全国国际象棋青少年锦标赛（个人）暨第31届“李成智,1335529,chess-results-spielersuche,https://s3.chess-results.com/tnr1335529.aspx?lan=1&art=9&snr=170,SpielerSuche FIDE 8678316 tnr1335529 CJK name column
8678324,张韵涵,,"Zhang, Yunhan",2026年全国国际象棋青少年锦标赛（个人）暨第31届“李成智,1335516,chess-results-spielersuche,https://s3.chess-results.com/tnr1335516.aspx?lan=1&art=9&snr=118,SpielerSuche FIDE 8678324 tnr1335516 CJK name column
8678391,"张念苒,",,,"张念苒,|【北京】第二届和平杯国际象棋公开赛",1405363,chess-results-spielersuche,https://s3.chess-results.com/tnr1405363.aspx?lan=1&art=9&snr=66,SpielerSuche FIDE 8678391 tnr1405363 CJK name column
8678430,叶芷涵,,"Ye, Zhihan",2026年全国国际象棋青少年锦标赛（个人）暨第31届“李成智,1335514,chess-results-spielersuche,https://s3.chess-results.com/tnr1335514.aspx?lan=1&art=9&snr=42,SpielerSuche FIDE 8678430 tnr1335514 CJK name column
8678472,姚静雅,,"Yao, Jingya",2026年全国国际象棋青少年锦标赛（个人）暨第31届“李成智,1335514,chess-results-spielersuche,https://s3.chess-results.com/tnr1335514.aspx?lan=1&art=9&snr=40,SpielerSuche FIDE 8678472 tnr1335514 CJK name column
8678529,薛静为,,"Xue, Jingwei",2026年全国国际象棋青少年锦标赛（个人）暨第31届“李成智,1335514,chess-results-spielersuche,https://s3.chess-results.com/tnr1335514.aspx?lan=1&art=9&snr=1,SpielerSuche FIDE 8678529 tnr1335514 CJK name column
8678537,薛佳瑛,,"Xue, Jiaying",2026年全国国际象棋青少年锦标赛（个人）暨第31届“李成智,1335516,chess-results-spielersuche,https://s3.chess-results.com/tnr1335516.aspx?lan=1&art=9&snr=102,SpielerSuche FIDE 8678537 tnr1335516 CJK name column
8678553,须王锐,,"Xu, Wangrui",2026年全国国际象棋青少年锦标赛（个人）暨第31届“李成智,1335515,chess-results-spielersuche,https://s3.chess-results.com/tnr1335515.aspx?lan=1&art=9&snr=198,SpielerSuche FIDE 8678553 tnr1335515 CJK name column
8678570,吴振博,,"Wu, Zhenbo",2026年全国国际象棋青少年锦标赛（个人）暨第31届“李成智,1335510,chess-results-spielersuche,https://s3.chess-results.com/tnr1335510.aspx?lan=1&art=9&snr=110,SpielerSuche FIDE 8678570 tnr1335510 CJK name column
8678596,阿以诺,,"A, Yinuo",2026年全国国际象棋青少年锦标赛（个人）暨第31届“李成智,1335514,chess-results-spielersuche,https://s3.chess-results.com/tnr1335514.aspx?lan=1&art=9&snr=5,SpielerSuche FIDE 8678596 tnr1335514 CJK name column
8678677,陈芊语,,"Chen, Qianyu",2026年全国国际象棋青少年锦标赛（个人）暨第31届“李成智,1335516,chess-results-spielersuche,https://s3.chess-results.com/tnr1335516.aspx?lan=1&art=9&snr=28,SpielerSuche FIDE 8678677 tnr1335516 CJK name column
8678685,陈阳,,"Chen, Yang(JS)",2026年全国国际象棋青少年锦标赛（个人）暨第31届“李成智,1335510,chess-results-spielersuche,https://s3.chess-results.com/tnr1335510.aspx?lan=1&art=9&snr=18,SpielerSuche FIDE 8678685 tnr1335510 CJK name column
8678758,崔书颜,,"Cui, Shuyan",2026年全国国际象棋青少年锦标赛（个人）暨第31届“李成智,1335516,chess-results-spielersuche,https://s3.chess-results.com/tnr1335516.aspx?lan=1&art=9&snr=34,SpielerSuche FIDE 8678758 tnr1335516 CJK name column
8678782,戴正泽,,"Dai, Zhengze",2026年全国国际象棋青少年锦标赛（个人）暨第31届“李成智,1335515,chess-results-spielersuche,https://s3.chess-results.com/tnr1335515.aspx?lan=1&art=9&snr=82,SpielerSuche FIDE 8678782 tnr1335515 CJK name column
8678804,东野仲轩,,"Dong, Yezhongxuan",2026年全国国际象棋青少年锦标赛（个人）暨第31届“李成智,1335515,chess-results-spielersuche,https://s3.chess-results.com/tnr1335515.aspx?lan=1&art=9&snr=87,SpielerSuche FIDE 8678804 tnr1335515 CJK name column
8678871,王诗雅,,"Wang, Shiya",2026年全国国际象棋青少年锦标赛（个人）暨第31届“李成智,1335516,chess-results-spielersuche,https://s3.chess-results.com/tnr1335516.aspx?lan=1&art=9&snr=90,SpielerSuche FIDE 8678871 tnr1335516 CJK name column
8678928,陶羽轩,,"Tao, Yuxuan",2026年全国国际象棋青少年锦标赛（个人）暨第31届“李成智,1335515,chess-results-spielersuche,https://s3.chess-results.com/tnr1335515.aspx?lan=1&art=9&snr=174,SpielerSuche FIDE 8678928 tnr1335515 CJK name column
8678960,葛桐语,,"Ge, Tongyu",2026年全国国际象棋青少年锦标赛（个人）暨第31届“李成智,1335516,chess-results-spielersuche,https://s3.chess-results.com/tnr1335516.aspx?lan=1&art=9&snr=42,SpielerSuche FIDE 8678960 tnr1335516 CJK name column
8678995,郭翼乐,,"Guo, Yile",2026年全国国际象棋青少年锦标赛（个人）暨第31届“李成智,1335515,chess-results-spielersuche,https://s3.chess-results.com/tnr1335515.aspx?lan=1&art=9&snr=98,SpielerSuche FIDE 8678995 tnr1335515 CJK name column
8679037,何承隽,,"He, Chengjun",2026年全国国际象棋青少年锦标赛（个人）暨第31届“李成智,1335529,chess-results-spielersuche,https://s3.chess-results.com/tnr1335529.aspx?lan=1&art=9&snr=102,SpielerSuche FIDE 8679037 tnr1335529 CJK name column
8679045,何绍扬,,"He, Shaoyang",2026年全国国际象棋青少年锦标赛（个人）暨第31届“李成智,1335510,chess-results-spielersuche,https://s3.chess-results.com/tnr1335510.aspx?lan=1&art=9&snr=31,SpielerSuche FIDE 8679045 tnr1335510 CJK name column
8679070,何思源,,"He, Siyuan",2026年全国国际象棋青少年锦标赛（个人）暨第31届“李成智,1335510,chess-results-spielersuche,https://s3.chess-results.com/tnr1335510.aspx?lan=1&art=9&snr=32,SpielerSuche FIDE 8679070 tnr1335510 CJK name column
8679100,贾鑫泽,,"Jia, Xinze",2026年全国国际象棋青少年锦标赛（个人）暨第31届“李成智,1335529,chess-results-spielersuche,https://s3.chess-results.com/tnr1335529.aspx?lan=1&art=9&snr=124,SpielerSuche FIDE 8679100 tnr1335529 CJK name column
8679150,康悦辕,,"Kang, Yueyuan",2026年全国国际象棋青少年锦标赛（个人）暨第31届“李成智,1335515,chess-results-spielersuche,https://s3.chess-results.com/tnr1335515.aspx?lan=1&art=9&snr=116,SpielerSuche FIDE 8679150 tnr1335515 CJK name column
8679215,司马辰,,"Sima, Chen",2026年全国国际象棋青少年锦标赛（个人）暨第31届“李成智,1335529,chess-results-spielersuche,https://s3.chess-results.com/tnr1335529.aspx?lan=1&art=9&snr=139,SpielerSuche FIDE 8679215 tnr1335529 CJK name column
8679223,匡普乐,,"Kuang, Pule",2026年全国国际象棋青少年锦标赛（个人）暨第31届“李成智,1335529,chess-results-spielersuche,https://s3.chess-results.com/tnr1335529.aspx?lan=1&art=9&snr=127,SpielerSuche FIDE 8679223 tnr1335529 CJK name column
8679266,李亦晨,,"Li, Yichen(JS)",2026年全国国际象棋青少年锦标赛（个人）暨第31届“李成智,1335516,chess-results-spielersuche,https://s3.chess-results.com/tnr1335516.aspx?lan=1&art=9&snr=59,SpielerSuche FIDE 8679266 tnr1335516 CJK name column
8679339,乔胤涵,,"Qiao, Yinhan",2026年全国国际象棋青少年锦标赛（个人）暨第31届“李成智,1335515,chess-results-spielersuche,https://s3.chess-results.com/tnr1335515.aspx?lan=1&art=9&snr=14,SpielerSuche FIDE 8679339 tnr1335515 CJK name column
8679355,钱张溢,,"Qian, Zhangyi",2026年全国国际象棋青少年锦标赛（个人）暨第31届“李成智,1335529,chess-results-spielersuche,https://s3.chess-results.com/tnr1335529.aspx?lan=1&art=9&snr=100,SpielerSuche FIDE 8679355 tnr1335529 CJK name column
